,Player,Player.1,Mins,Tackles,Inter,Fouls,Offsides,Clear,Drb,Blocks,Rating,Goals,Assists,SpG,KeyP,Fouled,Off,Disp,UnsTch,AvgP,PS%,Crosses,LongB,ThrB,C_Player,C_Mins,C_Tackles,C_Inter,C_Goals,C_Assists,C_KeyP,C_AvgP,C_PS%,C_Rating,Name,Club,Age,uefa_club,Position,CurrentPts,Pts,posX,posY
0,"447Ahmed MusaLeicester, 29, M(CLR),FW","Ahmed Musa Leicester, 29, M(CLR),FW",755,0.6,0.4,0.6,0,0.1,0.3,0,6.32,2,0,0.8,0.3,0.6,0,0.6,1.1,10.2,68.2,0.2,0.2,0,"Ahmed Musa Leicester, 29, M(CLR),FW",215.0,0.4,0,0,0,0.8,9.0,80.0,6.11,Ahmed Musa,Leicester,23,LEI  Leicester City FC  Leicester,"M(CLR),FW",22.000,22.0,1.0,3.0
1,"440Vincent JanssenTottenham, 27, FW","Vincent Janssen Tottenham, 27, FW",832,0.6,0.1,1.1,0,0.1,0.1,0,6.34,2,2,1.1,0.6,0.9,0.3,1.1,1,8.3,79.6,0,0.2,0,"Vincent Janssen Tottenham, 27, FW",237.0,0.2,0.2,0,0,0.8,12.2,77.0,6.23,Vincent Janssen,Tottenham,21,TOT  Tottenham Hotspur  Tottenham,FW,10.000,62.0,0.0,4.0
2,"430Harry WinksTottenham, 26, DMC","Harry Winks Tottenham, 26, DMC",480,0.5,0.2,0.5,0,0.3,0.4,0.1,6.36,1,1,0.3,0.4,0.5,0,0.2,0,17.4,90.2,0,1.2,0,"Harry Winks Tottenham, 26, DMC",196.0,2,1.3,0,0,0.3,49.5,93.9,6.75,Harry Winks,Tottenham,20,TOT  Tottenham Hotspur  Tottenham,DMC,10.000,62.0,0.0,1.0
3,"407Kelechi IheanachoMan City, 25, AM(C),FW","Kelechi Iheanacho Man City, 25, AM(C),FW",528,0.3,0,0.4,0,0.1,0.2,0,6.4,4,3,1.1,0.7,0.1,0.3,1,1,9.6,76.6,0,0.2,0,"Kelechi Iheanacho Man City, 25, AM(C),FW",103.0,0,0,2,0,0,10.3,80.6,6.75,Kelechi Iheanacho,Man City,19,MC  Manchester City FC  Man. City,"AM(C),FW",18.000,85.0,0.0,3.0
4,"387Moussa SissokoTottenham, 32, M(CR)","Moussa Sissoko Tottenham, 32, M(CR)",903,0.6,0.3,0.8,0,0.4,0.2,0,6.46,0,2,0.7,0.8,0.4,0.1,0.5,0.8,18.1,81.9,0.1,0.4,0,"Moussa Sissoko Tottenham, 32, M(CR)",134.0,1.0,0.3,0,0,0.3,17.3,69.6,6.41,Moussa Sissoko,Tottenham,26,TOT  Tottenham Hotspur  Tottenham,M(CR),10.000,62.0,1.0,2.0
5,"389Demarai GrayLeicester, 25, AM(CLR),FW","Demarai Gray Leicester, 25, AM(CLR),FW",1039,0.6,0.3,0.3,0,0.3,0.2,0,6.45,1,3,0.9,0.6,0.5,0.1,0.6,0.8,10.9,74.8,0.5,0.5,0,"Demarai Gray Leicester, 25, AM(CLR),FW",155.0,0.8,0.2,0,0,0,9.0,64.4,6.14,Demarai Gray,Leicester,19,LEI  Leicester City FC  Leicester,"AM(CLR),FW",22.000,22.0,1.0,3.0
6,"368Daniel AmarteyLeicester, 27, D(CR),DMC","Daniel Amartey Leicester, 27, D(CR),DMC",1666,1.7,1.0,1.3,0,1.4,1.3,0.3,6.51,1,1,0.6,0.6,0.4,0,0.5,0.8,32.7,80.9,0,1.6,0,"Daniel Amartey Leicester, 27, D(CR),DMC",292.0,0.8,0.8,0,0,0.3,15.6,86.4,6.5,Daniel Amartey,Leicester,21,LEI  Leicester City FC  Leicester,"D(CR),DMC",22.000,22.0,0.5,0.5
7,"370Shinji OkazakiLeicester, 36, AM(CLR),FW","Shinji Okazaki Leicester, 36, AM(CLR),FW",1578,1.0,0.4,0.9,0,0.2,1.1,0.1,6.5,3,1,1.0,0.5,1.5,0.1,1.0,1.6,14.6,74.9,0,0.4,0.1,"Shinji Okazaki Leicester, 36, AM(CLR),FW",338.0,0.7,0.3,1,0,0.1,16.0,78.6,6.48,Shinji Okazaki,Leicester,30,LEI  Leicester City FC  Leicester,"AM(CLR),FW",22.000,22.0,1.0,3.0
8,"351Jesús NavasMan City, 36, D(R),M(R)","Jesús Navas Man City, 36, D(R),M(R)",1059,0.8,0.9,0.3,0,0.5,0.5,0,6.53,0,0,0.3,0.8,0.5,0.1,0.4,0.6,24.2,83.5,0.7,1.1,0,"Jesús Navas Man City, 36, D(R),M(R)",228.0,0.4,0.8,0,0,0.8,23.4,89.7,6.55,Jesús Navas,Man City,30,MC  Manchester City FC  Man. City,"D(R),M(R)",18.000,85.0,2.0,1.0
9,"359FernandoMan City, 34, DMC","Fernando Man City, 34, DMC",560,1.4,0.9,0.7,0,2.0,0.6,0,6.52,0,0,0.1,0.2,0.5,0,0.1,0.3,24.9,88.5,0,1.1,0,"Fernando Man City, 34, DMC",138.0,1.8,0.5,0,0,0.3,30.3,95.0,6.38,Fernando,Man City,28,MC  Manchester City FC  Man. City,DMC,18.000,85.0,0.0,1.0
10,"348Mohamed ElnenyArsenal, 29, DMC","Mohamed Elneny Arsenal, 29, DMC",694,1.6,0.5,0.7,0,0.4,0.5,0,6.53,0,1,1.1,0.3,0.4,0,0.4,0,44.0,92.9,0.1,1.5,0,"Mohamed Elneny Arsenal, 29, DMC",81.0,0.2,0.4,0,1,0.2,14.6,97.3,6.28,Mohamed Elneny,Arsenal,23,ARS  Arsenal FC  Arsenal,DMC,19.000,90.0,0.0,1.0
11,"307NolitoMan City, 35, AM(CL)","Nolito Man City, 35, AM(CL)",779,0.8,0.3,0.9,0,0.2,0.7,0,6.59,4,2,1.7,0.7,0.5,0.2,0.7,0.7,20.5,82.1,0.2,0.5,0.1,"Nolito Man City, 35, AM(CL)",224.0,1.5,0,1,1,0.8,20.8,74.7,6.76,Nolito,Man City,29,MC  Manchester City FC  Man. City,AM(CL),18.000,85.0,1.0,2.5
12,"294Andy KingLeicester, 33, M(C)","Andy King Leicester, 33, M(C)",1445,1.7,1.2,0.8,0,1.4,0.9,0.5,6.61,1,0,0.6,0.3,0.7,0,0.4,0.7,28.0,79.2,0.1,1.4,0,"Andy King Leicester, 33, M(C)",233.0,1.3,1.3,0,0,0.5,27.5,77.3,6.73,Andy King,Leicester,27,LEI  Leicester City FC  Leicester,M(C),22.000,22.0,0.0,2.0
13,"270Wes MorganLeicester, 38, D(C)","Wes Morgan Leicester, 38, D(C)",2430,1,2,0.7,0.7,5.2,0.3,0.9,6.66,1,0,0.5,0.1,0.3,0,0.1,0.3,24.2,67.7,0,1.2,0,"Wes Morgan Leicester, 38, D(C)",804.0,0.9,0.8,1,0,0.1,25.4,78.2,6.79,Wes Morgan,Leicester,32,LEI  Leicester City FC  Leicester,D(C),22.000,22.0,0.0,0.0
14,"241Aaron RamseyArsenal, 31, M(CLR)","Aaron Ramsey Arsenal, 31, M(CLR)",1231,0.9,0.5,0.7,0,0.6,1.0,0.1,6.72,1,4,1.8,1,0.9,0.1,1,1,40.0,88.4,0.1,1.1,0.1,"Aaron Ramsey Arsenal, 31, M(CLR)",307.0,3,1,0,1,0.8,56.3,85.8,6.99,Aaron Ramsey,Arsenal,25,ARS  Arsenal FC  Arsenal,M(CLR),19.000,90.0,1.0,2.0
15,"247Ben ChilwellLeicester, 25, D(L),M(L)","Ben Chilwell Leicester, 25, D(L),M(L)",696,1.9,1.9,0.6,0.1,1.3,1.1,0.3,6.69,1,0,0.6,0.2,1.3,0.1,0.3,0.7,25.1,68.8,0.1,1.2,0.2,"Ben Chilwell Leicester, 25, D(L),M(L)",135.0,2.5,2.5,0,0,0.5,21.5,79.1,6.4,Ben Chilwell,Leicester,19,LEI  Leicester City FC  Leicester,"D(L),M(L)",22.000,22.0,2.0,1.0
16,"250Islam SlimaniLeicester, 33, FW","Islam Slimani Leicester, 33, FW",1280,0.5,0.1,1.2,0,0.1,0.7,0.1,6.69,7,4,1.5,0.7,0.6,0.5,0.9,1.6,18.4,70.7,0,0.4,0,"Islam Slimani Leicester, 33, FW",271.0,1.2,0.2,1,1,0.6,16.2,67.9,6.75,Islam Slimani,Leicester,27,LEI  Leicester City FC  Leicester,FW,22.000,22.0,0.0,4.0
17,"231Pablo ZabaletaMan City, 37, D(R),DMC,M(R)","Pablo Zabaleta Man City, 37, D(R),DMC,M(R)",1060,2.1,1.2,0.7,0.2,2.1,0.7,0,6.74,1,1,0.4,0.6,0.8,0.3,0.3,0.4,28.7,82.9,0.1,0.8,0,"Pablo Zabaleta Man City, 37, D(R),DMC,M(R)",445.0,2.5,2,0,0,0.2,38.3,81.3,6.78,Pablo Zabaleta,Man City,31,MC  Manchester City FC  Man. City,"D(R),DMC,M(R)",18.000,85.0,1.3333333333333333,1.0
18,"234Alexander IwobiArsenal, 26, M(CLR)","Alexander Iwobi Arsenal, 26, M(CLR)",1463,0.7,0.3,0.3,0,0.2,0.4,0.2,6.72,3,3,1.5,1,0.5,0.1,1,0.9,34.5,87.5,0.2,0.7,0.1,"Alexander Iwobi Arsenal, 26, M(CLR)",411.0,0.9,0.3,1,0,0.1,32.3,86.7,6.41,Alexander Iwobi,Arsenal,20,ARS  Arsenal FC  Arsenal,M(CLR),19.000,90.0,1.0,2.0
19,"238Danny SimpsonLeicester, 35, D(R)","Danny Simpson Leicester, 35, D(R)",2990,1.4,1.9,1,0.3,4.1,0.4,0.3,6.72,0,2,0.1,0.3,0.3,0.1,0.1,0.4,31.2,69.0,0.3,1.8,0,"Danny Simpson Leicester, 35, D(R)",540.0,1.3,2.3,0,0,0.2,36.8,65.6,6.8,Danny Simpson,Leicester,29,LEI  Leicester City FC  Leicester,D(R),22.000,22.0,2.0,0.0
20,"221Yohan BenalouaneLeicester, 35, D(CR)","Yohan Benalouane Leicester, 35, D(CR)",921,1.5,2.4,1.4,0.5,5.1,0.6,0.5,6.75,0,0,0.4,0.2,0.3,0,0.1,0.2,17.1,68.1,0,1.5,0,"Yohan Benalouane Leicester, 35, D(CR)",136.0,1,2,0,0,0,23.5,85.1,6.31,Yohan Benalouane,Leicester,29,LEI  Leicester City FC  Leicester,D(CR),22.000,22.0,1.0,0.0
21,"211John StonesMan City, 28, D(CR)","John Stones Man City, 28, D(CR)",2013,1,1.4,0.3,0.6,4.2,0.3,0.5,6.78,0,0,0.5,0.1,0.3,0,0.1,0.3,54.4,91.7,0,2.3,0,"John Stones Man City, 28, D(CR)",557.0,0.6,0.9,1,0,0,62.7,93.6,6.66,John Stones,Man City,22,MC  Manchester City FC  Man. City,D(CR),18.000,85.0,1.0,0.0
22,"201Francis CoquelinArsenal, 31, M(CLR)","Francis Coquelin Arsenal, 31, M(CLR)",1786,2.5,1.8,1.1,0,1.1,1.2,0.3,6.8,0,0,0.5,0.5,1.4,0,1,1.1,40.7,87.8,0,1.1,0,"Francis Coquelin Arsenal, 31, M(CLR)",426.0,3,3,0,0,0.5,35.3,90.1,6.95,Francis Coquelin,Arsenal,25,ARS  Arsenal FC  Arsenal,M(CLR),19.000,90.0,1.0,2.0
23,"207Danny DrinkwaterLeicester, 32, DMC","Danny Drinkwater Leicester, 32, DMC",2467,2.9,1.3,1.6,0,1.8,1.6,0.4,6.78,1,1,1.1,0.5,0.3,0,1.2,1.2,60.2,77.4,0.1,3.7,0,"Danny Drinkwater Leicester, 32, DMC",886.0,2.3,2.6,0,1,0.3,57.7,78.7,6.88,Danny Drinkwater,Leicester,26,LEI  Leicester City FC  Leicester,DMC,22.000,22.0,0.0,1.0
24,"192Robert HuthLeicester, 37, D(C)","Robert Huth Leicester, 37, D(C)",2929,0.8,1.3,1.4,0.6,6.7,0.2,1.1,6.81,2,2,0.8,0.2,0.5,0,0.1,0.2,21.3,71.4,0,1.0,0,"Robert Huth Leicester, 37, D(C)",720.0,0.1,1.6,0,0,0,22.1,77.4,7.25,Robert Huth,Leicester,31,LEI  Leicester City FC  Leicester,D(C),22.000,22.0,0.0,0.0
25,"193Olivier GiroudArsenal, 35, FW","Olivier Giroud Arsenal, 35, FW",1198,0.5,0.2,0.7,0,0.6,0.4,0.1,6.81,12,3,1.3,0.6,0.4,0.4,0.7,1.3,12.7,71.5,0,0.1,0,"Olivier Giroud Arsenal, 35, FW",312.0,1,0,2,1,0.2,13.7,62.2,6.35,Olivier Giroud,Arsenal,29,ARS  Arsenal FC  Arsenal,FW,19.000,90.0,0.0,4.0
26,"194Héctor BellerínArsenal, 27, D(R),M(R)","Héctor Bellerín Arsenal, 27, D(R),M(R)",2500,0.7,1.1,0.6,0.2,1.4,0.5,0.2,6.81,1,4,0.7,0.8,0.4,0,1.3,1.2,42.2,84.6,0.3,0.6,0.1,"Héctor Bellerín Arsenal, 27, D(R),M(R)",450.0,1.8,2,0,0,0.2,40.6,83.7,6.87,Héctor Bellerín,Arsenal,21,ARS  Arsenal FC  Arsenal,"D(R),M(R)",19.000,90.0,2.0,1.0
27,"185Jamie VardyLeicester, 35, AM(L),FW","Jamie Vardy Leicester, 35, AM(L),FW",2810,0.4,0.2,0.7,0,0.3,0.3,0,6.83,13,5,1.5,0.9,0.8,0.7,0.7,1.7,15.1,62.5,0.2,0.3,0,"Jamie Vardy Leicester, 35, AM(L),FW",772.0,1.0,0.3,2,0,0.7,15.1,61.0,6.87,Jamie Vardy,Leicester,29,LEI  Leicester City FC  Leicester,"AM(L),FW",22.000,22.0,2.0,3.0
28,"171Marc AlbrightonLeicester, 32, D(R),M(LR)","Marc Albrighton Leicester, 32, D(R),M(LR)",2425,1.5,1.1,0.6,0,0.9,1.5,0.1,6.85,2,6,0.6,1.4,0.6,0.1,0.8,1.2,26.5,63.7,1.3,1.7,0.1,"Marc Albrighton Leicester, 32, D(R),M(LR)",751.0,1.4,0.6,2,0,1.3,28.4,67.6,6.95,Marc Albrighton,Leicester,26,LEI  Leicester City FC  Leicester,"D(R),M(LR)",22.000,22.0,2.0,1.0
29,"166Kieran TrippierTottenham, 31, D(LR),M(R)","Kieran Trippier Tottenham, 31, D(LR),M(R)",566,1.4,0.6,0.7,0.4,1.1,0.5,0.3,6.86,0,5,0.3,1.2,0.4,0.1,0.3,0.2,28.8,76.3,0.6,1.0,0,"Kieran Trippier Tottenham, 31, D(LR),M(R)",270.0,2.3,3,0,0,1.3,67.0,82.1,7.35,Kieran Trippier,Tottenham,25,TOT  Tottenham Hotspur  Tottenham,"D(LR),M(R)",10.000,62.0,2.0,1.0
30,"142Riyad MahrezLeicester, 31, AM(CLR),FW","Riyad Mahrez Leicester, 31, AM(CLR),FW",2837,1.0,0.8,0.7,0,0.4,1.5,0.1,6.91,6,3,2.1,1.4,1.8,0.2,1.7,1.8,29.6,77.6,0.7,1.4,0.1,"Riyad Mahrez Leicester, 31, AM(CLR),FW",776.0,1.4,0.4,4,2,1.6,30.8,73.3,7.41,Riyad Mahrez,Leicester,25,LEI  Leicester City FC  Leicester,"AM(CLR),FW",22.000,22.0,1.0,3.0
31,"149Gabriel PaulistaArsenal, 31, D(CR)","Gabriel Paulista Arsenal, 31, D(CR)",1516,1.3,1.6,1.1,0.5,4.5,0.5,0.5,6.9,0,0,0.5,0.2,0.6,0,0.3,0.5,45.9,87.0,0.1,1.3,0,"Gabriel Paulista Arsenal, 31, D(CR)",131.0,3,0.5,0,0,0,37.0,85.1,6.66,Gabriel Paulista,Arsenal,25,ARS  Arsenal FC  Arsenal,D(CR),19.000,90.0,1.0,0.0
32,"135Eric DierTottenham, 28, D(CR),DMC","Eric Dier Tottenham, 28, D(CR),DMC",3045,1.3,1,0.7,0.5,4.1,0.5,0.5,6.93,2,0,0.6,0.4,0.5,0.1,0.4,0.3,55.0,86.7,0.1,5.2,0,"Eric Dier Tottenham, 28, D(CR),DMC",441.0,0.6,2.0,0,0,0.2,68.0,85.9,6.63,Eric Dier,Tottenham,22,TOT  Tottenham Hotspur  Tottenham,"D(CR),DMC",10.000,62.0,0.5,0.5
33,"137Bacary SagnaMan City, 39, D(CR)","Bacary Sagna Man City, 39, D(CR)",1345,1.4,1.2,0.2,0.2,2.8,0.4,0.2,6.93,0,1,0.2,0.5,0.5,0.1,0.2,0.5,48.9,88.7,0.2,1.3,0,"Bacary Sagna Man City, 39, D(CR)",292.0,2,1.3,0,0,0.3,53.3,89.7,6.59,Bacary Sagna,Man City,33,MC  Manchester City FC  Man. City,D(CR),18.000,85.0,1.0,0.0
34,"121Granit XhakaArsenal, 29, D(L),M(C)","Granit Xhaka Arsenal, 29, D(L),M(C)",2486,2.4,1.3,1.2,0,1.0,1.3,0.2,6.96,2,2,1.1,1.1,0.6,0,0.7,0.6,71.8,89.5,0.2,5.7,0.2,"Granit Xhaka Arsenal, 29, D(L),M(C)",479.0,1.4,1.0,1,0,0.3,52.7,88.6,6.57,Granit Xhaka,Arsenal,23,ARS  Arsenal FC  Arsenal,"D(L),M(C)",19.000,90.0,1.0,1.0
35,"111Kieran GibbsArsenal, 32, D(L),M(L)","Kieran Gibbs Arsenal, 32, D(L),M(L)",702,1.0,0.9,1.0,0.4,3.0,0.7,0,6.98,0,1,0.5,0.9,0.1,0,0.4,0.7,33.8,82.3,0.7,0.7,0,"Kieran Gibbs Arsenal, 32, D(L),M(L)",466.0,2.8,1.3,0,1,0.3,39.8,87.4,7.11,Kieran Gibbs,Arsenal,26,ARS  Arsenal FC  Arsenal,"D(L),M(L)",19.000,90.0,2.0,1.0
36,"115Gaël ClichyMan City, 36, D(L)","Gaël Clichy Man City, 36, D(L)",2125,1.8,2.1,0.5,0.5,3.4,1.0,0.1,6.98,1,0,0.1,0.6,0.3,0,0.3,0.3,58.2,85.2,0.3,1.8,0,"Gaël Clichy Man City, 36, D(L)",289.0,1.2,1,0,0,0,37.0,84.9,6.41,Gaël Clichy,Man City,30,MC  Manchester City FC  Man. City,D(L),18.000,85.0,2.0,0.0
37,"116Nacho MonrealArsenal, 36, D(CL),M(L)","Nacho Monreal Arsenal, 36, D(CL),M(L)",3153,2.5,2.5,0.9,0.2,2.8,1.4,0.3,6.98,0,2,0.3,0.3,1.0,0.2,0.5,0.4,48.7,85.6,0.2,1.1,0,"Nacho Monreal Arsenal, 36, D(CL),M(L)",255.0,3,2,0,0,0.7,44.7,92.5,6.86,Nacho Monreal,Arsenal,30,ARS  Arsenal FC  Arsenal,"D(CL),M(L)",19.000,90.0,1.5,1.0
38,"117Rob HoldingArsenal, 26, D(CR)","Rob Holding Arsenal, 26, D(CR)",810,1.3,1.1,1.1,0.9,5.1,0.9,0.7,6.97,0,0,0.6,0.3,0.2,0,0.2,0.7,51.8,82.4,0.2,2.8,0,"Rob Holding Arsenal, 26, D(CR)",90.0,3.0,3.0,0,0,1,70.0,91.4,7.62,Rob Holding,Arsenal,20,ARS  Arsenal FC  Arsenal,D(CR),19.000,90.0,1.0,0.0
39,"103Toby AlderweireldTottenham, 33, D(CR)","Toby Alderweireld Tottenham, 33, D(CR)",2604,1.4,0.9,0.3,0.9,5.4,0.5,0.7,7.0,1,0,0.9,0.2,0.2,0,0,0.2,50.7,83.2,0,7.1,0,"Toby Alderweireld Tottenham, 33, D(CR)",202.0,1.3,1,1,0,0.3,60.7,89.0,7.07,Toby Alderweireld,Tottenham,27,TOT  Tottenham Hotspur  Tottenham,D(CR),10.000,62.0,1.0,0.0
40,"104Alex Oxlade ChamberlainArsenal, 28, M(CLR)","Alex Oxlade Chamberlain Arsenal, 28, M(CLR)",1563,1.3,0.4,1.0,0,0.8,0.6,0.1,6.99,2,7,1,1.1,0.6,0,1,0.9,26.7,82.2,0.5,1.3,0.1,"Alex Oxlade Chamberlain Arsenal, 28, M(CLR)",378.0,1.0,0.7,1,1,1.1,20.4,77.6,6.91,Alex Oxlade Chamberlain,Arsenal,22,ARS  Arsenal FC  Arsenal,M(CLR),19.000,90.0,1.0,2.0
41,"106Erik LamelaTottenham, 30, AM(CLR)","Erik Lamela Tottenham, 30, AM(CLR)",593,1.4,0.6,1.4,0,0.1,1.4,0,6.99,1,1,2,2.0,1.2,0.1,2.3,1.4,33.9,80.0,1.1,1.2,0,"Erik Lamela Tottenham, 30, AM(CLR)",232.0,2.7,1.3,0,2,2.3,39.3,80.5,7.37,Erik Lamela,Tottenham,24,TOT  Tottenham Hotspur  Tottenham,AM(CLR),10.000,62.0,1.0,2.5
42,"109Theo WalcottArsenal, 33, M(CLR),FW","Theo Walcott Arsenal, 33, M(CLR),FW",1925,1.3,0.5,0.5,0,0.5,0.6,0,6.99,10,2,2.2,0.5,1.0,0.6,1.4,2,19.3,75.3,0.3,0.2,0.1,"Theo Walcott Arsenal, 33, M(CLR),FW",272.0,0.8,0.7,4,0,0.3,16.2,76.3,7.22,Theo Walcott,Arsenal,27,ARS  Arsenal FC  Arsenal,"M(CLR),FW",19.000,90.0,1.0,3.0
43,"92Santi CazorlaArsenal, 37, M(CLR)","Santi Cazorla Arsenal, 37, M(CLR)",619,1.3,0.9,0.5,0,0.4,1,0.3,7.04,2,2,1,1.3,0.3,0.1,1.1,1.6,70.0,91.3,1.1,2.5,0,"Santi Cazorla Arsenal, 37, M(CLR)",237.0,2.7,1.3,0,1,2.7,71.3,90.2,7.81,Santi Cazorla,Arsenal,31,ARS  Arsenal FC  Arsenal,M(CLR),19.000,90.0,1.0,2.0
44,"84Leroy SanéMan City, 26, M(CLR),FW","Leroy Sané Man City, 26, M(CLR),FW",1788,1.3,0.6,0.5,0,0.2,0.7,0,7.06,5,3,1.3,1.3,0.7,0.5,1.7,2.0,26.6,81.3,0.3,0.3,0,"Leroy Sané Man City, 26, M(CLR),FW",281.0,0.8,0.5,2,2,1,24.8,84.8,7.31,Leroy Sané,Man City,20,MC  Manchester City FC  Man. City,"M(CLR),FW",18.000,85.0,1.0,3.0
45,"88Raheem SterlingMan City, 27, M(CLR),FW","Raheem Sterling Man City, 27, M(CLR),FW",2517,0.7,0.5,1.1,0,0.1,1,0,7.05,7,6,1.9,1.4,1.6,0.5,2.6,1.8,31.4,80.4,0.2,0.3,0,"Raheem Sterling Man City, 27, M(CLR),FW",577.0,1.9,1.3,2,3,2,31.3,84.0,7.25,Raheem Sterling,Man City,21,MC  Manchester City FC  Man. City,"M(CLR),FW",18.000,85.0,1.0,3.0
46,"89Christian FuchsLeicester, 36, D(CL),M(L)","Christian Fuchs Leicester, 36, D(CL),M(L)",3104,2.7,2.0,0.8,0.3,4.0,1.4,0.4,7.05,2,4,0.6,1.1,0.2,0,0.3,0.6,35.9,72.3,0.7,2.7,0,"Christian Fuchs Leicester, 36, D(CL),M(L)",810.0,2.4,1.3,0,1,1.2,41.9,68.2,7.23,Christian Fuchs,Leicester,30,LEI  Leicester City FC  Leicester,"D(CL),M(L)",22.000,22.0,1.5,1.0
47,"80Ilkay GündoganMan City, 31, M(C)","Ilkay Gündogan Man City, 31, M(C)",710,1.0,0.9,0.2,0,0.4,1.1,0,7.07,3,1,1.6,1.2,1.0,0,0.8,1.4,50.5,91.9,0.1,1.0,0.2,"Ilkay Gündogan Man City, 31, M(C)",520.0,1.8,1.8,2,0,2.0,53.8,90.7,7.4,Ilkay Gündogan,Man City,25,MC  Manchester City FC  Man. City,M(C),18.000,85.0,0.0,2.0
48,"63Son Heung-MinTottenham, 29, M(CLR),FW","Son Heung-Min Tottenham, 29, M(CLR),FW",2070,0.6,0.2,0.3,0,0.2,0.6,0,7.14,14,6,2.4,1.3,0.9,0.6,1.8,1.6,22.8,81.2,0.4,0.6,0,"Son Heung-Min Tottenham, 29, M(CLR),FW",425.0,0.7,0.2,1,0,0.8,28.0,79.2,6.43,Son Heung-Min,Tottenham,23,TOT  Tottenham Hotspur  Tottenham,"M(CLR),FW",10.000,62.0,1.0,3.0
49,"70Ben DaviesTottenham, 29, D(CL),M(L)","Ben Davies Tottenham, 29, D(CL),M(L)",1735,1.7,0.5,0.6,0.3,3.4,0.6,0.3,7.12,1,3,0.6,1.3,1.1,0.1,0.4,0.4,45.7,79.3,0.8,2.0,0,"Ben Davies Tottenham, 29, D(CL),M(L)",270.0,0.7,2.3,0,0,0.3,68.3,80.0,6.95,Ben Davies,Tottenham,23,TOT  Tottenham Hotspur  Tottenham,"D(CL),M(L)",10.000,62.0,1.5,1.0
50,"54Mousa DembéléTottenham, 34, M(CR)","Mousa Dembélé Tottenham, 34, M(CR)",2066,2.1,0.8,1.5,0,0.7,0.7,0.2,7.18,1,1,0.5,0.8,0.7,0,1.7,0.7,49.3,92.0,0.1,1.9,0.1,"Mousa Dembélé Tottenham, 34, M(CR)",165.0,1.3,1.5,0,0,0,25.8,83.5,6.78,Mousa Dembélé,Tottenham,28,TOT  Tottenham Hotspur  Tottenham,M(CR),10.000,62.0,1.0,2.0
51,"56Yaya TouréMan City, 39, M(C)","Yaya Touré Man City, 39, M(C)",1947,1.7,0.6,1,0,1.6,1.1,0.2,7.17,5,0,1.3,0.8,0.4,0,1,0.8,71.9,89.8,0,3.9,0.1,"Yaya Touré Man City, 39, M(C)",90.0,2,0,0,1,1,60.0,90.0,7.07,Yaya Touré,Man City,33,MC  Manchester City FC  Man. City,M(C),18.000,85.0,0.0,2.0
52,"58FernandinhoMan City, 37, D(CR),DMC","Fernandinho Man City, 37, D(CR),DMC",2755,2.5,2.0,1.5,0.2,1.9,1.8,0.2,7.16,2,1,1.1,1,1.1,0,1,0.8,68.1,86.6,0.2,3.3,0.1,"Fernandinho Man City, 37, D(CR),DMC",545.0,3,2.1,1,0,0.3,49.3,85.5,6.68,Fernandinho,Man City,31,MC  Manchester City FC  Man. City,"D(CR),DMC",18.000,85.0,0.5,0.5
53,"46Victor WanyamaTottenham, 30, DMC","Victor Wanyama Tottenham, 30, DMC",3016,2.5,1.1,1.8,0,1.9,1.1,0.3,7.21,4,1,1.1,0.9,1.0,0,0.9,0.9,54.8,87.5,0.1,3.3,0,"Victor Wanyama Tottenham, 30, DMC",428.0,2.0,1.8,0,0,0,61.8,87.7,6.91,Victor Wanyama,Tottenham,24,TOT  Tottenham Hotspur  Tottenham,DMC,10.000,62.0,0.0,1.0
54,"50Kyle WalkerTottenham, 32, D(CR),M(R)","Kyle Walker Tottenham, 32, D(CR),M(R)",2704,2.2,1.2,1.1,0.5,2.8,0.5,0.2,7.2,0,5,0.6,1.2,1.0,0.1,0.8,0.8,44.4,79.8,0.4,3.4,0,"Kyle Walker Tottenham, 32, D(CR),M(R)",270.0,1.7,2.3,0,0,1.3,57.7,79.2,7.29,Kyle Walker,Tottenham,26,TOT  Tottenham Hotspur  Tottenham,"D(CR),M(R)",10.000,62.0,1.5,1.0
55,"31Mesut ÖzilArsenal, 33, M(CLR)","Mesut Özil Arsenal, 33, M(CLR)",2848,0.8,0.5,0.4,0,0.3,0.8,0,7.3,8,9,1.2,3.0,1.0,0.6,1.2,1.9,63.9,86.6,1.8,1.7,0.1,"Mesut Özil Arsenal, 33, M(CLR)",627.0,1.0,0.6,4,3,1.8,49.6,84.6,7.37,Mesut Özil,Arsenal,27,ARS  Arsenal FC  Arsenal,M(CLR),19.000,90.0,1.0,2.0
56,"32Aleksandar KolarovMan City, 36, D(CL),M(L)","Aleksandar Kolarov Man City, 36, D(CL),M(L)",2533,1.6,1.6,1.2,0.6,5.4,0.6,0.3,7.3,1,1,1.1,0.5,1.3,0,0.2,0.6,64.1,84.5,0.4,4.2,0,"Aleksandar Kolarov Man City, 36, D(CL),M(L)",540.0,1,3,0,2,0.5,54.2,83.4,7.02,Aleksandar Kolarov,Man City,30,MC  Manchester City FC  Man. City,"D(CL),M(L)",18.000,85.0,1.5,1.0
57,"33Jan VertonghenTottenham, 35, D(CL)","Jan Vertonghen Tottenham, 35, D(CL)",2897,1.3,1.3,0.6,0.7,7.0,0.3,0.6,7.28,0,0,0.4,0.2,0.6,0,0.3,0.4,62.2,85.3,0,5.1,0,"Jan Vertonghen Tottenham, 35, D(CL)",450.0,2.2,2.4,0,0,0.4,64.6,87.9,7.47,Jan Vertonghen,Tottenham,29,TOT  Tottenham Hotspur  Tottenham,D(CL),10.000,62.0,1.0,0.0
58,"34David SilvaMan City, 36, M(CLR),FW","David Silva Man City, 36, M(CLR),FW",2768,1.3,0.5,0.9,0,0.6,1.2,0.1,7.28,4,7,1.4,2.4,1.6,0.1,1.6,1.1,61.0,87.2,1.1,1.5,0.3,"David Silva Man City, 36, M(CLR),FW",540.0,1.5,0.8,1,2,2.8,54.3,84.0,7.09,David Silva,Man City,30,MC  Manchester City FC  Man. City,"M(CLR),FW",18.000,85.0,1.0,3.0
59,"35Wilfred NdidiLeicester, 25, D(C),DMC","Wilfred Ndidi Leicester, 25, D(C),DMC",1522,4.0,2.1,1.6,0.1,3.2,1.8,0.3,7.26,2,1,1.8,0.4,0.6,0.1,0.5,1.0,40.5,75.9,0,1.6,0,"Wilfred Ndidi Leicester, 25, D(C),DMC",360.0,2.5,2.8,0,0,0.3,35.0,77.9,7.15,Wilfred Ndidi,Leicester,19,LEI  Leicester City FC  Leicester,"D(C),DMC",22.000,22.0,0.0,0.5
60,"39Laurent KoscielnyArsenal, 36, D(C)","Laurent Koscielny Arsenal, 36, D(C)",2824,1.5,2.7,0.6,1,6.1,0.6,0.7,7.25,2,0,0.3,0.1,0.8,0.1,0,0.4,50.5,87.9,0,2.2,0,"Laurent Koscielny Arsenal, 36, D(C)",642.0,1.6,2.6,0,0,0,49.4,91.6,6.9,Laurent Koscielny,Arsenal,30,ARS  Arsenal FC  Arsenal,D(C),19.000,90.0,0.0,0.0
61,"27Shkodran MustafiArsenal, 30, D(CR)","Shkodran Mustafi Arsenal, 30, D(CR)",2275,2.2,2.5,1.3,1.2,5,0.8,0.2,7.35,2,2,0.9,0.3,0.6,0,0.2,0.3,60.1,82.7,0.2,2.1,0,"Shkodran Mustafi Arsenal, 30, D(CR)",630.0,1.7,1.9,0,0,0.6,60.3,85.3,6.77,Shkodran Mustafi,Arsenal,24,ARS  Arsenal FC  Arsenal,D(CR),19.000,90.0,1.0,0.0
62,"28Dele AlliTottenham, 26, M(CL),FW","Dele Alli Tottenham, 26, M(CL),FW",3045,1.4,0.3,1.4,0.1,0.5,1.2,0,7.35,18,7,2.5,1.4,2.1,0.3,2.1,2.2,35.9,80.7,0,1.6,0.1,"Dele Alli Tottenham, 26, M(CL),FW",532.0,1.3,0.8,1,0,1.5,39.0,78.6,6.89,Dele Alli,Tottenham,20,TOT  Tottenham Hotspur  Tottenham,"M(CL),FW",10.000,62.0,1.0,3.0
63,"29Sergio AgüeroMan City, 34, AM(CL),FW","Sergio Agüero Man City, 34, AM(CL),FW",2407,0.6,0.1,0.7,0,0,0.6,0,7.33,20,3,4.5,1.0,1.1,0.7,2.2,2.5,24.9,82.4,0.1,0.5,0.1,"Sergio Agüero Man City, 34, AM(CL),FW",541.0,0.9,0.4,5,2,0.9,21.4,81.3,7.64,Sergio Agüero,Man City,28,MC  Manchester City FC  Man. City,"AM(CL),FW",18.000,85.0,1.0,3.0
64,"12Christian EriksenTottenham, 30, M(CLR)","Christian Eriksen Tottenham, 30, M(CLR)",3167,1.3,0.6,0.6,0,0.6,1.3,0,7.53,8,15,3.7,3.1,0.7,0.1,1.4,1.5,54.9,80.2,1.5,3.0,0.2,"Christian Eriksen Tottenham, 30, M(CLR)",451.0,0.8,0,0,1,3.3,48.2,81.3,7.04,Christian Eriksen,Tottenham,24,TOT  Tottenham Hotspur  Tottenham,M(CLR),10.000,62.0,1.0,2.0
65,"16Nicolás OtamendiMan City, 34, D(C)","Nicolás Otamendi Man City, 34, D(C)",2592,2.3,2.7,1.0,0.9,6.3,0.6,0.5,7.49,1,1,0.5,0.2,0.9,0,0.2,0.4,64.9,88.2,0,2.7,0,"Nicolás Otamendi Man City, 34, D(C)",540.0,3.3,4.3,0,0,0,64.2,87.3,7.18,Nicolás Otamendi,Man City,28,MC  Manchester City FC  Man. City,D(C),18.000,85.0,0.0,0.0
66,"20Danny RoseTottenham, 31, D(L),M(L)","Danny Rose Tottenham, 31, D(L),M(L)",1533,2.8,1.2,1.4,0.2,2.9,1.2,0.2,7.42,2,2,1.3,1.4,2.7,0.1,1.1,1.5,43.5,77.3,0.8,3.2,0,"Danny Rose Tottenham, 31, D(L),M(L)",270.0,2.3,1.0,0,1,1,53.7,84.5,7.29,Danny Rose,Tottenham,25,TOT  Tottenham Hotspur  Tottenham,"D(L),M(L)",10.000,62.0,2.0,1.0
67,"5Alexis SánchezArsenal, 33, M(CLR),FW","Alexis Sánchez Arsenal, 33, M(CLR),FW",3224,1.4,0.7,1.3,0,0.1,0.7,0,7.76,24,10,3.4,2.1,1.8,0.7,3.4,2.5,43.3,73.6,0.4,2,0.2,"Alexis Sánchez Arsenal, 33, M(CLR),FW",665.0,1.1,1.1,3,3,2,37.5,78.7,7.74,Alexis Sánchez,Arsenal,27,ARS  Arsenal FC  Arsenal,"M(CLR),FW",19.000,90.0,1.0,3.0
68,"7Harry KaneTottenham, 28, AM(C),FW","Harry Kane Tottenham, 28, AM(C),FW",2536,0.7,0.1,0.8,0,0.7,0.3,0,7.68,29,7,3.7,1.4,1.5,0.6,1.6,2.8,19.9,71.7,0.2,0.6,0,"Harry Kane Tottenham, 28, AM(C),FW",263.0,0.7,0,2,0,2.3,25.0,74.7,7.34,Harry Kane,Tottenham,22,TOT  Tottenham Hotspur  Tottenham,"AM(C),FW",10.000,62.0,0.0,3.0
69,"10Kevin De BruyneMan City, 30, M(CLR),FW","Kevin De Bruyne Man City, 30, M(CLR),FW",2885,1.4,0.6,1,0,0.2,1.8,0,7.55,6,18,2.4,2.9,1.1,0.1,1.3,1.6,50.1,82.0,2.3,2.3,0.4,"Kevin De Bruyne Man City, 30, M(CLR),FW",539.0,1.5,1.2,1,1,1.5,46.0,84.1,7.19,Kevin De Bruyne,Man City,24,MC  Manchester City FC  Man. City,"M(CLR),FW",18.000,85.0,1.0,3.0
70,"446Daniel CarriçoSevilla, 33, D(C),DMC","Daniel Carriço Sevilla, 33, D(C),DMC",454,0.8,1.7,2.5,0.5,3.3,0.3,0.2,6.34,0,0,0,0.2,0.3,0,0.3,0.2,37.3,81.3,0.2,1.2,0,"Daniel Carriço Sevilla, 33, D(C),DMC",36.0,1,0.5,0,0,0,13.0,84.6,6.15,Daniel Carriço,Sevilla,27,SEV  Sevilla FC  Sevilla,"D(C),DMC",19.000,92.0,0.0,0.5
71,"354Matías KranevitterSevilla, 29, DMC","Matías Kranevitter Sevilla, 29, DMC",1283,1.7,1.5,1.0,0.1,0.8,0.7,0.1,6.52,0,0,0.1,0.1,0.7,0,0.7,0.3,31.9,90.9,0,2.0,0,"Matías Kranevitter Sevilla, 29, DMC",184.0,1.3,0.8,0,0,0,31.8,92.9,6.43,Matías Kranevitter,Sevilla,23,SEV  Sevilla FC  Sevilla,DMC,19.000,92.0,0.0,1.0
72,"322Denis SuárezBarcelona, 28, M(CLR)","Denis Suárez Barcelona, 28, M(CLR)",1182,0.7,0.3,0.6,0,0.2,0.6,0,6.57,1,3,0.5,0.6,0.8,0,0.6,0.7,27.5,86.0,0.2,0.9,0,"Denis Suárez Barcelona, 28, M(CLR)",90.0,1.0,0,0,0,1,101.0,86.1,7.24,Denis Suárez,Barcelona,22,BAR  FC Barcelona  Barcelona,M(CLR),23.000,131.0,1.0,2.0
73,"272Fernando TorresAtletico, 38, FW","Fernando Torres Atletico, 38, FW",1419,0.3,0.1,1.0,0,0.5,0.4,0.1,6.66,8,5,1.5,0.6,0.9,0.6,0.9,1.2,9.6,64.3,0,0.2,0,"Fernando Torres Atletico, 38, FW",469.0,0.4,0.1,1,1,0.8,11.3,65.7,6.65,Fernando Torres,Atletico,32,ATL  Club Atlético de Madrid  Atlético,FW,29.000,122.0,0.0,4.0
74,"274Joaquín CorreaSevilla, 27, AM(CL),FW","Joaquín Correa Sevilla, 27, AM(CL),FW",1312,1.0,0.5,1.1,0,0.2,0.6,0,6.65,4,0,1.3,0.5,1.7,0.2,1.5,1.1,18.1,82.6,0.2,0.4,0,"Joaquín Correa Sevilla, 27, AM(CL),FW",111.0,0.3,0,1,0,0,9.0,85.2,6.61,Joaquín Correa,Sevilla,21,SEV  Sevilla FC  Sevilla,"AM(CL),FW",19.000,92.0,1.0,3.0
75,"277André GomesBarcelona, 28, M(CLR)","André Gomes Barcelona, 28, M(CLR)",1591,1.1,0.4,1.3,0,0.4,0.6,0,6.65,3,1,0.6,0.4,0.6,0.1,1.0,0.7,32.8,88.1,0.1,1.5,0,"André Gomes Barcelona, 28, M(CLR)",465.0,2.1,0.8,0,0,0.3,50.3,93.8,6.81,André Gomes,Barcelona,22,BAR  FC Barcelona  Barcelona,M(CLR),23.000,131.0,1.0,2.0
76,"262Gabriel MercadoSevilla, 35, D(CR)","Gabriel Mercado Sevilla, 35, D(CR)",2188,2.5,1.7,1.8,0.2,2.0,1,0.4,6.67,3,1,0.4,0.2,0.5,0.1,0.1,0.4,36.9,79.7,0,1.7,0,"Gabriel Mercado Sevilla, 35, D(CR)",583.0,4.1,1.6,0,0,0.4,38.0,83.1,7.04,Gabriel Mercado,Sevilla,29,SEV  Sevilla FC  Sevilla,D(CR),19.000,92.0,1.0,0.0
77,"258Luciano ViettoSevilla, 28, AM(CLR),FW","Luciano Vietto Sevilla, 28, AM(CLR),FW",1313,0.4,0.1,0.9,0,0.2,0.2,0,6.68,6,3,1.5,0.8,1.0,0.4,1.5,1.6,19.6,80.8,0.2,0.4,0,"Luciano Vietto Sevilla, 28, AM(CLR),FW",291.0,0.3,0.3,1,1,1,20.8,83.1,6.65,Luciano Vietto,Sevilla,22,SEV  Sevilla FC  Sevilla,"AM(CLR),FW",19.000,92.0,1.0,3.0
78,"232GansoSevilla, 32, AM(C)","Ganso Sevilla, 32, AM(C)",485,1.6,0.4,0.5,0,0,1.1,0,6.72,2,1,1.1,0.7,0.8,0,1.3,1.3,32.9,86.6,0,1.2,0.2,"Ganso Sevilla, 32, AM(C)",75.0,3.0,1.0,0,0,4,79.0,91.1,7.75,Ganso,Sevilla,26,SEV  Sevilla FC  Sevilla,AM(C),19.000,92.0,0.0,2.5
79,"238Thomas ParteyAtletico, 28, D(R),M(CR)","Thomas Partey Atletico, 28, D(R),M(CR)",631,1.2,1.2,1.3,0,0.8,0.6,0.1,6.71,1,2,0.5,0.7,0.3,0,0.5,0.8,23.8,83.7,0,1.2,0,"Thomas Partey Atletico, 28, D(R),M(CR)",181.0,0.8,0.7,0,0,0.2,15.5,81.7,6.49,Thomas Partey,Atletico,22,ATL  Club Atlético de Madrid  Atlético,"D(R),M(CR)",29.000,122.0,1.5,1.0
80,"221Paco AlcácerBarcelona, 28, AM(R),FW","Paco Alcácer Barcelona, 28, AM(R),FW",849,0.3,0.3,0.5,0.1,0.2,0.1,0,6.73,6,3,1.3,0.6,0.4,0.3,0.5,0.5,9.5,79.9,0.1,0.5,0.1,"Paco Alcácer Barcelona, 28, AM(R),FW",176.0,0,0.7,0,1,0.3,11.3,76.5,6.49,Paco Alcácer,Barcelona,22,BAR  FC Barcelona  Barcelona,"AM(R),FW",23.000,131.0,2.0,3.0
81,"228Wissam Ben YedderSevilla, 31, AM(C),FW","Wissam Ben Yedder Sevilla, 31, AM(C),FW",1667,0.4,0.2,0.4,0,0.1,0.1,0,6.73,11,4,1.4,0.8,0.4,1,0.8,0.9,13.5,75.2,0.1,0.3,0,"Wissam Ben Yedder Sevilla, 31, AM(C),FW",231.0,0.6,0.4,2,0,0.6,15.2,76.3,6.74,Wissam Ben Yedder,Sevilla,25,SEV  Sevilla FC  Sevilla,"AM(C),FW",19.000,92.0,0.0,3.0
82,"191Adil RamiSevilla, 36, D(C)","Adil Rami Sevilla, 36, D(C)",1785,1.0,1.5,1.1,0.3,4.5,0.5,0.8,6.78,0,0,0.5,0.1,0.7,0,0.1,0.5,45.8,83.7,0,4.1,0,"Adil Rami Sevilla, 36, D(C)",630.0,1.1,1.9,0,0,0.1,50.4,85.0,7.04,Adil Rami,Sevilla,30,SEV  Sevilla FC  Sevilla,D(C),19.000,92.0,0.0,0.0
83,"195Ángel CorreaAtletico, 27, AM(CLR),FW","Ángel Correa Atletico, 27, AM(CLR),FW",1218,0.9,0.4,0.7,0,0.5,0.7,0.1,6.77,4,8,1.2,0.7,0.5,0.1,1.1,1.5,15.3,74.6,0.1,0.5,0.1,"Ángel Correa Atletico, 27, AM(CLR),FW",253.0,0.3,0.2,0,0,0.1,11.1,69.0,6.26,Ángel Correa,Atletico,21,ATL  Club Atlético de Madrid  Atlético,"AM(CLR),FW",29.000,122.0,1.0,3.0
84,"182Jeremy MathieuBarcelona, 38, D(CL)","Jeremy Mathieu Barcelona, 38, D(CL)",1040,1.2,1.2,0.8,0.7,2.4,0.2,0.3,6.79,1,0,0.4,0.2,0.3,0.1,0.2,0.5,59.6,88.3,0,4.2,0,"Jeremy Mathieu Barcelona, 38, D(CL)",80.0,0.5,0.5,0,0,0.5,30.0,88.3,5.75,Jeremy Mathieu,Barcelona,32,BAR  FC Barcelona  Barcelona,D(CL),23.000,131.0,1.0,0.0
85,"173Clément LengletSevilla, 26, D(C)","Clément Lenglet Sevilla, 26, D(C)",1359,2.8,1.5,2.1,0.1,3.5,0.8,0.4,6.8,0,0,0.1,0.1,0.5,0.1,0.2,0.5,51.6,82.5,0.1,4.3,0,"Clément Lenglet Sevilla, 26, D(C)",55.0,4,1,0,0,0,53.0,84.9,7.11,Clément Lenglet,Sevilla,20,SEV  Sevilla FC  Sevilla,D(C),19.000,92.0,0.0,0.0
86,"175Vicente IborraSevilla, 34, M(C)","Vicente Iborra Sevilla, 34, M(C)",1473,0.8,1.1,1.3,0.1,1.5,0.5,0.4,6.8,7,2,1.0,0.5,0.8,0.1,0.4,0.5,30.8,82.1,0,2.0,0,"Vicente Iborra Sevilla, 34, M(C)",419.0,1.3,1.1,0,0,0.3,31.3,81.3,6.49,Vicente Iborra,Sevilla,28,SEV  Sevilla FC  Sevilla,M(C),19.000,92.0,0.0,2.0
87,"165Nicolás ParejaSevilla, 38, D(C)","Nicolás Pareja Sevilla, 38, D(C)",2168,1.5,2.9,1.1,0.6,3.1,0.5,0.5,6.82,1,1,0.3,0.2,0.6,0,0.2,0.3,43.4,81.2,0.1,3.9,0.1,"Nicolás Pareja Sevilla, 38, D(C)",540.0,1.3,1.7,1,0,0,49.0,83.0,6.86,Nicolás Pareja,Sevilla,32,SEV  Sevilla FC  Sevilla,D(C),19.000,92.0,0.0,0.0
88,"167Nicolás GaitánAtletico, 34, M(CLR),FW","Nicolás Gaitán Atletico, 34, M(CLR),FW",1023,1,0.7,0.9,0,0.2,0.7,0,6.82,3,2,0.4,0.9,1.2,0.1,0.8,0.6,23.9,80.3,0.7,1.0,0.1,"Nicolás Gaitán Atletico, 34, M(CLR),FW",189.0,1.6,1.2,0,0,0.2,18.6,79.6,6.41,Nicolás Gaitán,Atletico,28,ATL  Club Atlético de Madrid  Atlético,"M(CLR),FW",29.000,122.0,1.0,3.0
89,"168Kevin GameiroAtletico, 35, FW","Kevin Gameiro Atletico, 35, FW",1716,0.6,0.2,0.3,0,0.3,0.4,0,6.82,12,5,1.6,0.7,0.3,0.7,1.2,1.3,12.1,72.3,0.1,0.1,0.1,"Kevin Gameiro Atletico, 35, FW",431.0,0.2,0.3,2,1,0.8,12.0,82.4,6.63,Kevin Gameiro,Atletico,29,ATL  Club Atlético de Madrid  Atlético,FW,29.000,122.0,0.0,4.0
90,"151Marco AsensioReal Madrid, 26, AM(CLR)","Marco Asensio Real Madrid, 26, AM(CLR)",1077,1.1,0.4,0.7,0,0.1,0.4,0,6.84,3,2,1.1,1.0,0.7,0.2,0.8,1.1,24.1,89.2,0.3,0.5,0,"Marco Asensio Real Madrid, 26, AM(CLR)",255.0,0.6,0.4,3,1,0.9,21.9,87.4,6.96,Marco Asensio,Real Madrid,20,RM  Real Madrid CF  Real Madrid,AM(CLR),33.000,156.0,1.0,2.5
91,"152Stevan JoveticSevilla, 32, AM(CL),FW","Stevan Jovetic Sevilla, 32, AM(CL),FW",1206,0.2,0,0.9,0,0.1,0.4,0,6.84,6,4,2.8,1.0,0.8,0.8,1.2,1.0,20.0,72.1,0.1,0.5,0,"Stevan Jovetic Sevilla, 32, AM(CL),FW",135.0,0,0.5,0,1,2,30.0,71.7,6.73,Stevan Jovetic,Sevilla,26,SEV  Sevilla FC  Sevilla,"AM(CL),FW",19.000,92.0,1.0,3.0
92,"157Javier MascheranoBarcelona, 38, D(C),M(C)","Javier Mascherano Barcelona, 38, D(C),M(C)",1917,2.2,1.7,0.8,0.8,1.5,0.8,0.3,6.83,1,3,0.4,0.6,0.8,0,0.4,0.5,67.4,91.0,0.1,7.2,0.1,"Javier Mascherano Barcelona, 38, D(C),M(C)",642.0,3.3,3.1,0,0,0.3,68.6,92.2,7.17,Javier Mascherano,Barcelona,32,BAR  FC Barcelona  Barcelona,"D(C),M(C)",23.000,131.0,0.0,1.0
93,"160Lucas VázquezReal Madrid, 30, D(R),M(R)","Lucas Vázquez Real Madrid, 30, D(R),M(R)",1386,1.3,0.3,0.8,0,0.5,0.3,0.2,6.82,2,7,0.9,1.3,1.5,0.2,1.2,1.2,19.0,84.0,0.8,0.7,0.1,"Lucas Vázquez Real Madrid, 30, D(R),M(R)",366.0,1.0,0.6,1,1,1.1,18.8,84.0,6.74,Lucas Vázquez,Real Madrid,24,RM  Real Madrid CF  Real Madrid,"D(R),M(R)",33.000,156.0,2.0,1.0
94,"114Jordi AlbaBarcelona, 33, D(L),M(L)","Jordi Alba Barcelona, 33, D(L),M(L)",1966,1.2,1.2,0.8,0.3,1.7,0.7,0.1,6.91,1,6,0.2,0.9,0.6,0.3,0.7,0.8,56.8,88.8,0.2,1.8,0,"Jordi Alba Barcelona, 33, D(L),M(L)",436.0,2.5,0.2,0,0,0.8,64.8,89.7,6.8,Jordi Alba,Barcelona,27,BAR  FC Barcelona  Barcelona,"D(L),M(L)",23.000,131.0,2.0,1.0
95,"115MarianoSevilla, 35, D(R),M(R)","Mariano Sevilla, 35, D(R),M(R)",2643,2.3,1.3,0.9,0.1,1.0,1.3,0.1,6.9,0,2,0.3,1.2,0.7,0,0.5,1.3,41.8,81.1,1,2.4,0,"Mariano Sevilla, 35, D(R),M(R)",584.0,2.3,1.5,0,2,1.1,41.0,82.0,6.97,Mariano,Sevilla,29,SEV  Sevilla FC  Sevilla,"D(R),M(R)",19.000,92.0,2.0,1.0
96,"118JuanfranAtletico, 37, D(R)","Juanfran Atletico, 37, D(R)",1979,1.9,1.4,1,0,2.1,0.8,0.3,6.9,0,2,0.1,0.7,0.8,0.2,0.5,0.9,37.5,78.0,0.4,1.3,0,"Juanfran Atletico, 37, D(R)",431.0,1.3,0.7,0,0,0.8,38.8,85.0,6.81,Juanfran,Atletico,31,ATL  Club Atlético de Madrid  Atlético,D(R),29.000,122.0,2.0,0.0
97,"101Pablo SarabiaSevilla, 30, D(L),M(CLR),FW","Pablo Sarabia Sevilla, 30, D(L),M(CLR),FW",2134,1.2,0.7,1.4,0.1,0.7,0.9,0.1,6.93,8,8,1.3,1.4,1.4,0.3,1.5,1.3,28.7,79.1,1.1,1.0,0.1,"Pablo Sarabia Sevilla, 30, D(L),M(CLR),FW",334.0,1.3,0.7,1,1,1,20.0,74.3,6.63,Pablo Sarabia,Sevilla,24,SEV  Sevilla FC  Sevilla,"D(L),M(CLR),FW",19.000,92.0,1.5,2.0
98,"108Samir NasriSevilla, 34, M(CLR)","Samir Nasri Sevilla, 34, M(CLR)",1845,1.0,0.6,1.2,0,0,0.7,0,6.92,2,3,1.1,1.6,0.7,0.2,2.0,1.6,65.0,89.5,0.7,2.0,0.1,"Samir Nasri Sevilla, 34, M(CLR)",431.0,1,0.6,1,0,1.2,93.6,89.7,6.9,Samir Nasri,Sevilla,28,SEV  Sevilla FC  Sevilla,M(CLR),19.000,92.0,1.0,2.0
99,"109Lucas DigneBarcelona, 28, D(CL),M(L)","Lucas Digne Barcelona, 28, D(CL),M(L)",1175,1.7,1.2,1.1,0.2,1.3,0.4,0.2,6.92,0,0,0.3,0.6,0.6,0.2,0.5,0.2,49.6,87.3,0.2,1.3,0,"Lucas Digne Barcelona, 28, D(CL),M(L)",284.0,1,1,0,0,0.3,50.8,90.1,6.7,Lucas Digne,Barcelona,22,BAR  FC Barcelona  Barcelona,"D(CL),M(L)",23.000,131.0,1.5,1.0
100,"95Sime VrsaljkoAtletico, 30, D(LR),M(R)","Sime Vrsaljko Atletico, 30, D(LR),M(R)",924,2.0,2.3,1.6,0.1,2.4,0.7,0.1,6.95,0,0,0.2,0.4,0.6,0.3,0.4,1.1,22.6,68.5,0.3,1.2,0,"Sime Vrsaljko Atletico, 30, D(LR),M(R)",450.0,3.0,2.6,0,1,1,36.4,79.7,7.63,Sime Vrsaljko,Atletico,24,ATL  Club Atlético de Madrid  Atlético,"D(LR),M(R)",29.000,122.0,2.0,1.0
101,"98Andrés IniestaBarcelona, 38, M(CL)","Andrés Iniesta Barcelona, 38, M(CL)",1332,1.3,0.5,0.7,0,0.3,0.7,0,6.93,0,3,0.8,1.1,1.3,0,1,0.6,49.3,88.9,0.2,3.5,0.2,"Andrés Iniesta Barcelona, 38, M(CL)",594.0,1.8,0.9,1,1,0.6,63.3,88.9,6.92,Andrés Iniesta,Barcelona,32,BAR  FC Barcelona  Barcelona,M(CL),23.000,131.0,1.0,2.0
102,"81Samuel UmtitiBarcelona, 28, D(CL)","Samuel Umtiti Barcelona, 28, D(CL)",2133,1.1,1.9,1.0,0.6,2.7,0.2,0.3,6.98,1,0,0.2,0,0.8,0,0.2,0.3,68.3,92.9,0,5.0,0,"Samuel Umtiti Barcelona, 28, D(CL)",720.0,1.4,1.4,0,0,0.4,79.1,92.7,6.95,Samuel Umtiti,Barcelona,22,BAR  FC Barcelona  Barcelona,D(CL),23.000,131.0,1.0,0.0
103,"71NachoReal Madrid, 32, D(CLR)","Nacho Real Madrid, 32, D(CLR)",2302,2,1.6,1.1,0.4,2.7,0.7,0.5,7.01,2,3,0.3,0.3,0.8,0.1,0.1,0.5,43.7,91.7,0.1,1.6,0,"Nacho Real Madrid, 32, D(CLR)",345.0,1,4,0,0,0,36.0,92.4,6.94,Nacho,Real Madrid,26,RM  Real Madrid CF  Real Madrid,D(CLR),33.000,156.0,1.0,0.0
104,"73Sergi RobertoBarcelona, 30, D(R),M(CR)","Sergi Roberto Barcelona, 30, D(R),M(CR)",2383,2,1.5,0.6,0.2,0.9,0.6,0.2,7.01,0,6,0.5,1.1,0.9,0,1,0.9,49.1,88.0,0.4,1.8,0,"Sergi Roberto Barcelona, 30, D(R),M(CR)",632.0,1.8,1.3,1,0,0.4,55.8,87.9,6.86,Sergi Roberto,Barcelona,24,BAR  FC Barcelona  Barcelona,"D(R),M(CR)",23.000,131.0,1.5,1.0
105,"75Yannick CarrascoAtletico, 28, M(CLR),FW","Yannick Carrasco Atletico, 28, M(CLR),FW",2270,0.7,0.4,0.9,0,0.3,0.5,0,7.01,10,4,2.4,1,1.4,0.3,1.5,1.8,23.6,83.0,0.3,0.5,0.1,"Yannick Carrasco Atletico, 28, M(CLR),FW",856.0,1.0,0.6,2,0,1.1,26.9,80.5,7.01,Yannick Carrasco,Atletico,22,ATL  Club Atlético de Madrid  Atlético,"M(CLR),FW",29.000,122.0,1.0,3.0
106,"62Lucas HernándezAtletico, 26, D(CL)","Lucas Hernández Atletico, 26, D(CL)",1253,1.6,1.5,0.9,0.1,4.2,0.6,0.4,7.04,0,0,0.1,0,1.3,0,0.1,0.5,33.3,79.0,0.2,1.3,0,"Lucas Hernández Atletico, 26, D(CL)",305.0,3.5,2.5,0,0,0.5,21.3,64.7,6.92,Lucas Hernández,Atletico,20,ATL  Club Atlético de Madrid  Atlético,D(CL),29.000,122.0,1.0,0.0
107,"63Franco VázquezSevilla, 33, AM(CLR),FW","Franco Vázquez Sevilla, 33, AM(CLR),FW",2092,2.1,0.3,2.0,0,0.4,0.8,0.2,7.03,7,3,1.8,1,2.4,0.4,1.6,1.3,30.6,77.5,0.5,1.5,0.2,"Franco Vázquez Sevilla, 33, AM(CLR),FW",334.0,1.4,0.6,0,1,1.2,28.4,71.8,6.68,Franco Vázquez,Sevilla,27,SEV  Sevilla FC  Sevilla,"AM(CLR),FW",19.000,92.0,1.0,3.0
108,"66Raphaël VaraneReal Madrid, 29, D(C)","Raphaël Varane Real Madrid, 29, D(C)",1928,1.3,1.7,0.5,0.8,4.3,0.3,0.3,7.03,1,2,0.5,0.3,0.3,0,0.2,0.3,48.3,87.8,0,3.7,0,"Raphaël Varane Real Madrid, 29, D(C)",900.0,2.2,1.3,2,0,0.2,49.2,90.2,7.08,Raphaël Varane,Real Madrid,23,RM  Real Madrid CF  Real Madrid,D(C),33.000,156.0,0.0,0.0
109,"68Stefan SavicAtletico, 31, D(C)","Stefan Savic Atletico, 31, D(C)",2727,1.5,2.1,0.7,0.3,5.2,0.7,1.0,7.02,1,1,0.1,0.1,0.5,0.1,0,0.3,30.4,78.2,0,3.6,0,"Stefan Savic Atletico, 31, D(C)",829.0,1.4,1.5,0,0,0.1,29.2,77.7,6.83,Stefan Savic,Atletico,25,ATL  Club Atlético de Madrid  Atlético,D(C),29.000,122.0,0.0,0.0
110,"69Sergio BusquetsBarcelona, 33, DMC","Sergio Busquets Barcelona, 33, DMC",2693,2.5,1.4,1.2,0.1,0.6,0.9,0.1,7.02,0,3,0.1,0.4,1.1,0,0.6,0.3,66.5,89.9,0,4.2,0,"Sergio Busquets Barcelona, 33, DMC",691.0,2.9,1.8,0,0,0.3,67.0,90.9,7.0,Sergio Busquets,Barcelona,27,BAR  FC Barcelona  Barcelona,DMC,23.000,131.0,0.0,1.0
111,"53Sergio RamosReal Madrid, 36, D(CR)","Sergio Ramos Real Madrid, 36, D(CR)",2489,1.5,2.0,1.2,0.6,3.5,0.6,0.5,7.1,7,0,1.3,0.2,1.3,0.1,0.1,0.5,61.1,89.6,0,5.5,0,"Sergio Ramos Real Madrid, 36, D(CR)",1001.0,2.3,2.6,1,2,0.4,62.7,88.4,7.26,Sergio Ramos,Real Madrid,30,RM  Real Madrid CF  Real Madrid,D(CR),33.000,156.0,1.0,0.0
112,"54VitoloSevilla, 32, M(CLR),FW","Vitolo Sevilla, 32, M(CLR),FW",2336,1.5,0.6,1.4,0,0.2,1.2,0.1,7.08,6,6,1.1,1.5,2.6,0.7,1.7,1.6,39.7,83.9,0.2,1.4,0,"Vitolo Sevilla, 32, M(CLR),FW",705.0,3.1,0.9,0,1,1.5,50.0,82.5,7.28,Vitolo,Sevilla,26,SEV  Sevilla FC  Sevilla,"M(CLR),FW",19.000,92.0,1.0,3.0
113,"57Karim BenzemaReal Madrid, 34, FW","Karim Benzema Real Madrid, 34, FW",1914,0.6,0.1,0.4,0,0.4,0.3,0,7.06,11,5,2.4,1.3,0.3,0.7,1.1,1.4,22.1,80.8,0.1,0.7,0,"Karim Benzema Real Madrid, 34, FW",952.0,0.5,0.2,5,0,1.5,28.6,83.9,7.12,Karim Benzema,Real Madrid,28,RM  Real Madrid CF  Real Madrid,FW,33.000,156.0,0.0,4.0
114,"43Arda TuranBarcelona, 35, AM(CLR)","Arda Turan Barcelona, 35, AM(CLR)",1244,1.8,0.7,1.7,0,0.3,0.8,0,7.15,3,3,0.8,1.5,1.2,0.2,1.3,1.1,39.3,87.1,0.3,1.2,0.1,"Arda Turan Barcelona, 35, AM(CLR)",172.0,0.2,0.2,4,1,0.6,27.6,81.9,7.24,Arda Turan,Barcelona,29,BAR  FC Barcelona  Barcelona,AM(CLR),23.000,131.0,1.0,2.5
115,"44RafinhaBarcelona, 29, M(CLR)","Rafinha Barcelona, 29, M(CLR)",1078,1.6,0.7,0.5,0,0.1,0.5,0.1,7.15,6,2,1.4,0.8,1.8,0.1,1.2,0.8,29.3,92.6,0.1,0.9,0.1,"Rafinha Barcelona, 29, M(CLR)",216.0,1.0,0.2,0,0,0.2,22.8,88.3,6.39,Rafinha,Barcelona,23,BAR  FC Barcelona  Barcelona,M(CLR),23.000,131.0,1.0,2.0
116,"45GabiAtletico, 38, M(C)","Gabi Atletico, 38, M(C)",2897,3.5,2.2,2.0,0,0.9,1.9,0.5,7.14,0,0,0.7,0.7,1.1,0,1.0,0.7,59.9,81.7,0.6,3.9,0,"Gabi Atletico, 38, M(C)",990.0,3,1.9,0,1,1.4,75.8,85.6,7.15,Gabi,Atletico,32,ATL  Club Atlético de Madrid  Atlético,M(C),29.000,122.0,0.0,2.0
117,"47Steven NzonziSevilla, 33, M(C)","Steven Nzonzi Sevilla, 33, M(C)",3067,1.9,1.1,1.1,0.1,1.4,0.6,0.2,7.13,2,3,0.9,0.6,0.9,0.1,0.8,0.7,79.8,89.9,0.1,4.5,0.1,"Steven Nzonzi Sevilla, 33, M(C)",720.0,2.3,1.6,1,0,1,87.3,90.8,7.48,Steven Nzonzi,Sevilla,27,SEV  Sevilla FC  Sevilla,M(C),19.000,92.0,0.0,2.0
118,"50Mateo KovacicReal Madrid, 28, M(CL)","Mateo Kovacic Real Madrid, 28, M(CL)",1689,2.4,0.8,0.6,0,0.3,0.9,0.1,7.12,1,3,0.5,0.6,1.4,0,1.2,0.8,38.3,91.3,0,1.3,0.3,"Mateo Kovacic Real Madrid, 28, M(CL)",219.0,1.2,0.3,1,0,1,33.2,95.5,6.8,Mateo Kovacic,Real Madrid,22,RM  Real Madrid CF  Real Madrid,M(CL),33.000,156.0,1.0,2.0
119,"31Ivan RakiticBarcelona, 34, M(C)","Ivan Rakitic Barcelona, 34, M(C)",2345,1.6,1.1,0.9,0,0.4,0.8,0.1,7.18,8,5,1.5,0.8,1.3,0.1,1.2,1.1,48.5,85.8,0.6,2.7,0,"Ivan Rakitic Barcelona, 34, M(C)",595.0,1.3,0.3,0,0,0.7,35.2,86.1,6.47,Ivan Rakitic,Barcelona,28,BAR  FC Barcelona  Barcelona,M(C),23.000,131.0,0.0,2.0
120,"33MarceloReal Madrid, 34, D(L),M(L)","Marcelo Real Madrid, 34, D(L),M(L)",2277,1.5,1.3,0.6,0.2,0.9,1.3,0.1,7.17,2,10,0.8,1.5,0.9,0.1,0.9,1.0,47.9,81.6,1.4,3.3,0.1,"Marcelo Real Madrid, 34, D(L),M(L)",1001.0,2.3,2.2,0,2,2.1,58.5,83.8,7.45,Marcelo,Real Madrid,28,RM  Real Madrid CF  Real Madrid,"D(L),M(L)",33.000,156.0,2.0,1.0
121,"34José GiménezAtletico, 27, D(CR)","José Giménez Atletico, 27, D(CR)",1013,2.4,1.9,0.6,0.1,3.4,0.9,0.4,7.17,0,0,0.8,0.3,1.2,0,0.4,0.5,27.1,73.7,0.1,2.1,0,"José Giménez Atletico, 27, D(CR)",507.0,3.3,3.3,0,0,0.2,33.0,76.8,7.78,José Giménez,Atletico,21,ATL  Club Atlético de Madrid  Atlético,D(CR),29.000,122.0,1.0,0.0
122,"35Álvaro MorataReal Madrid, 29, AM(L),FW","Álvaro Morata Real Madrid, 29, AM(L),FW",1334,0.6,0.1,1.2,0,0.4,0.4,0,7.17,15,4,2.1,0.7,1.3,0.8,1.3,1.2,13.8,78.8,0.2,0.3,0,"Álvaro Morata Real Madrid, 29, AM(L),FW",167.0,0.3,0.1,3,1,0.1,8.6,81.8,6.47,Álvaro Morata,Real Madrid,23,RM  Real Madrid CF  Real Madrid,"AM(L),FW",33.000,156.0,2.0,3.0
123,"36CasemiroReal Madrid, 30, DMC","Casemiro Real Madrid, 30, DMC",1709,4.0,1.7,2.1,0,1.1,1.9,0.2,7.16,4,0,0.6,0.4,1.8,0.1,0.9,0.9,42.4,85.6,0,3.9,0,"Casemiro Real Madrid, 30, DMC",827.0,5.3,3,2,2,0.6,57.8,86.5,7.77,Casemiro,Real Madrid,24,RM  Real Madrid CF  Real Madrid,DMC,33.000,156.0,0.0,1.0
124,"39KokeAtletico, 30, M(CLR)","Koke Atletico, 30, M(CLR)",3171,2.6,1.4,0.8,0,0.6,2.0,0.3,7.16,4,8,0.8,2.0,1.6,0.1,1.5,1.6,70.0,84.0,1.1,4.0,0.1,"Koke Atletico, 30, M(CLR)",1044.0,1.8,1.3,0,1,2.1,75.3,85.9,7.09,Koke,Atletico,24,ATL  Club Atlético de Madrid  Atlético,M(CLR),29.000,122.0,1.0,2.0
125,"21IscoReal Madrid, 30, M(CLR),FW","Isco Real Madrid, 30, M(CLR),FW",1638,1.6,0.6,0.6,0,0,1.1,0,7.24,10,8,1.1,1.2,1.4,0.1,1.5,1.3,40.4,89.4,0.3,1.7,0.3,"Isco Real Madrid, 30, M(CLR),FW",386.0,0.7,0.2,1,0,1,44.7,91.0,6.97,Isco,Real Madrid,24,RM  Real Madrid CF  Real Madrid,"M(CLR),FW",33.000,156.0,1.0,3.0
126,"23Diego GodínAtletico, 36, D(C)","Diego Godín Atletico, 36, D(C)",2706,1.6,2.5,1.0,0.2,4.4,0.6,0.5,7.23,3,1,1.0,0.2,1.0,0.3,0.1,0.4,40.2,79.5,0,4.4,0,"Diego Godín Atletico, 36, D(C)",990.0,2.5,2.6,0,0,0.5,41.7,81.3,7.33,Diego Godín,Atletico,30,ATL  Club Atlético de Madrid  Atlético,D(C),29.000,122.0,0.0,0.0
127,"24Luka ModricReal Madrid, 36, M(C)","Luka Modric Real Madrid, 36, M(C)",1892,1.5,1.7,1.0,0,0.3,0.8,0.2,7.23,1,2,0.8,1.3,1.2,0,1.2,0.9,54.6,89.1,0.4,3.6,0,"Luka Modric Real Madrid, 36, M(C)",983.0,1.0,2.5,0,1,1.2,67.0,89.3,7.28,Luka Modric,Real Madrid,30,RM  Real Madrid CF  Real Madrid,M(C),33.000,156.0,0.0,2.0
128,"25Daniel CarvajalReal Madrid, 30, D(R)","Daniel Carvajal Real Madrid, 30, D(R)",2015,2.5,2.0,1.3,0.1,1.1,1.0,0.3,7.22,0,4,0.4,1.5,1.0,0,0.7,1.0,52.5,86.9,0.8,2.8,0,"Daniel Carvajal Real Madrid, 30, D(R)",976.0,2.5,1.5,0,5,1.1,57.1,86.8,7.1,Daniel Carvajal,Real Madrid,24,RM  Real Madrid CF  Real Madrid,D(R),33.000,156.0,2.0,0.0
129,"26PepeReal Madrid, 39, D(C)","Pepe Real Madrid, 39, D(C)",1081,1.2,1.5,0.9,0.2,5.2,0.5,0.5,7.22,2,1,0.4,0.4,1.4,0.3,0.5,0.5,51.3,85.3,0.1,3.8,0.1,"Pepe Real Madrid, 39, D(C)",199.0,2.0,1.7,0,0,0,43.0,85.3,6.71,Pepe,Real Madrid,33,RM  Real Madrid CF  Real Madrid,D(C),33.000,156.0,0.0,0.0
130,"28Sergio EscuderoSevilla, 32, D(L),M(L)","Sergio Escudero Sevilla, 32, D(L),M(L)",2282,3.1,1.8,1.1,0.1,1.8,1.5,0.3,7.21,0,3,1.2,0.9,1.6,0.1,0.6,1.4,47.6,82.2,0.5,1.8,0,"Sergio Escudero Sevilla, 32, D(L),M(L)",720.0,3.8,2.9,1,1,0.9,51.6,83.3,7.6,Sergio Escudero,Sevilla,26,SEV  Sevilla FC  Sevilla,"D(L),M(L)",19.000,92.0,2.0,1.0
131,"30Gerard PiquéBarcelona, 35, D(C)","Gerard Piqué Barcelona, 35, D(C)",2193,1.7,1.5,0.9,1.1,4.2,0.5,0.6,7.2,2,0,0.8,0.1,0.3,0.1,0.2,0.6,69.5,90.2,0,6.4,0,"Gerard Piqué Barcelona, 35, D(C)",651.0,1.3,1.3,1,0,0.1,76.3,90.8,7.04,Gerard Piqué,Barcelona,29,BAR  FC Barcelona  Barcelona,D(C),23.000,131.0,0.0,0.0
132,"11DaniloReal Madrid, 30, D(CLR),DMC","Danilo Real Madrid, 30, D(CLR),DMC",1488,3,2.4,1,0.1,2.3,0.8,0.5,7.41,1,2,0.6,1.1,1.3,0.1,0.5,0.5,45.3,86.4,0.4,2.1,0.1,"Danilo Real Madrid, 30, D(CLR),DMC",270.0,2.7,1.7,0,1,1,47.7,86.0,6.71,Danilo,Real Madrid,24,RM  Real Madrid CF  Real Madrid,"D(CLR),DMC",33.000,156.0,0.5,0.5
133,"13Antoine GriezmannAtletico, 31, AM(CLR),FW","Antoine Griezmann Atletico, 31, AM(CLR),FW",3067,1.3,0.5,0.8,0,0.4,0.6,0.1,7.37,16,8,2.4,1.6,0.9,0.8,1.2,1.3,35.6,78.3,0.1,1.2,0.1,"Antoine Griezmann Atletico, 31, AM(CLR),FW",1068.0,1.8,0.8,6,2,1.9,44.3,79.7,7.35,Antoine Griezmann,Atletico,25,ATL  Club Atlético de Madrid  Atlético,"AM(CLR),FW",29.000,122.0,1.0,3.0
134,"14Aleix VidalBarcelona, 32, D(R),M(LR)","Aleix Vidal Barcelona, 32, D(R),M(LR)",472,1.3,1.3,1.2,0.2,0.8,0.5,0.2,7.34,2,2,1.5,0.8,0.8,0.5,0.5,0.8,52.0,82.4,0.3,2.5,0,"Aleix Vidal Barcelona, 32, D(R),M(LR)",90.0,3.0,2,0,1,1.0,75.0,90.7,8.06,Aleix Vidal,Barcelona,26,BAR  FC Barcelona  Barcelona,"D(R),M(LR)",23.000,131.0,2.0,1.0
135,"17Saúl ÑíguezAtletico, 27, D(CL),M(CLR)","Saúl Ñíguez Atletico, 27, D(CL),M(CLR)",2544,3.1,1.8,2.2,0,1.8,1.1,0.2,7.31,4,3,1.4,0.8,0.9,0.1,1.1,1.5,36.3,77.4,0.1,1.2,0.1,"Saúl Ñíguez Atletico, 27, D(CL),M(CLR)",840.0,2.3,1.5,4,0,0.1,34.8,77.0,7.18,Saúl Ñíguez,Atletico,21,ATL  Club Atlético de Madrid  Atlético,"D(CL),M(CLR)",29.000,122.0,1.0,1.0
136,"18James RodríguezReal Madrid, 30, AM(CLR),FW","James Rodríguez Real Madrid, 30, AM(CLR),FW",1180,1.3,0.5,0.5,0,0.2,0.7,0,7.27,8,6,1.5,2.0,0.9,0.5,0.6,1.5,37.9,89.1,1.1,2.1,0,"James Rodríguez Real Madrid, 30, AM(CLR),FW",318.0,0.8,0.5,0,2,1.7,34.7,88.9,6.81,James Rodríguez,Real Madrid,24,RM  Real Madrid CF  Real Madrid,"AM(CLR),FW",33.000,156.0,1.0,3.0
137,"1NeymarBarcelona, 30, AM(CLR),FW","Neymar Barcelona, 30, AM(CLR),FW",2652,1.3,0.3,1.2,0,0.1,0.5,0,8.52,13,11,3.5,3,4.2,0.7,2.8,2.6,50.7,76.5,2.2,2.2,0.3,"Neymar Barcelona, 30, AM(CLR),FW",797.0,1.8,0.2,4,8,2.9,50.7,74.8,8.24,Neymar,Barcelona,24,BAR  FC Barcelona  Barcelona,"AM(CLR),FW",23.000,131.0,1.0,3.0
138,"2Lionel MessiBarcelona, 34, AM(CR),FW","Lionel Messi Barcelona, 34, AM(CR),FW",2833,0.7,0.2,0.4,0,0,0.4,0,8.47,37,9,5.3,2.3,2.3,0.1,2.6,1.4,48.4,80.2,0.3,2.7,0.6,"Lionel Messi Barcelona, 34, AM(CR),FW",810.0,1.1,0,11,2,2.1,53.9,81.4,8.24,Lionel Messi,Barcelona,28,BAR  FC Barcelona  Barcelona,"AM(CR),FW",23.000,131.0,1.0,3.0
139,"5Luis SuárezBarcelona, 35, AM(CLR),FW","Luis Suárez Barcelona, 35, AM(CLR),FW",2865,0.5,0.3,0.9,0,0.7,0.2,0.1,7.8,29,13,3.4,1.8,1.3,1.6,0.9,2,24.9,74.8,0.2,0.9,0.1,"Luis Suárez Barcelona, 35, AM(CLR),FW",810.0,0.9,0.2,3,2,0.8,25.0,71.6,7.09,Luis Suárez,Barcelona,29,BAR  FC Barcelona  Barcelona,"AM(CLR),FW",23.000,131.0,1.0,3.0
140,"6Toni KroosReal Madrid, 32, M(C)","Toni Kroos Real Madrid, 32, M(C)",2501,2.6,1.1,0.9,0,0.3,1.5,0.1,7.67,3,12,1.1,2.8,1.2,0,0.5,0.3,71.4,92.2,1.6,8.1,0.1,"Toni Kroos Real Madrid, 32, M(C)",1027.0,1.9,1.1,1,1,2.8,71.5,93.4,7.25,Toni Kroos,Real Madrid,26,RM  Real Madrid CF  Real Madrid,M(C),33.000,156.0,0.0,2.0
141,"7Cristiano RonaldoReal Madrid, 37, M(L),FW","Cristiano Ronaldo Real Madrid, 37, M(L),FW",2544,0.2,0.3,0.6,0,0.5,0.2,0.1,7.61,25,6,5.6,1.1,1.6,1.2,1.3,1.7,26.6,80.0,0.3,0.4,0,"Cristiano Ronaldo Real Madrid, 37, M(L),FW",1200.0,0.2,0.4,12,5,1.5,31.8,86.9,8.06,Cristiano Ronaldo,Real Madrid,31,RM  Real Madrid CF  Real Madrid,"M(L),FW",33.000,156.0,2.0,3.0
142,"8Filipe LuísAtletico, 36, D(L)","Filipe Luís Atletico, 36, D(L)",3009,3.5,1.9,1,0.1,1.4,0.6,0.3,7.55,3,6,0.7,1,1.4,0.2,0.9,1.1,52.1,82.7,0.8,2.4,0,"Filipe Luís Atletico, 36, D(L)",869.0,3.2,1.4,0,1,0.6,54.9,82.3,7.41,Filipe Luís,Atletico,30,ATL  Club Atlético de Madrid  Atlético,D(L),29.000,122.0,2.0,0.0
143,"10Gareth BaleReal Madrid, 32, M(CLR),FW","Gareth Bale Real Madrid, 32, M(CLR),FW",1425,0.9,0.9,0.5,0.1,0.7,0.3,0.1,7.49,7,2,3.4,1.2,0.8,0.7,0.8,0.8,29.4,78.9,0.5,1.3,0,"Gareth Bale Real Madrid, 32, M(CLR),FW",509.0,0.8,1,2,1,1.1,28.9,79.2,7.28,Gareth Bale,Real Madrid,26,RM  Real Madrid CF  Real Madrid,"M(CLR),FW",33.000,156.0,1.0,3.0
144,"437Manolo GabbiadiniNapoli, 30, AM(CLR),FW","Manolo Gabbiadini Napoli, 30, AM(CLR),FW",514,0.2,0.2,0.5,0,0.2,0.2,0,6.36,3,0,1.8,0.2,0.6,0.5,0.3,1.3,8.2,70.1,0,0,0,"Manolo Gabbiadini Napoli, 30, AM(CLR),FW",177.0,0,0,1,0,0,6.6,60.6,6.31,Manolo Gabbiadini,Napoli,24,NAP  SSC Napoli  Napoli,"AM(CLR),FW",17.000,74.0,1.0,3.0
145,"371Arkadiusz MilikNapoli, 28, AM(C),FW","Arkadiusz Milik Napoli, 28, AM(C),FW",547,0.2,0.1,0.7,0,0.1,0.1,0.1,6.49,5,0,1.3,0.4,0.4,0.3,0.3,1.5,9.4,80.5,0.1,0.4,0.1,"Arkadiusz Milik Napoli, 28, AM(C),FW",199.0,0.3,0,3,1,0.5,8.8,77.1,6.95,Arkadiusz Milik,Napoli,22,NAP  SSC Napoli  Napoli,"AM(C),FW",17.000,74.0,0.0,3.0
146,"341Stefano SturaroJuventus, 29, M(CL)","Stefano Sturaro Juventus, 29, M(CL)",1036,1.6,0.2,1.2,0,0.6,0.8,0.1,6.55,0,1,1,0.6,1.3,0.1,0.6,1.2,16.7,80.3,0.1,1.1,0,"Stefano Sturaro Juventus, 29, M(CL)",139.0,0.5,0.3,0,0,0.5,14.5,77.6,6.27,Stefano Sturaro,Juventus,23,JUV  Juventus  Juventus,M(CL),33.000,126.0,1.0,2.0
147,"295Amadou DiawaraNapoli, 24, DMC","Amadou Diawara Napoli, 24, DMC",1040,1.4,1.5,0.7,0.1,0.8,0.3,0.2,6.62,0,0,0.3,0.6,0.6,0,0.3,0.4,50.2,89.8,0,1.4,0.1,"Amadou Diawara Napoli, 24, DMC",391.0,2,0.7,0,0,0.3,62.5,87.7,6.43,Amadou Diawara,Napoli,18,NAP  SSC Napoli  Napoli,DMC,17.000,74.0,0.0,1.0
148,"276Stephan LichtsteinerJuventus, 38, D(R),M(R)","Stephan Lichtsteiner Juventus, 38, D(R),M(R)",1871,1.1,0.7,0.8,0,1.4,0.3,0.2,6.65,1,2,0.2,0.7,0.8,0.1,0.7,0.8,35.7,78.7,0.5,1.1,0,"Stephan Lichtsteiner Juventus, 38, D(R),M(R)",73.0,1,0,0,0,0,51.0,90.2,6.69,Stephan Lichtsteiner,Juventus,32,JUV  Juventus  Juventus,"D(R),M(R)",33.000,126.0,2.0,1.0
149,"267Mario LeminaJuventus, 28, DMC","Mario Lemina Juventus, 28, DMC",896,1.3,0.6,0.8,0,0.6,0.5,0.1,6.66,1,1,0.9,0.4,0.6,0.1,0.4,0.7,26.3,90.0,0.2,1.6,0,"Mario Lemina Juventus, 28, DMC",270.0,1.3,1.1,0,0,0.4,24.4,89.5,6.4,Mario Lemina,Juventus,22,JUV  Juventus  Juventus,DMC,33.000,126.0,0.0,1.0
150,"240Andrea BarzagliJuventus, 41, D(CR)","Andrea Barzagli Juventus, 41, D(CR)",1527,0.8,1.3,0.4,0.1,2.4,0.4,0.2,6.7,0,0,0.1,0.1,0.5,0,0.3,0.2,47.4,90.7,0,3.7,0,"Andrea Barzagli Juventus, 41, D(CR)",717.0,0.8,1.4,0,0,0,49.4,92.1,6.68,Andrea Barzagli,Juventus,35,JUV  Juventus  Juventus,D(CR),33.000,126.0,1.0,0.0
151,"146Claudio MarchisioJuventus, 36, M(C)","Claudio Marchisio Juventus, 36, M(C)",1261,1.1,2,1.2,0,0.8,0.8,0.1,6.86,1,2,0.5,0.4,0.6,0,0.7,0.6,47.2,87.6,0.1,5.0,0.1,"Claudio Marchisio Juventus, 36, M(C)",529.0,1.1,1,1,1,0.3,54.5,86.9,6.79,Claudio Marchisio,Juventus,30,JUV  Juventus  Juventus,M(C),33.000,126.0,0.0,2.0
152,"122AllanNapoli, 31, DMC","Allan Napoli, 31, DMC",1618,2.4,0.9,0.9,0,0.5,1,0.1,6.92,1,6,0.5,1,1.1,0,0.8,1.3,39.6,86.6,0.2,1.3,0.1,"Allan Napoli, 31, DMC",443.0,2.0,0.5,0,0,0.6,29.1,84.1,6.47,Allan,Napoli,25,NAP  SSC Napoli  Napoli,DMC,17.000,74.0,0.0,1.0
153,"128Elseid HysajNapoli, 28, D(LR),M(R)","Elseid Hysaj Napoli, 28, D(LR),M(R)",3032,2.1,0.9,0.8,0.5,1.8,0.6,0.3,6.91,0,1,0.2,0.5,0.9,0.1,0.6,0.8,57.3,86.5,0.5,1.7,0,"Elseid Hysaj Napoli, 28, D(LR),M(R)",630.0,1.9,1.4,0,0,0.4,41.1,79.2,6.58,Elseid Hysaj,Napoli,22,NAP  SSC Napoli  Napoli,"D(LR),M(R)",17.000,74.0,2.0,1.0
154,"117Leonardo BonucciJuventus, 35, D(C)","Leonardo Bonucci Juventus, 35, D(C)",2406,1,2.1,0.9,0.4,3.3,0.6,0.4,6.93,3,0,0.7,0.3,0.6,0.1,0.2,0.2,65.1,87.2,0.1,7.9,0,"Leonardo Bonucci Juventus, 35, D(C)",968.0,1.7,1.8,1,0,0.4,62.1,85.4,7.14,Leonardo Bonucci,Juventus,29,JUV  Juventus  Juventus,D(C),33.000,126.0,0.0,0.0
155,"101Raúl AlbiolNapoli, 36, D(C)","Raúl Albiol Napoli, 36, D(C)",2297,1.3,0.8,0.9,0.5,4.7,0.6,0.5,6.95,0,1,0.3,0.3,0.4,0,0.1,0.1,70.2,86.4,0,6.1,0,"Raúl Albiol Napoli, 36, D(C)",461.0,1.2,1,0,0,0.2,58.7,90.1,6.56,Raúl Albiol,Napoli,30,NAP  SSC Napoli  Napoli,D(C),17.000,74.0,0.0,0.0
156,"97Piotr ZielinskiNapoli, 28, M(CL)","Piotr Zielinski Napoli, 28, M(CL)",1850,1.0,0.5,0.6,0,0.2,0.5,0,6.98,5,7,0.9,1.1,0.6,0,0.8,0.6,38.0,87.7,0.1,1.8,0.1,"Piotr Zielinski Napoli, 28, M(CL)",306.0,1.1,0.9,0,0,0.9,25.3,89.3,6.41,Piotr Zielinski,Napoli,22,NAP  SSC Napoli  Napoli,M(CL),17.000,74.0,1.0,2.0
157,"81Sami KhediraJuventus, 35, M(C)","Sami Khedira Juventus, 35, M(C)",2548,1.4,0.9,0.4,0,0.8,0.5,0.2,7.02,5,4,1.3,1,0.9,0.2,0.6,0.6,45.8,86.3,0.3,2.5,0.1,"Sami Khedira Juventus, 35, M(C)",895.0,0.7,1.1,0,0,0.4,44.4,86.3,6.59,Sami Khedira,Juventus,29,JUV  Juventus  Juventus,M(C),33.000,126.0,0.0,2.0
158,"72Faouzi GhoulamNapoli, 31, D(L)","Faouzi Ghoulam Napoli, 31, D(L)",2379,1,1,0.6,0.3,1.7,0.3,0.2,7.04,0,6,0.6,2,0.8,0.1,0.6,0.7,54.6,87.4,1.8,1.6,0,"Faouzi Ghoulam Napoli, 31, D(L)",720.0,1.1,1.9,0,3,2,48.3,84.7,7.09,Faouzi Ghoulam,Napoli,25,NAP  SSC Napoli  Napoli,D(L),17.000,74.0,2.0,0.0
159,"78Mario MandzukicJuventus, 36, M(L),FW","Mario Mandzukic Juventus, 36, M(L),FW",2488,1.1,0.8,1.3,0,0.9,0.6,0.2,7.03,7,4,1.6,1.1,1.3,0.4,0.9,1.3,25.7,72.9,0.2,1.0,0,"Mario Mandzukic Juventus, 36, M(L),FW",914.0,1.7,0.8,3,0,1,28.0,68.2,7.29,Mario Mandzukic,Juventus,30,JUV  Juventus  Juventus,"M(L),FW",33.000,126.0,2.0,3.0
160,"62Kwadwo AsamoahJuventus, 33, D(L),M(CL)","Kwadwo Asamoah Juventus, 33, D(L),M(CL)",1470,1.7,1.4,0.7,0.1,1.3,0.4,0.1,7.08,0,1,0.4,0.8,2.0,0.2,1.2,1.1,43.5,89.8,0.3,2.4,0,"Kwadwo Asamoah Juventus, 33, D(L),M(CL)",160.0,1,0.7,0,0,1,26.3,87.3,6.49,Kwadwo Asamoah,Juventus,27,JUV  Juventus  Juventus,"D(L),M(CL)",33.000,126.0,1.5,1.0
161,"66Vlad ChirichesNapoli, 32, D(CR)","Vlad Chiriches Napoli, 32, D(CR)",1124,1.1,1.3,0.4,0.6,2.4,0.3,0.7,7.06,2,0,0.4,0.2,0.6,0,0,0.2,63.0,93.0,0.1,6.6,0,"Vlad Chiriches Napoli, 32, D(CR)",90.0,1,1,0,0,0,79.0,88.6,6.11,Vlad Chiriches,Napoli,26,NAP  SSC Napoli  Napoli,D(CR),17.000,74.0,1.0,0.0
162,"67Nikola MaksimovicNapoli, 30, D(CR),M(R)","Nikola Maksimovic Napoli, 30, D(CR),M(R)",677,1.6,1.4,1.1,0.8,3.4,0.4,1.9,7.06,1,0,0.1,0.1,1.1,0,0,0.1,66.0,93.0,0,3.5,0,"Nikola Maksimovic Napoli, 30, D(CR),M(R)",169.0,1,1.5,0,0,0.5,72.5,93.1,6.82,Nikola Maksimovic,Napoli,24,NAP  SSC Napoli  Napoli,"D(CR),M(R)",17.000,74.0,1.5,1.0
163,"68HernanesJuventus, 37, M(C)","Hernanes Juventus, 37, M(C)",723,2.1,1.2,1.9,0,2.1,0.5,0.3,7.05,1,0,1.7,0.6,1.1,0,1.2,0.9,46.0,87.4,0,3.2,0.2,"Hernanes Juventus, 37, M(C)",95.0,0,3,0,0,0,44.5,94.4,6.77,Hernanes,Juventus,31,JUV  Juventus  Juventus,M(C),33.000,126.0,0.0,2.0
164,"51Daniele RuganiJuventus, 27, D(C)","Daniele Rugani Juventus, 27, D(C)",1077,1.3,1.5,1,0.2,3.7,0.1,0.3,7.13,2,0,0.2,0.1,0.8,0.1,0.2,0.5,55.3,88.9,0,2.6,0,"Daniele Rugani Juventus, 27, D(C)",180.0,1.0,0,1,0,0.5,83.0,89.8,7.37,Daniele Rugani,Juventus,21,JUV  Juventus  Juventus,D(C),33.000,126.0,0.0,0.0
165,"53Giorgio ChielliniJuventus, 37, D(C)","Giorgio Chiellini Juventus, 37, D(C)",1638,1.8,1.7,1.2,0.2,4.7,0.2,0.7,7.12,2,1,0.6,0.2,1.4,0,0.3,0.5,59.1,87.0,0.1,4.6,0,"Giorgio Chiellini Juventus, 37, D(C)",723.0,2.0,1.8,1,0,0.3,49.1,87.1,7.31,Giorgio Chiellini,Juventus,31,JUV  Juventus  Juventus,D(C),33.000,126.0,0.0,0.0
166,"55Juan CuadradoJuventus, 34, D(R),M(CLR),FW","Juan Cuadrado Juventus, 34, D(R),M(CLR),FW",2099,1.6,0.9,1.3,0.1,0.5,0.9,0,7.12,2,6,1.2,1.6,2.7,0.2,1.3,1.5,38.1,85.7,1,1.6,0.1,"Juan Cuadrado Juventus, 34, D(R),M(CLR),FW",586.0,0.8,0.3,1,1,1.3,22.2,86.1,6.7,Juan Cuadrado,Juventus,28,JUV  Juventus  Juventus,"D(R),M(CLR),FW",33.000,126.0,1.5,2.0
167,"47Medhi BenatiaJuventus, 35, D(C)","Medhi Benatia Juventus, 35, D(C)",1183,2.1,2.5,1.5,0.4,3.7,0.3,0.6,7.14,1,0,0.6,0.1,0.7,0.1,0.3,0,57.5,90.7,0,3.5,0,"Medhi Benatia Juventus, 35, D(C)",183.0,0.2,2.0,0,0,0,37.2,93.0,6.63,Medhi Benatia,Juventus,29,JUV  Juventus  Juventus,D(C),33.000,126.0,0.0,0.0
168,"31JorginhoNapoli, 30, DMC","Jorginho Napoli, 30, DMC",2148,2.3,2.0,1.0,0,0.6,1.3,0.2,7.24,0,3,0.9,1.4,1.0,0,0.6,0.4,98.0,90.5,0.1,3.0,0.2,"Jorginho Napoli, 30, DMC",329.0,2.5,3,0,0,0,84.0,91.1,6.34,Jorginho,Napoli,24,NAP  SSC Napoli  Napoli,DMC,17.000,74.0,0.0,1.0
169,"36Kalidou KoulibalyNapoli, 30, D(C)","Kalidou Koulibaly Napoli, 30, D(C)",2472,2.0,2.3,1.5,0.7,4.1,0.4,1,7.22,2,0,0.4,0.2,0.5,0.1,0.2,0.5,69.6,89.4,0.1,3.5,0,"Kalidou Koulibaly Napoli, 30, D(C)",720.0,3,0.9,0,0,0.1,73.5,88.4,6.68,Kalidou Koulibaly,Napoli,24,NAP  SSC Napoli  Napoli,D(C),17.000,74.0,0.0,0.0
170,"27Dani AlvesJuventus, 39, D(R),M(CR)","Dani Alves Juventus, 39, D(R),M(CR)",1347,2.5,1.5,1.5,0.2,0.7,1.0,0,7.28,2,2,1.0,1.7,1.1,0.1,0.9,0.9,60.8,85.4,1.4,3.9,0.1,"Dani Alves Juventus, 39, D(R),M(CR)",1001.0,2.8,1.3,3,4,2.6,59.1,87.3,7.75,Dani Alves,Juventus,33,JUV  Juventus  Juventus,"D(R),M(CR)",33.000,126.0,1.5,1.0
171,"12Gonzalo HiguaínJuventus, 34, FW","Gonzalo Higuaín Juventus, 34, FW",2968,0.5,0.2,0.6,0,0.4,0.7,0.1,7.5,24,3,3.5,1.0,1.0,0.8,1.4,1.8,20.0,82.6,0.1,2.0,0.1,"Gonzalo Higuaín Juventus, 34, FW",1039.0,0.6,0.3,5,1,0.7,20.6,79.4,7.14,Gonzalo Higuaín,Juventus,28,JUV  Juventus  Juventus,FW,33.000,126.0,0.0,4.0
172,"14Paulo DybalaJuventus, 28, AM(CR),FW","Paulo Dybala Juventus, 28, AM(CR),FW",2154,0.5,0.7,0.7,0,0,0.6,0.1,7.46,11,7,2.9,1.9,1.7,0.4,2.1,2.0,35.7,85.4,0.9,2.4,0.3,"Paulo Dybala Juventus, 28, AM(CR),FW",797.0,0.9,0.4,4,0,1.4,36.6,85.6,7.34,Paulo Dybala,Juventus,22,JUV  Juventus  Juventus,"AM(CR),FW",33.000,126.0,1.0,3.0
173,"15José CallejónNapoli, 35, M(LR),FW","José Callejón Napoli, 35, M(LR),FW",3149,1.1,0.8,0.9,0,0.7,0.8,0,7.42,14,12,2.3,2.1,1.8,0.4,0.6,1.0,41.9,85.4,1.0,1.3,0,"José Callejón Napoli, 35, M(LR),FW",700.0,1.0,0.5,1,1,2,28.0,83.5,6.87,José Callejón,Napoli,29,NAP  SSC Napoli  Napoli,"M(LR),FW",17.000,74.0,2.0,3.0
174,"18Marek HamsikNapoli, 34, M(C),FW","Marek Hamsik Napoli, 34, M(C),FW",3050,0.9,0.4,0.4,0,0.7,0.7,0.1,7.37,12,10,2.3,2.0,0.8,0.1,1.1,0.9,81.2,88.4,0.2,5.1,0.2,"Marek Hamsik Napoli, 34, M(C),FW",652.0,1.3,0.6,2,2,1.3,68.8,85.1,7.03,Marek Hamsik,Napoli,28,NAP  SSC Napoli  Napoli,"M(C),FW",17.000,74.0,0.0,3.0
175,"20Miralem PjanicJuventus, 32, M(C)","Miralem Pjanic Juventus, 32, M(C)",2173,1.3,1.1,0.9,0,0.3,1.2,0.1,7.31,5,9,1.7,2.0,0.9,0.1,0.8,0.9,54.0,86.7,1.6,3.5,0.2,"Miralem Pjanic Juventus, 32, M(C)",908.0,2.1,1.5,1,3,1.7,49.3,84.0,7.23,Miralem Pjanic,Juventus,26,JUV  Juventus  Juventus,M(C),33.000,126.0,0.0,2.0
176,"3Dries MertensNapoli, 35, AM(CLR),FW","Dries Mertens Napoli, 35, AM(CLR),FW",2566,0.7,0.2,1.2,0,0.3,0.4,0.1,7.76,28,9,4.2,1.6,1.6,0.5,0.9,1.7,22.9,76.3,0.2,0.5,0.2,"Dries Mertens Napoli, 35, AM(CLR),FW",571.0,0.6,0.5,5,2,1.1,23.1,78.4,7.27,Dries Mertens,Napoli,29,NAP  SSC Napoli  Napoli,"AM(CLR),FW",17.000,74.0,1.0,3.0
177,"5Lorenzo InsigneNapoli, 31, AM(CL),FW","Lorenzo Insigne Napoli, 31, AM(CL),FW",2935,1,0.7,0.2,0,0.1,0.9,0,7.67,18,9,4,1.8,0.6,0.7,1.3,1.6,63.3,86.1,0.5,1.9,0.2,"Lorenzo Insigne Napoli, 31, AM(CL),FW",498.0,0.9,0.8,1,0,1.3,46.0,83.2,6.57,Lorenzo Insigne,Napoli,25,NAP  SSC Napoli  Napoli,"AM(CL),FW",17.000,74.0,1.0,3.0
178,"7Alex SandroJuventus, 31, D(CL),M(L)","Alex Sandro Juventus, 31, D(CL),M(L)",2310,2.3,2.1,1.6,0.2,2.0,0.6,0.1,7.63,3,4,0.7,1.9,2,0.1,1.4,1.4,47.4,84.6,1.3,3.7,0,"Alex Sandro Juventus, 31, D(CL),M(L)",854.0,2.5,1.2,0,1,1.2,37.5,83.1,7.25,Alex Sandro,Juventus,25,JUV  Juventus  Juventus,"D(CL),M(L)",33.000,126.0,1.5,1.0
179,"385Patrick HerrmannBorussia M.Gladbach, 31, M(LR),FW","Patrick Herrmann Borussia M.Gladbach, 31, M(LR),FW",699,0.7,0.9,0.4,0,0.1,0.2,0,6.35,1,1,0.4,0.7,0.8,0.4,0.4,0.8,10.7,65.8,0.4,0.1,0,"Patrick Herrmann Borussia M.Gladbach, 31, M(LR),FW",32.0,0.3,0.3,0,0,0,6.0,83.3,5.93,Patrick Herrmann,Borussia M.Gladbach,25,MON  VfL Borussia Mönchengladbach  Mönchengladbach,"M(LR),FW",12.000,38.0,2.0,3.0
180,"360Renato SanchesBayern, 24, M(CR)","Renato Sanches Bayern, 24, M(CR)",618,0.5,0.6,1,0,0.2,0.3,0,6.43,0,0,0.7,0.2,0.8,0.1,0.8,0.5,27.9,88.0,0.1,1.9,0,"Renato Sanches Bayern, 24, M(CR)",201.0,0.2,0.8,0,0,0.8,31.3,91.5,6.56,Renato Sanches,Bayern,18,BAY  FC Bayern München  Bayern,M(CR),22.000,139.0,1.0,2.0
181,"346Sebastian RodeBorussia Dortmund, 31, D(R),M(C)","Sebastian Rode Borussia Dortmund, 31, D(R),M(C)",575,0.6,1.3,0.6,0,0.3,0.6,0,6.46,1,0,0.4,0.6,0.6,0,0.8,0.4,31.6,88.9,0.1,1.7,0,"Sebastian Rode Borussia Dortmund, 31, D(R),M(C)",140.0,1.8,1.3,0,0,0,27.3,90.8,6.35,Sebastian Rode,Borussia Dortmund,25,BVB  Borussia Dortmund  Dortmund,"D(R),M(C)",22.000,109.0,1.0,1.0
182,"312Admir MehmediLeverkusen, 31, M(CLR),FW","Admir Mehmedi Leverkusen, 31, M(CLR),FW",1264,1,1,1.3,0,0.3,0.4,0,6.52,3,0,0.7,0.5,0.9,0.7,1.1,1.2,20.7,75.6,0.1,0.2,0,"Admir Mehmedi Leverkusen, 31, M(CLR),FW",297.0,1.5,1.3,1,1,0.7,20.7,78.2,6.84,Admir Mehmedi,Leverkusen,25,BL  Bayer 04 Leverkusen  Leverkusen,"M(CLR),FW",18.000,75.0,1.0,3.0
183,"314André HahnBorussia M.Gladbach, 31, AM(CLR),FW","André Hahn Borussia M.Gladbach, 31, AM(CLR),FW",1599,0.9,0.9,1.5,0,0.3,0.6,0.1,6.52,3,1,1.1,0.4,1.2,0.8,0.6,1.4,13.7,58.8,0.1,0.3,0,"André Hahn Borussia M.Gladbach, 31, AM(CLR),FW",342.0,0.5,0.3,1,1,0.5,15.8,57.9,6.59,André Hahn,Borussia M.Gladbach,25,MON  VfL Borussia Mönchengladbach  Mönchengladbach,"AM(CLR),FW",12.000,38.0,1.0,3.0
184,"298Tobias StroblBorussia M.Gladbach, 32, D(CR),DMC","Tobias Strobl Borussia M.Gladbach, 32, D(CR),DMC",1567,1.5,2,1.4,0.1,1.1,0.8,0.4,6.55,0,2,0.4,0.4,0.6,0,0.4,0.3,42.0,86.1,0,4.2,0,"Tobias Strobl Borussia M.Gladbach, 32, D(CR),DMC",437.0,2.8,2.6,0,0,0.2,47.8,84.1,6.66,Tobias Strobl,Borussia M.Gladbach,26,MON  VfL Borussia Mönchengladbach  Mönchengladbach,"D(CR),DMC",12.000,38.0,0.5,0.5
185,"282Aleksandar DragovicLeverkusen, 31, D(CR)","Aleksandar Dragovic Leverkusen, 31, D(CR)",1258,0.6,1.8,0.8,0.7,4.2,0.1,0.3,6.6,0,1,0.3,0.2,0.7,0.1,0.2,0.3,37.3,84.6,0,2.6,0,"Aleksandar Dragovic Leverkusen, 31, D(CR)",270.0,1.7,2.3,0,0,0,54.7,84.1,6.65,Aleksandar Dragovic,Leverkusen,25,BL  Bayer 04 Leverkusen  Leverkusen,D(CR),18.000,75.0,1.0,0.0
186,"285Julian KorbBorussia M.Gladbach, 30, D(R),M(R)","Julian Korb Borussia M.Gladbach, 30, D(R),M(R)",754,2.4,1.3,0.7,0.2,0.9,0.6,0,6.59,0,0,0.2,0.6,0.7,0,0.3,0.5,38.2,76.9,0.3,1.6,0.1,"Julian Korb Borussia M.Gladbach, 30, D(R),M(R)",397.0,3.2,2.4,0,0,0.2,38.2,72.3,6.38,Julian Korb,Borussia M.Gladbach,24,MON  VfL Borussia Mönchengladbach  Mönchengladbach,"D(R),M(R)",12.000,38.0,2.0,1.0
187,"273Felix PasslackBorussia Dortmund, 24, D(LR),M(CR)","Felix Passlack Borussia Dortmund, 24, D(LR),M(CR)",534,1.5,0.5,0.5,0,1.1,0.7,0,6.62,0,0,0.3,0.4,0.7,0,0.4,0.4,37.6,89.6,0.4,1.1,0,"Felix Passlack Borussia Dortmund, 24, D(LR),M(CR)",180.0,2.5,1.5,1,0,0,51.5,85.4,7.23,Felix Passlack,Borussia Dortmund,18,BVB  Borussia Dortmund  Dortmund,"D(LR),M(CR)",22.000,109.0,1.5,1.0
188,"274Jonas HofmannBorussia M.Gladbach, 29, M(CLR)","Jonas Hofmann Borussia M.Gladbach, 29, M(CLR)",1386,1.0,1.2,0.4,0,0.5,0.5,0,6.61,0,1,1.2,0.8,0.8,0.7,0.7,0.9,23.2,77.0,0.2,1.6,0,"Jonas Hofmann Borussia M.Gladbach, 29, M(CLR)",139.0,0.5,0,0,0,1,27.0,79.6,6.33,Jonas Hofmann,Borussia M.Gladbach,23,MON  VfL Borussia Mönchengladbach  Mönchengladbach,M(CLR),12.000,38.0,1.0,2.0
189,"270Stefan KießlingLeverkusen, 38, FW","Stefan Kießling Leverkusen, 38, FW",749,0.8,0.1,0.8,0.1,0.8,0,0,6.62,4,1,1.2,0.4,1,0.1,1.4,0.9,12.2,65.0,0,0.2,0,"Stefan Kießling Leverkusen, 38, FW",207.0,0.7,0.3,0,0,1.7,20.7,75.8,6.91,Stefan Kießling,Leverkusen,32,BL  Bayer 04 Leverkusen  Leverkusen,FW,18.000,75.0,0.0,4.0
190,"253Fabian JohnsonBorussia M.Gladbach, 34, D(LR),M(CLR)","Fabian Johnson Borussia M.Gladbach, 34, D(LR),M(CLR)",1251,1,0.9,0.4,0,0.7,0.2,0,6.66,3,2,1.1,0.9,1,0.5,0.5,1.1,19.1,72.9,0.1,0.6,0.1,"Fabian Johnson Borussia M.Gladbach, 34, D(LR),M(CLR)",343.0,1,0.8,0,0,0.6,18.8,78.7,6.18,Fabian Johnson,Borussia M.Gladbach,28,MON  VfL Borussia Mönchengladbach  Mönchengladbach,"D(LR),M(CLR)",12.000,38.0,1.5,1.0
191,"250Charles AránguizLeverkusen, 33, M(C)","Charles Aránguiz Leverkusen, 33, M(C)",1822,1.5,2.7,1.4,0,1.1,1.3,0.1,6.66,2,2,0.7,0.7,1.5,0,0.5,1.1,41.9,79.6,0.2,2.8,0.1,"Charles Aránguiz Leverkusen, 33, M(C)",516.0,1.9,2.1,0,0,0.4,32.5,78.5,6.62,Charles Aránguiz,Leverkusen,27,BL  Bayer 04 Leverkusen  Leverkusen,M(C),18.000,75.0,0.0,2.0
192,"233Mario GötzeBorussia Dortmund, 30, M(CLR),FW","Mario Götze Borussia Dortmund, 30, M(CLR),FW",763,0.7,0.9,1.5,0,0.6,1.4,0.2,6.7,1,1,0.5,1.3,1.5,0.2,0.7,0.8,35.4,82.5,0.5,0.6,0,"Mario Götze Borussia Dortmund, 30, M(CLR),FW",292.0,2.3,1.3,1,1,2.5,42.0,85.1,7.21,Mario Götze,Borussia Dortmund,24,BVB  Borussia Dortmund  Dortmund,"M(CLR),FW",22.000,109.0,1.0,3.0
193,"225Julian BaumgartlingerLeverkusen, 34, DMC","Julian Baumgartlinger Leverkusen, 34, DMC",1566,2.5,2.0,0.8,0,0.4,1.2,0.1,6.71,0,1,0.6,0.6,0.9,0,0.5,0.5,42.7,86.3,0,2.0,0.1,"Julian Baumgartlinger Leverkusen, 34, DMC",325.0,3.7,1.8,0,0,0.2,29.8,78.2,7.01,Julian Baumgartlinger,Leverkusen,28,BL  Bayer 04 Leverkusen  Leverkusen,DMC,18.000,75.0,0.0,1.0
194,"228Kevin VollandLeverkusen, 29, AM(CLR),FW","Kevin Volland Leverkusen, 29, AM(CLR),FW",1472,0.9,0.2,1.6,0,0.5,0.2,0,6.71,6,2,1.5,1.1,0.8,0.3,1.5,1.7,19.0,68.5,0.2,0.4,0,"Kevin Volland Leverkusen, 29, AM(CLR),FW",329.0,0.3,0.3,1,0,0.7,14.8,75.3,6.54,Kevin Volland,Leverkusen,23,BL  Bayer 04 Leverkusen  Leverkusen,"AM(CLR),FW",18.000,75.0,1.0,3.0
195,"229Emre MorBorussia Dortmund, 24, AM(CLR),FW","Emre Mor Borussia Dortmund, 24, AM(CLR),FW",476,0.8,0.4,0.8,0,0,0.8,0,6.71,1,2,0.8,0.8,1.5,0,0.9,1.8,11.3,75.0,0.4,0.3,0,"Emre Mor Borussia Dortmund, 24, AM(CLR),FW",57.0,0.3,0.3,0,0,0,9.7,86.2,6.46,Emre Mor,Borussia Dortmund,18,BVB  Borussia Dortmund  Dortmund,"AM(CLR),FW",22.000,109.0,1.0,3.0
196,"211Jérôme BoatengBayern, 33, D(CR)","Jérôme Boateng Bayern, 33, D(CR)",828,1.0,1.0,0.7,0.6,1.8,0.3,0.4,6.73,0,1,0.3,0.5,0.1,0,0.1,0.1,51.5,87.6,0,6.0,0,"Jérôme Boateng Bayern, 33, D(CR)",510.0,1.2,1.8,0,0,0.7,68.3,88.8,6.59,Jérôme Boateng,Bayern,27,BAY  FC Bayern München  Bayern,D(CR),22.000,139.0,1.0,0.0
197,"214Tin JedvajLeverkusen, 26, D(CLR)","Tin Jedvaj Leverkusen, 26, D(CLR)",1423,1.9,2.2,1.1,0.4,4.4,1.2,0.4,6.72,1,0,0.6,0.1,0.9,0.2,0.3,0.6,37.0,73.3,0,3.0,0,"Tin Jedvaj Leverkusen, 26, D(CLR)",286.0,2.0,1.5,0,0,0.3,25.5,82.4,6.96,Tin Jedvaj,Leverkusen,20,BL  Bayer 04 Leverkusen  Leverkusen,D(CLR),18.000,75.0,1.0,0.0
198,"217Ömer ToprakLeverkusen, 32, D(C)","Ömer Toprak Leverkusen, 32, D(C)",2104,1.4,2.0,1.2,0.9,3.9,0.5,0.7,6.72,1,0,0.4,0.1,0.4,0,0.2,0.3,50.1,84.4,0,3.2,0,"Ömer Toprak Leverkusen, 32, D(C)",540.0,1.3,2.7,0,0,0,41.8,80.1,7.04,Ömer Toprak,Leverkusen,26,BL  Bayer 04 Leverkusen  Leverkusen,D(C),18.000,75.0,0.0,0.0
199,"198Tony JantschkeBorussia M.Gladbach, 32, D(CR),DMC","Tony Jantschke Borussia M.Gladbach, 32, D(CR),DMC",1488,1.6,1.8,0.9,0.3,3.3,0.7,0.3,6.77,0,0,0.1,0.1,1.5,0,0.2,0.2,42.2,75.2,0.2,1.9,0,"Tony Jantschke Borussia M.Gladbach, 32, D(CR),DMC",193.0,2.3,4.3,0,0,0,20.3,75.4,6.65,Tony Jantschke,Borussia M.Gladbach,26,MON  VfL Borussia Mönchengladbach  Mönchengladbach,"D(CR),DMC",12.000,38.0,0.5,0.5
200,"184Matthias GinterBorussia Dortmund, 28, D(CR),DMC","Matthias Ginter Borussia Dortmund, 28, D(CR),DMC",2475,1.3,1.5,0.7,1.1,2.4,0.3,0.3,6.8,0,1,0.7,0.3,0.9,0.1,0.2,0.3,74.1,87.2,0.1,2.1,0,"Matthias Ginter Borussia Dortmund, 28, D(CR),DMC",534.0,1.4,0.9,0,1,0.5,57.1,87.1,6.65,Matthias Ginter,Borussia Dortmund,22,BVB  Borussia Dortmund  Dortmund,"D(CR),DMC",22.000,109.0,0.5,0.5
201,"185Erik DurmBorussia Dortmund, 30, D(LR),M(LR)","Erik Durm Borussia Dortmund, 30, D(LR),M(LR)",976,1.8,1.4,0.7,0.3,0.6,0.8,0.1,6.8,0,2,0.7,1.2,1.1,0.2,0.8,1.2,35.0,73.0,0.4,1.6,0,"Erik Durm Borussia Dortmund, 30, D(LR),M(LR)",235.0,1.0,0.8,0,1,0.8,32.3,79.8,6.45,Erik Durm,Borussia Dortmund,24,BVB  Borussia Dortmund  Dortmund,"D(LR),M(LR)",22.000,109.0,2.0,1.0
202,"174Kingsley ComanBayern, 25, M(LR),FW","Kingsley Coman Bayern, 25, M(LR),FW",917,0.6,0.4,0.6,0,0.1,0.2,0,6.83,2,1,1.2,1.1,0.9,0.2,0.9,0.9,21.4,84.3,0.5,0.5,0,"Kingsley Coman Bayern, 25, M(LR),FW",35.0,1.5,0,0,0,1,8.0,100.0,6.51,Kingsley Coman,Bayern,19,BAY  FC Bayern München  Bayern,"M(LR),FW",22.000,139.0,2.0,3.0
203,"177Shinji KagawaBorussia Dortmund, 33, M(CL)","Shinji Kagawa Borussia Dortmund, 33, M(CL)",1259,0.5,0.5,0.8,0,0.7,0.4,0,6.82,1,6,1,1.7,1.2,0.1,0.9,1.5,32.4,85.3,0.2,1.2,0.1,"Shinji Kagawa Borussia Dortmund, 33, M(CL)",369.0,0.4,0.4,3,2,1.2,41.8,88.0,7.35,Shinji Kagawa,Borussia Dortmund,27,BVB  Borussia Dortmund  Dortmund,M(CL),22.000,109.0,1.0,2.0
204,"159Oscar WendtBorussia M.Gladbach, 36, D(L),M(L)","Oscar Wendt Borussia M.Gladbach, 36, D(L),M(L)",2462,1.7,2.3,1.1,0.1,1.5,0.8,0.3,6.85,2,2,0.9,0.9,0.5,0.1,0.5,0.5,38.1,80.0,0.9,1.6,0,"Oscar Wendt Borussia M.Gladbach, 36, D(L),M(L)",450.0,1.6,1.4,0,0,0.8,37.0,84.9,6.65,Oscar Wendt,Borussia M.Gladbach,30,MON  VfL Borussia Mönchengladbach  Mönchengladbach,"D(L),M(L)",12.000,38.0,2.0,1.0
205,"145André SchürrleBorussia Dortmund, 31, M(CLR),FW","André Schürrle Borussia Dortmund, 31, M(CLR),FW",745,0.8,0.7,0.6,0,0.2,0.1,0,6.89,2,2,2.4,1.1,1.2,0.6,0.9,0.7,16.7,72.1,0.5,0.4,0,"André Schürrle Borussia Dortmund, 31, M(CLR),FW",188.0,1.7,0.3,1,0,0.3,12.0,81.9,6.6,André Schürrle,Borussia Dortmund,25,BVB  Borussia Dortmund  Dortmund,"M(CLR),FW",22.000,109.0,1.0,3.0
206,"146Nico ElvediBorussia M.Gladbach, 25, D(CLR)","Nico Elvedi Borussia M.Gladbach, 25, D(CLR)",2111,2,2.9,0.8,0.4,2.2,0.7,0.3,6.89,0,0,0.2,0.4,1,0,0.4,0.8,55.2,84.6,0.2,1.6,0,"Nico Elvedi Borussia M.Gladbach, 25, D(CLR)",540.0,2.5,1.8,0,0,0,41.7,83.6,6.86,Nico Elvedi,Borussia M.Gladbach,19,MON  VfL Borussia Mönchengladbach  Mönchengladbach,D(CLR),12.000,38.0,1.0,0.0
207,"147ChicharitoLeverkusen, 34, FW","Chicharito Leverkusen, 34, FW",1815,0.2,0.3,1.2,0,0.1,0.1,0,6.89,11,3,2,0.8,1.4,0.9,0.7,1.4,17.9,73.4,0,0.5,0,"Chicharito Leverkusen, 34, FW",653.0,0.8,0.5,1,0,0.1,21.1,72.2,6.78,Chicharito,Leverkusen,28,BL  Bayer 04 Leverkusen  Leverkusen,FW,18.000,75.0,0.0,4.0
208,"150Christian PulisicBorussia Dortmund, 23, M(CLR),FW","Christian Pulisic Borussia Dortmund, 23, M(CLR),FW",1518,0.9,0.6,0.8,0,0.2,0.2,0,6.88,3,6,1.1,0.9,1.1,0.1,1.6,0.7,18.2,73.2,0.2,0.4,0,"Christian Pulisic Borussia Dortmund, 23, M(CLR),FW",599.0,1.3,0.6,1,2,1,24.1,80.1,7.09,Christian Pulisic,Borussia Dortmund,17,BVB  Borussia Dortmund  Dortmund,"M(CLR),FW",22.000,109.0,1.0,3.0
209,"131Jonathan TahLeverkusen, 26, D(C)","Jonathan Tah Leverkusen, 26, D(C)",1637,2.2,2.4,0.8,1.1,3.3,0.5,0.6,6.92,1,1,0.5,0.2,0.7,0,0.4,0.3,52.2,82.9,0,2.9,0,"Jonathan Tah Leverkusen, 26, D(C)",450.0,1.6,2.2,0,0,0.6,34.2,77.2,7.18,Jonathan Tah,Leverkusen,20,BL  Bayer 04 Leverkusen  Leverkusen,D(C),18.000,75.0,0.0,0.0
210,"138Lars BenderLeverkusen, 33, D(CR),M(CR)","Lars Bender Leverkusen, 33, D(CR),M(CR)",610,3.7,2.0,1.7,0.1,1,0.9,0.2,6.91,0,1,0.6,0.8,1.2,0,1.1,0.4,33.8,76.6,0.1,1.2,0.1,"Lars Bender Leverkusen, 33, D(CR),M(CR)",215.0,5.3,4.3,0,0,1,39.3,76.3,7.69,Lars Bender,Leverkusen,27,BL  Bayer 04 Leverkusen  Leverkusen,"D(CR),M(CR)",18.000,75.0,1.0,1.0
211,"140RafinhaBayern, 36, D(CLR),M(R)","Rafinha Bayern, 36, D(CLR),M(R)",1021,1.3,1.7,0.5,0.1,0.6,0.4,0.2,6.91,1,1,0.3,0.7,1.1,0,0.3,0.3,46.2,89.7,0.6,1.6,0,"Rafinha Bayern, 36, D(CLR),M(R)",362.0,2.2,1.4,0,1,1.4,70.2,90.6,7.06,Rafinha,Bayern,30,BAY  FC Bayern München  Bayern,"D(CLR),M(R)",22.000,139.0,1.5,1.0
212,"121Marcel SchmelzerBorussia Dortmund, 34, D(CL),M(L)","Marcel Schmelzer Borussia Dortmund, 34, D(CL),M(L)",2195,1.8,2.6,1.3,0.4,1.4,0.9,0.5,6.94,0,1,1.0,0.8,1.9,0.2,0.5,0.7,56.8,82.6,0.4,1.2,0,"Marcel Schmelzer Borussia Dortmund, 34, D(CL),M(L)",541.0,2,1.1,0,2,0.7,46.4,88.6,6.94,Marcel Schmelzer,Borussia Dortmund,28,BVB  Borussia Dortmund  Dortmund,"D(CL),M(L)",22.000,109.0,1.5,1.0
213,"128Karim BellarabiLeverkusen, 32, M(CLR),FW","Karim Bellarabi Leverkusen, 32, M(CLR),FW",1119,1.5,0.8,1.7,0,0.4,0.8,0,6.93,2,6,2.2,1.1,1.0,0.7,1.6,1.8,25.0,72.3,0.3,0.7,0.1,"Karim Bellarabi Leverkusen, 32, M(CLR),FW",156.0,4.0,1.0,1,0,1.5,29.5,79.7,7.68,Karim Bellarabi,Leverkusen,26,BL  Bayer 04 Leverkusen  Leverkusen,"M(CLR),FW",18.000,75.0,1.0,3.0
214,"115Ibrahima TraoréBorussia M.Gladbach, 34, AM(LR)","Ibrahima Traoré Borussia M.Gladbach, 34, AM(LR)",841,1.8,0.6,0.4,0,0.4,0.6,0,6.95,1,3,0.6,1.8,1.3,0.4,0.5,0.4,29.6,79.0,0.9,2.2,0,"Ibrahima Traoré Borussia M.Gladbach, 34, AM(LR)",226.0,1.3,0.5,0,0,0.3,29.8,73.9,6.51,Ibrahima Traoré,Borussia M.Gladbach,28,MON  VfL Borussia Mönchengladbach  Mönchengladbach,AM(LR),12.000,38.0,2.0,2.5
215,"117Julian BrandtLeverkusen, 26, M(CLR),FW","Julian Brandt Leverkusen, 26, M(CLR),FW",2306,0.8,0.9,0.4,0,0.3,0.5,0,6.95,3,8,1.4,1.6,0.8,0.1,1.8,2.1,33.9,77.7,0.3,1.0,0.1,"Julian Brandt Leverkusen, 26, M(CLR),FW",534.0,0.9,0.6,1,0,1.4,31.8,81.1,6.92,Julian Brandt,Leverkusen,20,BL  Bayer 04 Leverkusen  Leverkusen,"M(CLR),FW",18.000,75.0,1.0,3.0
216,"120Kevin KamplLeverkusen, 31, M(CLR)","Kevin Kampl Leverkusen, 31, M(CLR)",2539,1.7,2.2,1.1,0.1,0.2,1.2,0.1,6.94,1,2,1.1,1.3,0.6,0.1,1.2,1.1,58.8,83.8,0.3,3.7,0.1,"Kevin Kampl Leverkusen, 31, M(CLR)",625.0,3.1,2.7,1,2,2.3,62.1,83.9,7.69,Kevin Kampl,Leverkusen,25,BL  Bayer 04 Leverkusen  Leverkusen,M(CLR),18.000,75.0,1.0,2.0
217,"104Gonzalo CastroBorussia Dortmund, 35, D(L),M(CR)","Gonzalo Castro Borussia Dortmund, 35, D(L),M(CR)",1927,1.5,0.9,0.8,0,0.5,0.4,0.1,6.97,3,6,1.1,1.5,0.8,0,0.7,0.9,49.9,84.0,0.5,2.3,0,"Gonzalo Castro Borussia Dortmund, 35, D(L),M(CR)",443.0,1.6,1,1,1,1,55.7,89.5,7.07,Gonzalo Castro,Borussia Dortmund,29,BVB  Borussia Dortmund  Dortmund,"D(L),M(CR)",22.000,109.0,1.5,1.0
218,"107Kai HavertzLeverkusen, 23, M(CR),FW","Kai Havertz Leverkusen, 23, M(CR),FW",1451,0.8,0.8,1.4,0,0.6,0.6,0.1,6.96,4,5,1.3,0.8,0.8,0,1.8,1.7,30.6,73.7,0.2,0.8,0,"Kai Havertz Leverkusen, 23, M(CR),FW",80.0,0,0,0,0,0,12.3,62.2,5.98,Kai Havertz,Leverkusen,17,BL  Bayer 04 Leverkusen  Leverkusen,"M(CR),FW",18.000,75.0,1.0,3.0
219,"91WendellLeverkusen, 28, D(CL),M(L)","Wendell Leverkusen, 28, D(CL),M(L)",2529,3.0,2.4,1.4,0.2,1.6,1.1,0.3,7.01,2,2,0.6,0.8,1.0,0,0.5,0.8,46.3,79.9,0.4,1.5,0,"Wendell Leverkusen, 28, D(CL),M(L)",450.0,4.8,2.4,0,1,0.6,58.2,83.2,7.01,Wendell,Leverkusen,22,BL  Bayer 04 Leverkusen  Leverkusen,"D(CL),M(L)",18.000,75.0,1.5,1.0
220,"99Joshua KimmichBayern, 27, D(CR),DMC,M(R)","Joshua Kimmich Bayern, 27, D(CR),DMC,M(R)",1542,1.4,1.0,0.6,0.2,0.7,0.4,0.3,6.99,6,1,1.1,1.1,1.4,0.1,0.3,0.6,51.5,89.9,0.4,3.1,0,"Joshua Kimmich Bayern, 27, D(CR),DMC,M(R)",319.0,0.6,1,3,0,0.5,38.5,91.6,6.77,Joshua Kimmich,Bayern,21,BAY  FC Bayern München  Bayern,"D(CR),DMC,M(R)",22.000,139.0,1.0,1.0
221,"81Christoph KramerBorussia M.Gladbach, 31, DMC","Christoph Kramer Borussia M.Gladbach, 31, DMC",1964,3.0,2.5,1.7,0,1.3,2.1,0.5,7.05,0,4,0.1,0.5,1.2,0,0.8,0.9,64.4,84.9,0,2.8,0,"Christoph Kramer Borussia M.Gladbach, 31, DMC",339.0,4.0,1.2,0,0,0.8,50.8,87.4,6.64,Christoph Kramer,Borussia M.Gladbach,25,MON  VfL Borussia Mönchengladbach  Mönchengladbach,DMC,12.000,38.0,0.0,1.0
222,"87Andreas ChristensenBorussia M.Gladbach, 26, D(C),DMC","Andreas Christensen Borussia M.Gladbach, 26, D(C),DMC",2782,1.5,2.3,0.6,0.7,3.9,0.3,0.8,7.01,2,0,0.4,0.2,0.7,0,0.1,0.4,62.8,91.5,0,2.6,0,"Andreas Christensen Borussia M.Gladbach, 26, D(C),DMC",360.0,2.5,2.8,0,0,0,32.0,88.3,6.5,Andreas Christensen,Borussia M.Gladbach,20,MON  VfL Borussia Mönchengladbach  Mönchengladbach,"D(C),DMC",12.000,38.0,0.0,0.5
223,"71Julian WeiglBorussia Dortmund, 26, D(C),DMC","Julian Weigl Borussia Dortmund, 26, D(C),DMC",2416,2.2,2.3,1.1,0.2,1.2,1.0,0.2,7.07,0,0,0.2,0.2,2.1,0,0.6,0.6,67.6,89.5,0,2.7,0,"Julian Weigl Borussia Dortmund, 26, D(C),DMC",799.0,2.8,0.9,1,0,0.3,87.6,92.0,7.07,Julian Weigl,Borussia Dortmund,20,BVB  Borussia Dortmund  Dortmund,"D(C),DMC",22.000,109.0,0.0,0.5
224,"76Benjamin HenrichsLeverkusen, 25, D(LR),DMC,M(LR)","Benjamin Henrichs Leverkusen, 25, D(LR),DMC,M(LR)",2427,3.4,3.4,1,0.2,1.9,1.1,0.2,7.06,0,2,0.2,0.6,1.2,0,0.6,1,42.8,75.9,0.3,1.7,0,"Benjamin Henrichs Leverkusen, 25, D(LR),DMC,M(LR)",554.0,4.1,3.4,0,1,0.9,38.4,71.4,7.45,Benjamin Henrichs,Leverkusen,19,BL  Bayer 04 Leverkusen  Leverkusen,"D(LR),DMC,M(LR)",18.000,75.0,1.3333333333333333,1.0
225,"77Roberto HilbertLeverkusen, 37, D(R),M(R)","Roberto Hilbert Leverkusen, 37, D(R),M(R)",586,3.1,2.7,1.1,0.3,2.4,1.7,0.3,7.06,0,0,0.3,1.3,1,0.1,0.4,0.7,35.6,70.7,1.3,3.6,0,"Roberto Hilbert Leverkusen, 37, D(R),M(R)",90.0,2,3,0,0,0,59.0,79.7,6.85,Roberto Hilbert,Leverkusen,31,BL  Bayer 04 Leverkusen  Leverkusen,"D(R),M(R)",18.000,75.0,2.0,1.0
226,"63Mahmoud DahoudBorussia M.Gladbach, 26, M(C)","Mahmoud Dahoud Borussia M.Gladbach, 26, M(C)",2281,2.7,1.7,1.6,0.1,0.8,1.4,0.1,7.09,2,6,1.6,1,1.2,0.1,1.1,1.0,55.8,81.4,0.1,2.6,0.1,"Mahmoud Dahoud Borussia M.Gladbach, 26, M(C)",299.0,2.5,1.3,0,1,0.8,41.5,82.5,6.81,Mahmoud Dahoud,Borussia M.Gladbach,20,MON  VfL Borussia Mönchengladbach  Mönchengladbach,M(C),12.000,38.0,0.0,2.0
227,"67Lars StindlBorussia M.Gladbach, 33, M(CLR),FW","Lars Stindl Borussia M.Gladbach, 33, M(CLR),FW",2597,1.3,0.9,1.8,0,0.5,0.8,0,7.08,11,3,2.3,1.3,1.8,0.1,1.6,2.0,46.2,80.0,0,1.2,0.1,"Lars Stindl Borussia M.Gladbach, 33, M(CLR),FW",386.0,2.2,0.6,2,1,3.4,41.4,76.3,6.75,Lars Stindl,Borussia M.Gladbach,27,MON  VfL Borussia Mönchengladbach  Mönchengladbach,"M(CLR),FW",12.000,38.0,1.0,3.0
228,"69Thorgan HazardBorussia M.Gladbach, 29, M(CLR),FW","Thorgan Hazard Borussia M.Gladbach, 29, M(CLR),FW",1632,1.2,1.0,1.3,0,0.6,0.9,0.1,7.08,6,4,1.8,1.4,1.3,0.5,1.3,1.3,32.1,74.4,0.6,0.9,0,"Thorgan Hazard Borussia M.Gladbach, 29, M(CLR),FW",252.0,3.3,0.5,1,1,1.3,28.3,78.8,6.94,Thorgan Hazard,Borussia M.Gladbach,23,MON  VfL Borussia Mönchengladbach  Mönchengladbach,"M(CLR),FW",12.000,38.0,1.0,3.0
229,"52David AlabaBayern, 29, D(CL),M(CL)","David Alaba Bayern, 29, D(CL),M(CL)",2508,1.3,1.8,0.5,0.4,0.9,0.3,0.3,7.14,4,4,1.0,1.1,0.3,0.2,0.7,0.6,55.0,88.6,0.7,2.1,0,"David Alaba Bayern, 29, D(CL),M(CL)",840.0,1.1,1.4,0,2,1.6,72.1,89.8,7.13,David Alaba,Bayern,23,BAY  FC Bayern München  Bayern,"D(CL),M(CL)",22.000,139.0,1.0,1.0
230,"53Philipp LahmBayern, 38, D(R),DMC","Philipp Lahm Bayern, 38, D(R),DMC",2090,1.6,1.9,0.4,0.1,1.0,0.5,0.1,7.14,1,2,0.3,1.5,0.7,0.1,0.3,0.4,73.3,90.0,0.7,2.1,0,"Philipp Lahm Bayern, 38, D(R),DMC",660.0,1.7,2.6,0,1,2.1,75.3,91.7,6.94,Philipp Lahm,Bayern,32,BAY  FC Bayern München  Bayern,"D(R),DMC",22.000,139.0,1.0,0.5
231,"55Juan BernatBayern, 29, D(L),M(CL)","Juan Bernat Bayern, 29, D(L),M(CL)",1236,1.2,1.6,1.0,0.2,0.8,0.6,0.3,7.13,2,2,0.6,0.8,1.0,0.1,0.8,0.7,44.0,89.9,0.5,0.4,0,"Juan Bernat Bayern, 29, D(L),M(CL)",245.0,1.0,1.0,2,1,0.8,46.3,89.2,7.54,Juan Bernat,Bayern,23,BAY  FC Bayern München  Bayern,"D(L),M(CL)",22.000,139.0,1.5,1.0
232,"60Lukasz PiszczekBorussia Dortmund, 37, D(CR),M(R)","Lukasz Piszczek Borussia Dortmund, 37, D(CR),M(R)",2036,1.8,1.5,0.7,0.6,2.5,0.6,0.2,7.1,5,1,0.8,0.7,0.5,0,0.5,0.5,50.1,80.5,0.4,1.7,0.1,"Lukasz Piszczek Borussia Dortmund, 37, D(CR),M(R)",673.0,1.1,1.0,0,1,0.6,58.7,90.7,6.6,Lukasz Piszczek,Borussia Dortmund,31,BVB  Borussia Dortmund  Dortmund,"D(CR),M(R)",22.000,109.0,1.5,1.0
233,"43Jannik VestergaardBorussia M.Gladbach, 29, D(C)","Jannik Vestergaard Borussia M.Gladbach, 29, D(C)",2657,2.1,1.6,0.6,0.9,5,0.9,0.6,7.19,4,1,1.0,0.1,0.6,0,0.1,0.1,57.4,84.9,0,3.6,0,"Jannik Vestergaard Borussia M.Gladbach, 29, D(C)",301.0,1.3,1.8,0,0,0.3,37.8,85.4,6.69,Jannik Vestergaard,Borussia M.Gladbach,23,MON  VfL Borussia Mönchengladbach  Mönchengladbach,D(C),12.000,38.0,0.0,0.0
234,"45Raphaël GuerreiroBorussia Dortmund, 28, D(L),M(CL)","Raphaël Guerreiro Borussia Dortmund, 28, D(L),M(CL)",1483,1.2,1.4,0.7,0.1,0.8,0.3,0.2,7.18,6,3,1.4,1.1,0.5,0.1,0.9,0.4,40.3,80.1,0.9,1.6,0,"Raphaël Guerreiro Borussia Dortmund, 28, D(L),M(CL)",502.0,1.8,1.0,1,1,1.5,56.2,82.5,7.1,Raphaël Guerreiro,Borussia Dortmund,22,BVB  Borussia Dortmund  Dortmund,"D(L),M(CL)",22.000,109.0,1.5,1.0
235,"47Douglas CostaBayern, 31, M(CLR)","Douglas Costa Bayern, 31, M(CLR)",1374,0.4,0.4,0.8,0,0,0.1,0,7.17,4,3,1.9,1.5,0.7,0.3,1.0,0.8,30.1,80.2,0.9,1.0,0,"Douglas Costa Bayern, 31, M(CLR)",463.0,0.8,0.8,2,3,1.3,29.8,85.4,7.09,Douglas Costa,Bayern,25,BAY  FC Bayern München  Bayern,M(CLR),22.000,139.0,1.0,2.0
236,"50Marco ReusBorussia Dortmund, 33, M(CLR),FW","Marco Reus Borussia Dortmund, 33, M(CLR),FW",1190,0.9,0.6,1.5,0,0.2,0.2,0,7.15,7,4,2.5,1.4,1.6,0.9,1.0,1.9,24.5,75.5,0.5,0.9,0.1,"Marco Reus Borussia Dortmund, 33, M(CLR),FW",291.0,0.8,0.8,4,1,1.0,31.5,77.0,7.83,Marco Reus,Borussia Dortmund,27,BVB  Borussia Dortmund  Dortmund,"M(CLR),FW",22.000,109.0,1.0,3.0
237,"33RaffaelBorussia M.Gladbach, 37, AM(CL),FW","Raffael Borussia M.Gladbach, 37, AM(CL),FW",1504,0.7,0.4,0.4,0,0.1,0.7,0,7.24,7,0,2.3,2.2,1.8,0.2,2.2,1.3,30.9,76.4,0.8,0.7,0.1,"Raffael Borussia M.Gladbach, 37, AM(CL),FW",249.0,0.4,0,1,0,0.8,24.6,82.1,6.77,Raffael,Borussia M.Gladbach,31,MON  VfL Borussia Mönchengladbach  Mönchengladbach,"AM(CL),FW",12.000,38.0,1.0,3.0
238,"35Marc BartraBorussia Dortmund, 31, D(CR),DMC","Marc Bartra Borussia Dortmund, 31, D(CR),DMC",1561,2.8,3.3,1.7,1,3.0,1.4,0.6,7.24,0,3,1.1,0.5,0.9,0.1,0.2,0.5,74.2,82.3,0,3.6,0.1,"Marc Bartra Borussia Dortmund, 31, D(CR),DMC",580.0,3.0,2.0,1,0,0.3,68.4,86.2,7.29,Marc Bartra,Borussia Dortmund,25,BVB  Borussia Dortmund  Dortmund,"D(CR),DMC",22.000,109.0,0.5,0.5
239,"36Xabi AlonsoBayern, 40, M(C)","Xabi Alonso Bayern, 40, M(C)",1906,2.0,2.4,1.0,0,0.5,1.2,0.1,7.22,3,2,0.9,1.5,1.0,0,0.6,0.2,75.2,89.4,0.8,6.1,0,"Xabi Alonso Bayern, 40, M(C)",589.0,2.4,1.6,0,1,1.9,80.6,89.7,7.07,Xabi Alonso,Bayern,34,BAY  FC Bayern München  Bayern,M(C),22.000,139.0,0.0,2.0
240,"39Sokratis PapastathopoulosBorussia Dortmund, 34, D(CR)","Sokratis Papastathopoulos Borussia Dortmund, 34, D(CR)",2300,2.3,1.5,1.7,1.2,4.0,0.5,0.5,7.21,2,0,0.8,0.2,2.2,0,0.3,0.4,74.1,87.8,0,4.8,0,"Sokratis Papastathopoulos Borussia Dortmund, 34, D(CR)",808.0,1.7,1.8,1,0,0.1,73.3,92.3,7.11,Sokratis Papastathopoulos,Borussia Dortmund,28,BVB  Borussia Dortmund  Dortmund,D(CR),22.000,109.0,1.0,0.0
241,"21Mats HummelsBayern, 33, D(C)","Mats Hummels Bayern, 33, D(C)",2181,2.1,2.1,0.6,0.6,2.5,0.4,0.3,7.32,1,1,1.1,0.4,0.3,0,0.1,0.1,76.9,88.8,0.1,2.8,0,"Mats Hummels Bayern, 33, D(C)",681.0,1.2,1.7,0,0,0.3,65.0,89.1,7.02,Mats Hummels,Bayern,27,BAY  FC Bayern München  Bayern,D(C),22.000,139.0,0.0,0.0
242,"23Thomas MüllerBayern, 32, M(CLR),FW","Thomas Müller Bayern, 32, M(CLR),FW",2265,0.5,0.7,0.7,0.1,0.3,0.6,0.2,7.3,5,12,2.2,2.1,0.8,0.6,1.3,1.3,36.5,76.0,0.6,0.9,0,"Thomas Müller Bayern, 32, M(CLR),FW",463.0,0.6,0.3,3,0,0.6,22.7,78.4,6.72,Thomas Müller,Bayern,26,BAY  FC Bayern München  Bayern,"M(CLR),FW",22.000,139.0,1.0,3.0
243,"26Arturo VidalBayern, 35, M(CR)","Arturo Vidal Bayern, 35, M(CR)",1824,2.9,1.9,1.9,0.1,0.6,1.0,0.1,7.28,4,2,1.4,0.9,0.8,0.1,0.4,0.7,70.0,87.8,0.1,4.6,0,"Arturo Vidal Bayern, 35, M(CR)",714.0,4.5,3.0,3,0,0.6,81.3,90.9,7.52,Arturo Vidal,Bayern,29,BAY  FC Bayern München  Bayern,M(CR),22.000,139.0,1.0,2.0
244,"29Javi MartínezBayern, 33, D(C),M(C)","Javi Martínez Bayern, 33, D(C),M(C)",2135,1.7,2.0,0.8,0.6,2.4,0.3,0.4,7.27,1,1,0.4,0.2,1.1,0.1,0.2,0.2,78.4,91.6,0,2.9,0,"Javi Martínez Bayern, 33, D(C),M(C)",429.0,1.4,0.7,0,0,0,47.4,91.3,6.57,Javi Martínez,Bayern,27,BAY  FC Bayern München  Bayern,"D(C),M(C)",22.000,139.0,0.0,1.0
245,"13Pierre-Emerick AubameyangBorussia Dortmund, 32, M(CLR),FW","Pierre-Emerick Aubameyang Borussia Dortmund, 32, M(CLR),FW",2782,0.5,0.3,0.7,0,0.1,0.2,0,7.42,31,2,3.6,0.8,0.7,0.9,0.8,1.3,16.2,69.7,0.2,0.2,0,"Pierre-Emerick Aubameyang Borussia Dortmund, 32, M(CLR),FW",708.0,0.2,0.2,7,1,1.2,14.6,80.9,7.28,Pierre-Emerick Aubameyang,Borussia Dortmund,26,BVB  Borussia Dortmund  Dortmund,"M(CLR),FW",22.000,109.0,1.0,3.0
246,"15Franck RibéryBayern, 39, AM(CL),FW","Franck Ribéry Bayern, 39, AM(CL),FW",1242,0.5,0.5,0.6,0,0.1,0.4,0.1,7.38,5,11,1,2.2,1.6,0.3,1.5,1.3,40.8,83.9,0.5,1.8,0.2,"Franck Ribéry Bayern, 39, AM(CL),FW",421.0,0.3,1.0,0,2,1.8,45.3,84.9,7.21,Franck Ribéry,Bayern,33,BAY  FC Bayern München  Bayern,"AM(CL),FW",22.000,139.0,1.0,3.0
247,"1ThiagoBayern, 31, M(C)","Thiago Bayern, 31, M(C)",2291,2.8,4.6,1.4,0,0.3,0.6,0.1,8.28,6,5,1.3,1.8,1,0.1,1.3,1.2,94.9,90.2,0.6,6.8,0,"Thiago Bayern, 31, M(C)",786.0,3.1,2.1,2,3,2.2,87.2,91.7,7.79,Thiago,Bayern,25,BAY  FC Bayern München  Bayern,M(C),22.000,139.0,0.0,2.0
248,"2Arjen RobbenBayern, 38, M(CLR),FW","Arjen Robben Bayern, 38, M(CLR),FW",1830,0.5,0.6,0.3,0,0,0.3,0,7.82,13,9,3.2,1.9,1,0.3,1.4,0.9,38.0,81.2,0.8,1.1,0.1,"Arjen Robben Bayern, 38, M(CLR),FW",634.0,1.0,0.4,3,0,2.4,43.3,83.2,7.58,Arjen Robben,Bayern,32,BAY  FC Bayern München  Bayern,"M(CLR),FW",22.000,139.0,1.0,3.0
249,"4Robert LewandowskiBayern, 33, FW","Robert Lewandowski Bayern, 33, FW",2777,0.3,0.4,1.2,0,0.7,0.2,0,7.74,30,5,4.3,0.9,1.7,0.8,1.5,1.8,21.5,75.2,0.1,0.5,0,"Robert Lewandowski Bayern, 33, FW",794.0,0.4,0.3,8,1,1.2,20.9,75.0,7.52,Robert Lewandowski,Bayern,27,BAY  FC Bayern München  Bayern,FW,22.000,139.0,0.0,4.0
250,"7Hakan ÇalhanogluLeverkusen, 28, M(CLR),FW","Hakan Çalhanoglu Leverkusen, 28, M(CLR),FW",1217,1.6,1.2,1.2,0,0.6,0.6,0.1,7.49,6,5,3.1,1.9,1.3,0.2,1.1,1.9,51.5,77.6,1.2,3.0,0.1,"Hakan Çalhanoglu Leverkusen, 28, M(CLR),FW",359.0,1.3,1.3,1,2,1.2,27.0,72.2,7.07,Hakan Çalhanoglu,Leverkusen,22,BL  Bayer 04 Leverkusen  Leverkusen,"M(CLR),FW",18.000,75.0,1.0,3.0
251,"10Ousmane DembéléBorussia Dortmund, 25, AM(CLR),FW","Ousmane Dembélé Borussia Dortmund, 25, AM(CLR),FW",2042,0.9,0.8,0.8,0,0.1,0.2,0,7.44,6,12,1.7,2.0,1.9,0.2,1.3,1.6,23.8,67.0,1,1.1,0.2,"Ousmane Dembélé Borussia Dortmund, 25, AM(CLR),FW",770.0,1.3,0.5,2,6,2.1,30.7,73.9,7.5,Ousmane Dembélé,Borussia Dortmund,19,BVB  Borussia Dortmund  Dortmund,"AM(CLR),FW",22.000,109.0,1.0,3.0
252,"451Jordan FerriLyon, 30, M(C)","Jordan Ferri Lyon, 30, M(C)",950,0.5,0.2,0.9,0,0.3,0.6,0,6.36,1,2,0.4,0.7,0.6,0.1,1,0.9,23.6,86.5,0.1,0.7,0.1,"Jordan Ferri Lyon, 30, M(C)",206.0,1,0.7,1,0,1.3,56.3,95.3,7.13,Jordan Ferri,Lyon,24,OL  Olympique Lyonnais  Lyon,M(C),22.000,57.5,0.0,2.0
253,"369Hatem Ben ArfaPSG, 35, M(CR),FW","Hatem Ben Arfa PSG, 35, M(CR),FW",627,0.3,0,0.6,0,0,0.3,0,6.53,0,1,0.7,0.8,0.7,0.1,1.0,0.8,17.7,83.5,0.3,0.7,0.2,"Hatem Ben Arfa PSG, 35, M(CR),FW",122.0,0,0,0,0,1,25.3,78.9,6.72,Hatem Ben Arfa,PSG,29,PAR  Paris Saint-Germain  Paris,"M(CR),FW",20.000,115.0,1.0,3.0
254,"322Andrea RaggiMonaco, 37, D(CLR)","Andrea Raggi Monaco, 37, D(CLR)",969,1.2,0.9,0.4,0.4,2.2,0.7,0.1,6.63,0,0,0.3,0.2,0.4,0.3,0.4,0.5,28.6,77.8,0.5,1.4,0,"Andrea Raggi Monaco, 37, D(CLR)",682.0,1.6,1.4,0,0,0,21.5,71.6,6.5,Andrea Raggi,Monaco,31,MON  AS Monaco FC  Monaco,D(CLR),25.000,51.0,1.0,0.0
255,"327Sergi DarderLyon, 28, M(CL)","Sergi Darder Lyon, 28, M(CL)",1322,0.7,0.6,0.6,0,0.1,1.1,0,6.62,1,2,1.2,1.1,0.8,0.1,0.5,1,34.8,82.7,0,1.7,0.5,"Sergi Darder Lyon, 28, M(CL)",395.0,1.5,1.7,0,0,1.2,40.8,86.1,6.88,Sergi Darder,Lyon,22,OL  Olympique Lyonnais  Lyon,M(CL),22.000,57.5,1.0,2.0
256,"290Maxwel CornetLyon, 25, D(L),M(LR),FW","Maxwel Cornet Lyon, 25, D(L),M(LR),FW",1897,1.3,0.2,0.6,0,0.6,0.5,0,6.69,6,2,1.5,0.6,0.7,0.3,1.0,1.8,16.6,75.4,0.2,0.3,0.1,"Maxwel Cornet Lyon, 25, D(L),M(LR),FW",284.0,1.2,0.5,1,1,0.7,13.0,79.5,6.75,Maxwel Cornet,Lyon,19,OL  Olympique Lyonnais  Lyon,"D(L),M(LR),FW",22.000,57.5,2.0,2.0
257,"273Rachid GhezzalLyon, 30, AM(CLR)","Rachid Ghezzal Lyon, 30, AM(CLR)",1287,0.9,0.4,1,0,0.5,1.2,0,6.71,2,2,1.6,0.8,1,0.2,1.1,2.1,25.2,77.8,0.7,1.3,0.2,"Rachid Ghezzal Lyon, 30, AM(CLR)",186.0,0.8,0.4,0,1,0.8,21.8,73.4,6.46,Rachid Ghezzal,Lyon,24,OL  Olympique Lyonnais  Lyon,AM(CLR),22.000,57.5,1.0,2.5
258,"278Guido CarrilloMonaco, 31, FW","Guido Carrillo Monaco, 31, FW",585,0.4,0.1,0.6,0,0.7,0.2,0.1,6.71,7,1,1.1,0.3,0.2,0.1,0.4,0.6,8.5,68.9,0,0.2,0.1,"Guido Carrillo Monaco, 31, FW",174.0,0.4,0.4,0,1,0.2,14.2,63.4,6.57,Guido Carrillo,Monaco,25,MON  AS Monaco FC  Monaco,FW,25.000,51.0,0.0,4.0
259,"279Mapou Yanga-MbiwaLyon, 33, D(CR)","Mapou Yanga-Mbiwa Lyon, 33, D(CR)",2042,1.5,1.8,1.1,0.8,4,0.2,0.3,6.71,0,0,0.3,0,0.7,0,0.2,0.4,55.4,88.7,0,3.8,0,"Mapou Yanga-Mbiwa Lyon, 33, D(CR)",422.0,1.6,0.8,0,0,0.4,56.4,90.8,6.84,Mapou Yanga-Mbiwa,Lyon,27,OL  Olympique Lyonnais  Lyon,D(CR),22.000,57.5,1.0,0.0
260,"255Maciej RybusLyon, 32, D(LR),M(LR)","Maciej Rybus Lyon, 32, D(LR),M(LR)",1147,1.5,1.5,1.2,0.2,1.7,0.4,0,6.75,0,1,0.7,0.7,0.7,0.2,1.1,1.0,31.6,84.3,0.7,0.8,0,"Maciej Rybus Lyon, 32, D(LR),M(LR)",252.0,1.8,2.5,0,0,2.3,34.5,89.1,7.06,Maciej Rybus,Lyon,26,OL  Olympique Lyonnais  Lyon,"D(LR),M(LR)",22.000,57.5,2.0,1.0
261,"196Nabil DirarMonaco, 36, D(LR),M(CR)","Nabil Dirar Monaco, 36, D(LR),M(CR)",865,0.9,0.4,1,0,0.2,0.6,0.1,6.84,1,3,0.7,1.3,0.4,0,1.2,1.2,24.2,81.8,0.7,0.8,0,"Nabil Dirar Monaco, 36, D(LR),M(CR)",235.0,1.4,0.1,0,0,0.6,18.4,76.7,6.54,Nabil Dirar,Monaco,30,MON  AS Monaco FC  Monaco,"D(LR),M(CR)",25.000,51.0,1.5,1.0
262,"181Grzegorz KrychowiakPSG, 32, D(C),M(C)","Grzegorz Krychowiak PSG, 32, D(C),M(C)",659,1.7,1.6,1.1,0.1,2.7,0.4,0.3,6.87,0,0,0.5,0.3,1.0,0,0.5,0.5,55.3,92.8,0,3.0,0,"Grzegorz Krychowiak PSG, 32, D(C),M(C)",209.0,0.3,1,0,0,0,29.7,92.1,6.02,Grzegorz Krychowiak,PSG,26,PAR  Paris Saint-Germain  Paris,"D(C),M(C)",20.000,115.0,0.0,1.0
263,"167Thiago MottaPSG, 39, M(C)","Thiago Motta PSG, 39, M(C)",2228,1.9,1.1,1.4,0,1.5,0.7,0.1,6.89,0,0,0.4,0.7,0.5,0,0.4,0.4,91.5,92.2,0,5.0,0,"Thiago Motta PSG, 39, M(C)",376.0,2.4,0.6,0,0,0.2,94.8,93.2,6.56,Thiago Motta,PSG,33,PAR  Paris Saint-Germain  Paris,M(C),20.000,115.0,0.0,2.0
264,"152Mathieu ValbuenaLyon, 37, M(CLR)","Mathieu Valbuena Lyon, 37, M(CLR)",1490,0.6,0.3,1.0,0,0,0.8,0,6.93,8,5,1.5,1.6,1.3,0.1,1.2,1,29.3,88.0,1,1.1,0.1,"Mathieu Valbuena Lyon, 37, M(CLR)",198.0,2,0.7,0,0,2.7,46.0,84.1,6.96,Mathieu Valbuena,Lyon,31,OL  Olympique Lyonnais  Lyon,M(CLR),22.000,57.5,1.0,2.0
265,"154João MoutinhoMonaco, 35, M(C)","João Moutinho Monaco, 35, M(C)",1768,1.7,1.4,0.7,0,0.9,1.2,0.2,6.92,2,4,0.6,0.9,0.6,0,0.5,0.3,41.9,85.2,0.6,2.4,0,"João Moutinho Monaco, 35, M(C)",629.0,1.6,1.5,0,1,1,34.0,83.7,6.54,João Moutinho,Monaco,29,MON  AS Monaco FC  Monaco,M(C),25.000,51.0,0.0,2.0
266,"138Valère GermainMonaco, 32, AM(LR),FW","Valère Germain Monaco, 32, AM(LR),FW",2240,0.6,0.3,0.3,0,1,0.4,0.1,6.94,10,3,1.8,0.6,0.5,0.2,0.7,0.9,17.5,76.3,0.1,0.3,0,"Valère Germain Monaco, 32, AM(LR),FW",498.0,0.1,0,2,1,0.3,10.0,76.7,6.42,Valère Germain,Monaco,26,MON  AS Monaco FC  Monaco,"AM(LR),FW",25.000,51.0,2.0,3.0
267,"121Mouctar DiakhabyLyon, 25, D(C)","Mouctar Diakhaby Lyon, 25, D(C)",1930,1.3,1.6,0.9,0.6,6.3,0.3,0.6,6.98,1,0,1,0.1,0.7,0.1,0.1,0.4,51.8,87.8,0,3.0,0,"Mouctar Diakhaby Lyon, 25, D(C)",270.0,2,2.7,0,0,0.3,42.3,89.8,6.89,Mouctar Diakhaby,Lyon,19,OL  Olympique Lyonnais  Lyon,D(C),22.000,57.5,0.0,0.0
268,"126Jérémy MorelLyon, 38, D(CL)","Jérémy Morel Lyon, 38, D(CL)",2544,2.3,1.4,0.9,0,2.8,0.6,0.3,6.97,0,4,0.2,0.6,0.9,0.1,0.9,1,51.0,83.1,0.4,2.0,0,"Jérémy Morel Lyon, 38, D(CL)",540.0,1.8,2.8,0,0,0.2,45.3,85.3,7.17,Jérémy Morel,Lyon,32,OL  Olympique Lyonnais  Lyon,D(CL),22.000,57.5,1.0,0.0
269,"101Nicolas NkoulouLyon, 32, D(C)","Nicolas Nkoulou Lyon, 32, D(C)",1080,1.4,2.5,1.1,1,4.3,0.5,0.5,7.04,0,0,0.3,0,1.3,0,0.3,0.3,51.3,91.6,0,3.7,0.1,"Nicolas Nkoulou Lyon, 32, D(C)",360.0,0.3,3,0,0,0,46.5,90.9,7.07,Nicolas Nkoulou,Lyon,26,OL  Olympique Lyonnais  Lyon,D(C),22.000,57.5,0.0,0.0
270,"106RafaelLyon, 31, D(LR),M(R)","Rafael Lyon, 31, D(LR),M(R)",2061,2.5,1.5,1.6,0.1,2.0,0.8,0.3,7.03,0,3,0.6,0.5,1.5,0.2,0.7,1,38.5,81.4,0.4,1.2,0,"Rafael Lyon, 31, D(LR),M(R)",450.0,2.2,1.2,0,2,1.2,47.6,81.9,7.45,Rafael,Lyon,25,OL  Olympique Lyonnais  Lyon,"D(LR),M(R)",22.000,57.5,2.0,1.0
271,"107Blaise MatuidiPSG, 35, M(CL)","Blaise Matuidi PSG, 35, M(CL)",2415,1.8,1.2,1.5,0,0.6,0.6,0.1,7.02,4,4,1.2,0.8,1.1,0.3,1,1.7,49.9,90.8,0.3,1.4,0.1,"Blaise Matuidi PSG, 35, M(CL)",700.0,2.9,1.3,2,1,0.6,48.0,92.4,6.96,Blaise Matuidi,PSG,29,PAR  Paris Saint-Germain  Paris,M(CL),20.000,115.0,1.0,2.0
272,"92Presnel KimpembePSG, 26, D(C)","Presnel Kimpembe PSG, 26, D(C)",1710,0.9,2.1,1.2,1,2.8,0.1,0.2,7.06,0,0,0.2,0.2,1.1,0,0.3,0.5,72.4,94.7,0.1,3.4,0.1,"Presnel Kimpembe PSG, 26, D(C)",90.0,2.0,0,0,0,0,44.0,88.6,7.25,Presnel Kimpembe,PSG,20,PAR  Paris Saint-Germain  Paris,D(C),20.000,115.0,0.0,0.0
273,"95Javier PastorePSG, 32, AM(CLR)","Javier Pastore PSG, 32, AM(CLR)",866,1.1,0.5,0.5,0,0.3,1.4,0,7.06,0,4,0.7,1.5,0.7,0.1,1.3,0.8,50.9,81.5,0.3,2.3,0.5,"Javier Pastore PSG, 32, AM(CLR)",15.0,0,0,0,0,0.5,7,78.6,6.04,Javier Pastore,PSG,26,PAR  Paris Saint-Germain  Paris,AM(CLR),20.000,115.0,1.0,2.5
274,"81MarquinhosPSG, 28, D(CR),DMC","Marquinhos PSG, 28, D(CR),DMC",2500,1.6,1.3,0.4,0.5,3.5,0.4,0.4,7.09,3,0,0.5,0.3,0.4,0.1,0.2,0.1,70.3,93.6,0,5.6,0,"Marquinhos PSG, 28, D(CR),DMC",720.0,1.8,2.5,0,0,0,60.4,93.8,6.83,Marquinhos,PSG,22,PAR  Paris Saint-Germain  Paris,"D(CR),DMC",20.000,115.0,0.5,0.5
275,"85MaxwellPSG, 40, D(L)","Maxwell PSG, 40, D(L)",1713,1.5,1.1,0.3,0.1,1.3,0.7,0.2,7.07,0,6,0.2,1,0.1,0.1,0.4,0.6,58.7,89.1,0.8,1.1,0,"Maxwell PSG, 40, D(L)",350.0,1.3,1.3,0,0,0.3,51.8,91.3,6.36,Maxwell,PSG,34,PAR  Paris Saint-Germain  Paris,D(L),20.000,115.0,2.0,0.0
276,"86JemersonMonaco, 29, D(CR),DMC","Jemerson Monaco, 29, D(CR),DMC",3058,2.0,1.6,1.3,1.3,5.6,0.6,0.6,7.07,2,0,0.4,0.1,0.4,0,0,0.4,41.6,85.7,0,4.0,0,"Jemerson Monaco, 29, D(CR),DMC",989.0,2.3,2.3,0,0,0.1,30.4,81.7,6.87,Jemerson,Monaco,23,MON  AS Monaco FC  Monaco,"D(CR),DMC",25.000,51.0,0.5,0.5
277,"78Serge AurierPSG, 29, D(CLR),M(R)","Serge Aurier PSG, 29, D(CLR),M(R)",1830,2.2,1.5,0.9,0,1.9,0.5,0.2,7.1,0,3,1.0,1.1,0.9,0.3,1.2,1.4,43.5,89.0,0.6,0.9,0,"Serge Aurier PSG, 29, D(CLR),M(R)",282.0,1.8,2.2,0,1,0.4,26.6,85.0,6.89,Serge Aurier,PSG,23,PAR  Paris Saint-Germain  Paris,"D(CLR),M(R)",20.000,115.0,1.5,1.0
278,"79Nabil FekirLyon, 28, AM(CLR),FW","Nabil Fekir Lyon, 28, AM(CLR),FW",2224,0.7,0,1.6,0,0,0.6,0,7.1,9,4,2.2,2.0,1.9,0.8,2.2,2.2,29.1,84.5,1.5,1.3,0.1,"Nabil Fekir Lyon, 28, AM(CLR),FW",286.0,0,0.2,0,0,2,21.0,81.0,6.51,Nabil Fekir,Lyon,22,OL  Olympique Lyonnais  Lyon,"AM(CLR),FW",22.000,57.5,1.0,3.0
279,"64Emanuel MammanaLyon, 26, D(C)","Emanuel Mammana Lyon, 26, D(C)",1514,2.5,2.3,0.9,0.5,5.3,1.3,0.5,7.15,1,0,0.6,0.2,0.3,0,0.1,0.4,53.1,91.2,0,3.6,0,"Emanuel Mammana Lyon, 26, D(C)",90.0,0,2,0,0,0,31.0,83.9,6.52,Emanuel Mammana,Lyon,20,OL  Olympique Lyonnais  Lyon,D(C),22.000,57.5,0.0,0.0
280,"52Julian DraxlerPSG, 28, AM(CLR),FW","Julian Draxler PSG, 28, AM(CLR),FW",1016,0.6,0.7,0.5,0,0.2,0.4,0,7.19,4,1,1.4,1.2,0.7,0.2,1.3,1.4,31.4,84.4,0.7,1.6,0.3,"Julian Draxler PSG, 28, AM(CLR),FW",161.0,1.0,3.5,1,0,1.0,24.0,70.8,7.57,Julian Draxler,PSG,22,PAR  Paris Saint-Germain  Paris,"AM(CLR),FW",20.000,115.0,1.0,3.0
281,"57Djibril SidibéMonaco, 29, D(CLR),M(R)","Djibril Sidibé Monaco, 29, D(CLR),M(R)",2322,2.6,1.6,1.5,0.1,1.7,1.2,0,7.17,2,5,0.8,0.9,0.9,0.2,1,1.2,45.0,81.3,0.9,2.1,0,"Djibril Sidibé Monaco, 29, D(CLR),M(R)",810.0,3.4,1.2,1,1,1.4,46.7,75.2,7.23,Djibril Sidibé,Monaco,23,MON  AS Monaco FC  Monaco,"D(CLR),M(R)",25.000,51.0,1.5,1.0
282,"59Kamil GlikMonaco, 34, D(C)","Kamil Glik Monaco, 34, D(C)",3240,0.7,1.7,1,0.8,6.8,0.3,0.6,7.16,6,2,0.7,0.2,0.5,0.1,0.1,0.1,42.4,82.0,0.1,3.9,0,"Kamil Glik Monaco, 34, D(C)",900.0,0.6,2.1,1,0,0.3,32.0,78.1,6.93,Kamil Glik,Monaco,28,MON  AS Monaco FC  Monaco,D(C),25.000,51.0,0.0,0.0
283,"45Kylian MbappéMonaco, 23, AM(LR),FW","Kylian Mbappé Monaco, 23, AM(LR),FW",1501,0.3,0.1,0.3,0,0.2,0.2,0,7.22,15,8,1.8,1.1,0.8,0.8,1.1,1.9,11.6,73.3,0.2,0.3,0,"Kylian Mbappé Monaco, 23, AM(LR),FW",536.0,0.1,0.2,6,0,0.7,10.0,83.3,7.16,Kylian Mbappé,Monaco,17,MON  AS Monaco FC  Monaco,"AM(LR),FW",25.000,51.0,2.0,3.0
284,"48Lucas TousartLyon, 25, DMC","Lucas Tousart Lyon, 25, DMC",1633,2.4,1.7,0.8,0.1,2.5,1.4,0.2,7.21,1,1,0.9,0.3,1.0,0,0.7,0.9,41.4,86.2,0.1,1.3,0.1,"Lucas Tousart Lyon, 25, DMC",58.0,1.0,5.0,0,0,0,45.0,93.3,7.47,Lucas Tousart,Lyon,19,OL  Olympique Lyonnais  Lyon,DMC,22.000,57.5,0.0,1.0
285,"31Bernardo SilvaMonaco, 27, M(CLR),FW","Bernardo Silva Monaco, 27, M(CLR),FW",2800,1.3,0.7,0.7,0,0.4,1.4,0,7.29,8,9,1.6,1.6,1.5,0.1,2.0,1.9,31.2,81.1,0.8,1.3,0.1,"Bernardo Silva Monaco, 27, M(CLR),FW",921.0,1,0.7,2,1,1.3,36.6,85.4,6.97,Bernardo Silva,Monaco,21,MON  AS Monaco FC  Monaco,"M(CLR),FW",25.000,51.0,1.0,3.0
286,"32Almamy TouréMonaco, 26, D(CR),M(R)","Almamy Touré Monaco, 26, D(CR),M(R)",1082,1.8,1.0,0.9,0.1,2.6,0.3,0.3,7.29,0,5,0.4,1.1,0.3,0.1,0.6,1.0,28.0,79.3,0.7,0.9,0.1,"Almamy Touré Monaco, 26, D(CR),M(R)",299.0,2.6,1.2,0,0,0.8,20.8,73.1,6.8,Almamy Touré,Monaco,20,MON  AS Monaco FC  Monaco,"D(CR),M(R)",25.000,51.0,1.5,1.0
287,"33Ángel Di MaríaPSG, 34, M(CLR),FW","Ángel Di María PSG, 34, M(CLR),FW",2048,0.7,0.5,0.5,0,0,1.1,0,7.28,6,7,2.9,2.7,0.9,0.4,1.9,1.9,42.3,76.4,2,3.1,0.5,"Ángel Di María PSG, 34, M(CLR),FW",540.0,1.3,0.7,4,1,2.3,42.3,80.7,7.48,Ángel Di María,PSG,28,PAR  Paris Saint-Germain  Paris,"M(CLR),FW",20.000,115.0,1.0,3.0
288,"37Tiemoué BakayokoMonaco, 27, DMC","Tiemoué Bakayoko Monaco, 27, DMC",2220,2.2,1.8,1.6,0,1.7,0.8,0.1,7.27,2,1,0.9,0.4,1.7,0,1.0,0.8,42.8,87.3,0,2.3,0.1,"Tiemoué Bakayoko Monaco, 27, DMC",842.0,2.9,2.8,1,0,0.4,45.2,87.4,7.24,Tiemoué Bakayoko,Monaco,21,MON  AS Monaco FC  Monaco,DMC,25.000,51.0,0.0,1.0
289,"38Layvin KurzawaPSG, 29, D(L),M(L)","Layvin Kurzawa PSG, 29, D(L),M(L)",1529,1.2,2.0,0.8,0,2.3,0.5,0.2,7.26,2,2,1.2,0.8,0.6,0.3,1.2,1.4,49.1,89.4,0.8,0.9,0,"Layvin Kurzawa PSG, 29, D(L),M(L)",370.0,1.6,1.4,0,3,0.6,35.8,74.9,7.03,Layvin Kurzawa,PSG,23,PAR  Paris Saint-Germain  Paris,"D(L),M(L)",20.000,115.0,2.0,1.0
290,"39Benjamin MendyMonaco, 27, D(L),DMC,M(L)","Benjamin Mendy Monaco, 27, D(L),DMC,M(L)",2060,1.9,1.6,1.2,0.2,2.4,0.9,0.1,7.25,0,5,0.6,1.0,0.7,0.5,1.1,1.0,34.2,76.0,1.4,1.4,0.2,"Benjamin Mendy Monaco, 27, D(L),DMC,M(L)",525.0,2.6,1.3,0,3,1.4,30.1,79.1,7.52,Benjamin Mendy,Monaco,21,MON  AS Monaco FC  Monaco,"D(L),DMC,M(L)",25.000,51.0,1.3333333333333333,1.0
291,"40Corentin TolissoLyon, 27, D(R),M(CR)","Corentin Tolisso Lyon, 27, D(R),M(CR)",2577,1.7,1.0,1.0,0,1.2,1.6,0.3,7.25,8,5,2.1,1.4,1.3,0.1,1.2,1.2,65.4,83.8,0.1,2.6,0.4,"Corentin Tolisso Lyon, 27, D(R),M(CR)",450.0,1.5,0.8,2,1,1.8,49.3,87.2,7.22,Corentin Tolisso,Lyon,21,OL  Olympique Lyonnais  Lyon,"D(R),M(CR)",22.000,57.5,1.5,1.0
292,"22Edinson CavaniPSG, 35, AM(LR),FW","Edinson Cavani PSG, 35, AM(LR),FW",2978,0.6,0.3,0.7,0,0.4,0.4,0.1,7.37,35,4,4.0,0.7,0.3,1.8,0.4,1.3,14.4,81.9,0.1,0.6,0,"Edinson Cavani PSG, 35, AM(LR),FW",720.0,0.5,0.4,8,1,0.6,17.0,79.4,7.58,Edinson Cavani,PSG,29,PAR  Paris Saint-Germain  Paris,"AM(LR),FW",20.000,115.0,2.0,3.0
293,"24Adrien RabiotPSG, 27, DMC,M(L)","Adrien Rabiot PSG, 27, DMC,M(L)",1932,2.3,1.4,0.8,0,1.2,0.6,0.6,7.36,3,2,0.8,0.5,1.2,0,0.9,1.1,64.0,90.0,0.2,2,0.1,"Adrien Rabiot PSG, 27, DMC,M(L)",357.0,2,2.2,0,1,0.8,43.8,89.5,7.26,Adrien Rabiot,PSG,21,PAR  Paris Saint-Germain  Paris,"DMC,M(L)",20.000,115.0,1.0,1.5
294,"11Thomas LemarMonaco, 26, AM(CLR)","Thomas Lemar Monaco, 26, AM(CLR)",2612,1.4,0.9,0.7,0,0.4,1.1,0,7.48,9,10,1.7,2.2,1.4,0.2,1.7,2,37.0,82.8,1.6,2.3,0.1,"Thomas Lemar Monaco, 26, AM(CLR)",895.0,1.2,0.9,2,4,2,33.2,83.2,7.23,Thomas Lemar,Monaco,20,MON  AS Monaco FC  Monaco,AM(CLR),25.000,51.0,1.0,2.5
295,"13Maxime GonalonsLyon, 33, D(C),M(C)","Maxime Gonalons Lyon, 33, D(C),M(C)",2432,4.4,2.3,1.6,0,1.7,1.6,0.3,7.44,1,1,0.7,0.7,1.9,0,0.8,0.7,58.9,90.0,0,3.7,0.1,"Maxime Gonalons Lyon, 33, D(C),M(C)",482.0,4.2,3,0,0,1.0,50.5,92.1,7.38,Maxime Gonalons,Lyon,27,OL  Olympique Lyonnais  Lyon,"D(C),M(C)",22.000,57.5,0.0,1.0
296,"16Lucas MouraPSG, 29, AM(CLR),FW","Lucas Moura PSG, 29, AM(CLR),FW",2435,1.2,0.9,0.8,0,0.3,0.4,0,7.41,12,5,1.8,1.5,1,0.1,1.5,1.7,33.5,82.7,1.4,0.6,0.1,"Lucas Moura PSG, 29, AM(CLR),FW",512.0,2.1,1.1,1,1,3.6,35.0,80.4,7.6,Lucas Moura,PSG,23,PAR  Paris Saint-Germain  Paris,"AM(CLR),FW",20.000,115.0,1.0,3.0
297,"17Thomas MeunierPSG, 30, D(R),M(R)","Thomas Meunier PSG, 30, D(R),M(R)",1692,2,1.2,1.1,0,2.1,0.5,0.1,7.39,1,4,1,1.1,0.3,0,0.7,0.9,47.0,86.2,0.7,1.9,0,"Thomas Meunier PSG, 30, D(R),M(R)",454.0,2.8,1.8,1,2,0.7,32.3,80.4,7.0,Thomas Meunier,PSG,24,PAR  Paris Saint-Germain  Paris,"D(R),M(R)",20.000,115.0,2.0,1.0
298,"19Radamel FalcaoMonaco, 36, FW","Radamel Falcao Monaco, 36, FW",1941,0.5,0.3,1,0,0.9,0.8,0.1,7.38,21,5,2.8,0.8,0.9,0.4,1.7,2.3,17.0,78.9,0.1,0.4,0.1,"Radamel Falcao Monaco, 36, FW",666.0,0.6,0.8,5,0,0.5,22.0,89.8,6.97,Radamel Falcao,Monaco,30,MON  AS Monaco FC  Monaco,FW,25.000,51.0,0.0,4.0
299,"20Thiago SilvaPSG, 37, D(C)","Thiago Silva PSG, 37, D(C)",2386,1.1,1.9,0.5,0.5,4.1,0.3,0.9,7.38,3,2,0.8,0.4,0.9,0.1,0,0.1,79.7,93.9,0,4.9,0,"Thiago Silva PSG, 37, D(C)",586.0,1.7,1.7,0,0,0.1,61.0,96.0,6.88,Thiago Silva,PSG,31,PAR  Paris Saint-Germain  Paris,D(C),20.000,115.0,0.0,0.0
300,"5Alexandre LacazetteLyon, 31, M(CLR),FW","Alexandre Lacazette Lyon, 31, M(CLR),FW",2408,1,0.1,1.8,0,0.1,0.8,0,7.57,28,3,2.8,1.7,1.2,1,1.7,2.4,28.2,78.0,0.1,0.4,0.2,"Alexandre Lacazette Lyon, 31, M(CLR),FW",342.0,1.8,0,1,0,0.5,26.5,74.5,6.98,Alexandre Lacazette,Lyon,25,OL  Olympique Lyonnais  Lyon,"M(CLR),FW",22.000,57.5,1.0,3.0
301,"6Marco VerrattiPSG, 29, M(C)","Marco Verratti PSG, 29, M(C)",2158,3.1,0.8,1.5,0,0.4,2.5,0.1,7.54,3,5,0.4,1.4,2.8,0,1.7,1.4,87.5,88.4,0.1,4.5,0.5,"Marco Verratti PSG, 29, M(C)",600.0,4.1,0.7,0,2,2.4,87.3,89.5,7.14,Marco Verratti,PSG,23,PAR  Paris Saint-Germain  Paris,M(C),20.000,115.0,0.0,2.0
302,"9FabinhoMonaco, 28, D(CR),DMC","Fabinho Monaco, 28, D(CR),DMC",3071,3.1,1.4,1.8,0,1.8,1.6,0.3,7.51,9,1,0.8,0.9,1.8,0,0.5,0.6,53.9,84.4,0.1,4.0,0.1,"Fabinho Monaco, 28, D(CR),DMC",846.0,3.3,2.1,1,3,0.8,42.3,85.1,7.41,Fabinho,Monaco,22,MON  AS Monaco FC  Monaco,"D(CR),DMC",25.000,51.0,0.5,0.5
