,Pos,Club,Country,07/08,08/09,09/10,10/11,11/12,Pts,NA
0,1,BAR  FC Barcelona  Barcelona,ESP,25.000,26.000,27.000,33.000,30.000,141.0,16.837
1,2,MU  Manchester United  Man. United,ENG,29.000,25.000,25.000,33.000,13.000,125.0,16.882
2,3,CHE  Chelsea FC  Chelsea,ENG,25.000,22.000,19.000,23.000,30.000,119.0,16.882
3,4,BAY  FC Bayern München  Bayern,GER,20.000,20.000,27.000,21.000,30.000,118.0,15.037
4,5,RM  Real Madrid CF  Real Madrid,ESP,12.000,12.000,19.000,30.000,32.000,105.0,16.837
5,6,ARS  Arsenal FC  Arsenal,ENG,18.000,19.000,22.000,19.000,19.000,97.0,16.882
6,7,INT  FC Internazionale Milano  Inter,ITA,14.000,11.000,31.000,19.000,18.000,93.0,11.996
7,8,ATL  Club Atlético de Madrid  Atlético,ESP,12.000,15.000,21.000,6.000,30.000,84.0,16.837
8,9,POR  FC Porto  Porto,POR,14.000,16.000,19.000,28.000,10.000,87.0,11.069
9,10,OL  Olympique Lyonnais  Lyon,FRA,12.000,13.000,25.000,17.000,17.000,84.0,10.835
10,11,LIV  Liverpool FC  Liverpool,ENG,21.000,20.000,21.000,12.000,-,74.0,16.882
11,12,ACM  AC Milan  Milan,ITA,14.000,12.000,16.000,16.000,20.000,78.0,11.996
12,13,VAL  Valencia CF  Valencia,ESP,7.000,11.000,16.000,18.000,21.000,73.0,16.837
13,14,SLB  SL Benfica  Benfica,POR,11.000,3.000,19.000,22.000,21.000,76.0,11.069
14,15,OM  Olympique de Marseille  Marseille,FRA,12.000,12.000,14.000,18.000,19.000,75.0,10.835
15,16,SHK  FC Shakhtar Donetsk  Shakhtar Donetsk,UKR,7.000,26.000,10.000,24.000,8.000,75.0,9.026
16,17,SCP  Sporting Clube de Portugal  Sporting CP,POR,17.000,12.000,12.000,10.000,20.000,71.0,11.069
17,18,CSM  PFC CSKA Moskva  CSKA Moskva,RUS,4.000,17.000,20.000,14.000,16.000,71.0,9.566
18,19,VLR  Villarreal CF  Villarreal,ESP,13.000,16.000,7.000,23.000,4.000,63.0,16.837
19,20,ZEN  FC Zenit  Zenit,RUS,21.000,13.000,1.500,16.000,18.000,69.5,9.566
20,21,SCH  FC Schalke 04  Schalke,GER,13.000,6.000,-,27.000,17.000,63.0,15.037
21,22,PSV  PSV Eindhoven  PSV,NED,16.000,5.000,12.000,18.000,16.000,67.0,9.103
22,23,BRM  SV Werder Bremen  Bremen,GER,13.000,22.000,15.000,8.000,-,58.0,15.037
23,24,HSV  Hamburger SV  Hamburg,GER,16.000,22.000,18.000,-,-,56.0,15.037
24,25,SEV  Sevilla FC  Sevilla,ESP,16.000,8.000,19.000,9.000,1.500,53.5,16.837
25,26,ASR  AS Roma  Roma,ITA,17.000,14.000,9.000,16.000,1.500,57.5,11.996
26,27,TOT  Tottenham Hotspur  Tottenham,ENG,13.000,9.000,-,21.000,7.000,50.0,16.882
27,28,MC  Manchester City FC  Man. City,ENG,-,17.000,-,13.000,17.000,47.0,16.882
28,29,SCB  SC Braga  Braga,POR,7.000,12.000,1.000,22.000,10.000,52.0,11.069
29,30,FIO  ACF Fiorentina  Fiorentina,ITA,21.000,9.000,21.000,-,-,51.0,11.996
30,31,DK  FC Dynamo Kyiv  Dynamo Kyiv,UKR,3.000,19.000,8.000,17.000,6.000,53.0,9.026
31,32,OLY  Olympiacos FC  Olympiacos,GRE,13.000,8.000,16.000,1.000,16.000,54.0,7.42
32,33,BL  Bayer 04 Leverkusen  Leverkusen,GER,16.000,-,-,13.000,16.000,45.0,15.037
33,34,BOR  FC Girondins de Bordeaux  Bordeaux,FRA,12.000,9.000,27.000,-,-,48.0,10.835
34,35,AJX  AFC Ajax  Ajax,NED,2.000,13.000,9.000,13.000,12.000,49.0,9.103
35,36,TWE  FC Twente  Twente,NED,2.000,8.000,8.000,15.000,15.000,48.0,9.103
36,37,STU  VfB Stuttgart  Stuttgart,GER,5.000,8.000,17.000,10.000,-,40.0,15.037
37,38,BSL  FC Basel 1893  Basel,SUI,10.000,4.000,6.000,9.000,19.000,48.0,5.36
38,39,MET  FC Metalist Kharkiv  Metalist,UKR,1.000,15.000,1.500,8.000,18.000,43.5,9.026
39,40,PAN  Panathinaikos FC  Panathinaikos,GRE,12.000,12.000,12.000,6.000,1.500,43.5,7.42
40,41,AND  RSC Anderlecht  Anderlecht,BEL,12.000,0.000,13.000,5.000,12.000,42.0,6.48
41,42,ATH  Athletic Club  Athletic Club,ESP,-,-,8.000,-,23.000,31.0,16.837
42,43,JUV  Juventus  Juventus,ITA,-,14.000,15.000,6.000,-,35.0,11.996
43,44,CPH  F.C. Copenhagen  Copenhagen,DEN,5.000,8.000,7.000,17.000,4.000,41.0,5.505
44,45,STD  R. Standard de Liège  Standard Liège,BEL,1.000,10.000,16.000,-,13.000,40.0,6.48
45,46,SPM  FC Spartak Moskva  Spartak Moskva,RUS,11.000,6.000,-,18.000,1.500,36.5,9.566
46,47,FUL  Fulham FC  Fulham,ENG,-,-,23.000,-,6.000,29.0,16.882
47,48,PAR  Paris Saint-Germain  Paris,FRA,-,16.000,-,12.000,7.000,35.0,10.835
48,49,AZ  AZ Alkmaar  AZ Alkmaar,NED,6.000,-,8.000,5.000,16.000,35.0,9.103
49,50,RAN  Rangers FC  Rangers,SCO,20.000,0.000,6.000,12.000,1.500,39.5,4.228
50,51,EVE  Everton FC  Everton,ENG,17.000,1.000,8.000,-,-,26.0,16.882
51,52,BJK  Beşiktaş JK  Beşiktaş,TUR,7.000,2.000,7.000,9.000,10.000,35.0,6.81
52,53,FEN  Fenerbahçe SK  Fenerbahçe,TUR,17.000,5.000,11.000,1.500,-,34.5,6.81
53,54,WOL  VfL Wolfsburg  Wolfsburg,GER,-,10.000,16.000,-,-,26.0,15.037
54,55,RUB  FC Rubin  Rubin,RUS,-,-,13.000,10.000,8.000,31.0,9.566
55,56,NAP  SSC Napoli  Napoli,ITA,-,2.000,-,7.000,19.000,28.0,11.996
56,57,GET  Getafe CF  Getafe,ESP,18.000,-,-,5.000,-,23.0,16.837
57,58,UDI  Udinese Calcio  Udinese,ITA,-,15.000,-,-,12.000,27.0,11.996
58,59,LIL  LOSC Lille  LOSC,FRA,-,-,12.000,7.000,9.000,28.0,10.835
59,60,GAL  Galatasaray AŞ  Galatasaray,TUR,6.000,14.000,10.000,1.500,-,31.5,6.81
60,61,BRU  Club Brugge  Club Brugge,BEL,2.000,6.000,10.000,3.000,8.000,29.0,6.48
61,62,APO  APOEL FC  APOEL,CYP,0.000,1.000,7.000,1.500,19.000,28.5,5.099
62,63,CEL  Celtic FC  Celtic,SCO,10.000,7.000,5.000,1.500,5.000,28.5,4.228
63,64,HTA  Hapoel Tel-Aviv FC  H. Tel-Aviv,ISR,5.000,0.000,9.000,8.000,5.000,27.0,4.4
64,65,HAN  Hannover 96  Hannover,GER,-,-,-,-,16.000,16.0,15.037
65,66,BVB  Borussia Dortmund  Dortmund,GER,-,2.000,-,7.000,7.000,16.0,15.037
66,67,LAZ  SS Lazio  Lazio,ITA,7.000,-,4.000,-,7.000,18.0,11.996
67,68,BTE  FC BATE Borisov  BATE,BLR,0.000,6.000,5.000,9.000,6.000,26.0,3.641
68,69,SBG  FC Salzburg  Salzburg,AUT,2.000,0.000,13.000,2.000,7.000,24.0,5.265
69,70,BOL  Bolton Wanderers FC  Bolton,ENG,12.000,-,-,-,-,12.0,16.882
70,71,HER  Hertha BSC Berlin  Hertha,GER,-,5.000,8.000,-,-,13.0,15.037
71,72,PAO  PAOK FC  PAOK,GRE,-,-,1.500,9.000,10.000,20.5,7.42
72,73,AV  Aston Villa FC  Aston Villa,ENG,-,8.000,1.500,1.500,-,11.0,16.882
73,74,LMO  FC Lokomotiv Moskva  Lokomotiv Moskva,RUS,6.000,-,-,1.500,10.000,17.5,9.566
74,75,SAM  UC Sampdoria  Sampdoria,ITA,2.000,9.000,-,4.000,-,15.0,11.996
75,76,SB  FCSB  FCSB,ROU,4.000,4.000,4.000,5.000,6.000,23.0,3.764
76,77,STE  AS Saint-Étienne  St-Étienne,FRA,-,15.000,-,-,-,15.0,10.835
77,78,SPP  AC Sparta Praha  Sparta Praha,CZE,5.000,2.000,5.000,8.000,1.500,21.5,4.07
78,79,AAL  Aalborg BK  AaB,DEN,5.000,14.000,0.500,-,-,19.5,5.505
79,80,STO  Stoke City FC  Stoke,ENG,-,-,-,-,8.000,8.0,16.882
80,81,RST  Real Racing Club  Racing,ESP,-,8.000,-,-,-,8.0,16.837
81,82,DZ  GNK Dinamo Zagreb  Dinamo Zagreb,CRO,4.000,4.000,4.000,5.000,4.000,21.0,3.774
82,83,AEK  AEK Athens FC  AEK,GRE,7.000,0.000,3.000,5.000,2.000,17.0,7.42
83,84,BIR  Birmingham City FC  Birmingham,ENG,-,-,-,-,7.000,7.0,16.882
84,85,DEP  Real Club Deportivo La Coruña  Deportivo,ESP,-,7.000,-,-,-,7.0,16.837
85,86,FCZ  FC Zürich  Zürich,SUI,7.000,0.000,7.000,-,4.000,18.0,5.36
86,87,NÜR  1. FC Nürnberg  Nürnberg,GER,8.000,-,-,-,-,8.0,15.037
87,88,PRM  Portsmouth FC  Portsmouth,ENG,-,6.000,-,-,-,6.0,16.882
88,89,LEC  KKS Lech Poznań  Lech,POL,-,7.000,1.500,10.000,-,18.5,3.983
89,90,ARI  Aris Thessaloniki FC  Aris,GRE,6.000,0.000,-,8.000,-,14.0,7.42
90,91,RBK  Rosenborg BK  Rosenborg,NOR,8.000,6.000,0.500,2.000,1.500,18.0,2.935
91,92,AUS  FK Austria Wien  Austria Wien,AUT,4.000,2.000,2.000,1.500,6.000,15.5,5.265
92,93,HVN  sc Heerenveen  Heerenveen,NED,2.000,3.000,6.000,-,-,11.0,9.103
93,94,PAL  US Città di Palermo  Palermo,ITA,2.000,-,-,5.000,1.000,8.0,11.996
94,95,REN  Stade Rennais FC  Rennes,FRA,4.000,2.000,-,-,3.000,9.0,10.835
95,96,TOU  Toulouse FC  Toulouse,FRA,4.000,-,5.000,-,-,9.0,10.835
96,97,TRA  Trabzonspor AŞ  Trabzonspor,TUR,-,-,1.500,1.500,10.000,13.0,6.81
97,98,SLP  SK Slavia Praha  Slavia Praha,CZE,8.000,4.000,3.000,-,-,15.0,4.07
98,99,BLA  Blackburn Rovers FC  Blackburn,ENG,2.000,-,-,-,-,2.0,16.882
99,100,ZAR  Real Zaragoza  Zaragoza,ESP,2.000,-,-,-,-,2.0,16.837
100,101,CFR  CFR 1907 Cluj  CFR Cluj,ROU,0.000,6.000,2.000,7.000,-,15.0,3.764
101,102,NAN  AS Nancy-Lorraine  Nancy,FRA,-,7.000,-,-,-,7.0,10.835
102,103,ANO  Anorthosis Famagusta FC  Anorthosis,CYP,1.000,8.000,0.500,1.500,1.000,12.0,5.099
103,104,GEN  Genoa CFC  Genoa,ITA,-,-,5.000,-,-,5.0,11.996
104,105,YB  BSC Young Boys  Young Boys,SUI,0.000,1.000,1.000,8.000,1.500,11.5,5.36
105,106,AJA  AJ Auxerre  Auxerre,FRA,-,-,-,6.000,-,6.0,10.835
106,107,NCL  CD Nacional  Nacional,POR,-,-,4.000,-,1.500,5.5,11.069
107,108,GNK  KRC Genk  Genk,BEL,0.000,-,1.500,1.500,7.000,10.0,6.48
108,109,URZ  FC Unirea Urziceni  Unirea Urziceni,ROU,-,1.000,10.000,1.500,-,12.5,3.764
109,110,NIJ  NEC Nijmegen  NEC,NED,-,7.000,-,-,-,7.0,9.103
110,111,MAI  1. FSV Mainz 05  Mainz,GER,-,-,-,-,1.000,1.0,15.037
111,112,OB  Odense BK  OB,DEN,2.000,-,1.500,3.000,3.000,9.5,5.505
112,113,WIS  Wisła Kraków  Wisła Kraków,POL,-,1.000,1.000,1.000,8.000,11.0,3.983
113,114,ZIL  MŠK Žilina  Žilina,SVK,0.000,6.000,1.500,4.000,0.500,12.0,2.974
114,115,PTZ  FK Partizan  Partizan,SRB,0.000,4.000,2.000,4.000,1.500,11.5,2.85
115,116,SOC  FC Sochaux-Montbéliard  Sochaux,FRA,2.000,-,-,-,1.500,3.5,10.835
116,117,UTR  FC Utrecht  Utrecht,NED,-,-,-,5.000,-,5.0,9.103
117,118,PLZ  FC Viktoria Plzeň  Plzeň,CZE,-,-,-,1.000,9.000,10.0,4.07
118,119,DNI  FC Dnipro  Dnipro,UKR,2.000,0.000,-,1.500,1.500,5.0,9.026
119,120,EMP  Empoli FC  Empoli,ITA,2.000,-,-,-,-,2.0,11.996
120,121,VSL  FC Vaslui  Vaslui,ROU,-,2.000,1.500,1.500,5.000,10.0,3.764
121,122,GUI  Vitória SC  Vitória SC,POR,-,1.000,-,-,1.500,2.5,11.069
122,123,MHA  Maccabi Haifa FC  M. Haifa,ISR,-,-,4.000,1.000,4.000,9.0,4.4
123,124,BUR  Bursaspor  Bursaspor,TUR,-,-,-,5.000,1.500,6.5,6.81
124,125,DB  FC Dinamo Bucureşti  Dinamo Bucureşti,ROU,2.000,1.000,4.000,1.000,1.500,9.5,3.764
125,126,PAÇ  FC Paços de Ferreira  Paços Ferreira,POR,1.000,-,1.000,-,-,2.0,11.069
126,127,LEI  UD Leiria  Leiria,POR,2.000,-,-,-,-,2.0,11.069
127,128,HEL  Helsingborgs IF  Helsingborg,SWE,7.000,-,1.000,-,1.500,9.5,3.18
128,129,FEY  Feyenoord  Feyenoord,NED,-,2.000,-,1.500,-,3.5,9.103
129,130,MRT  CS Marítimo  Marítimo,POR,-,0.000,-,1.500,-,1.5,11.069
130,131,VOR  FC Vorskla Poltava  Vorskla,UKR,-,-,1.500,-,2.000,3.5,9.026
131,132,KAR  FC Karpaty Lviv  Karpaty,UKR,-,-,-,2.000,1.500,3.5,9.026
132,133,GNT  KAA Gent  Gent,BEL,-,0.000,1.000,5.000,-,6.0,6.48
133,134,PAN  Panionios GSS  Panionios,GRE,5.000,-,-,-,-,5.0,7.42
134,135,GUI  EA Guingamp  Guingamp,FRA,-,-,1.500,-,-,1.5,10.835
135,136,RPD  SK Rapid Wien  Rapid Wien,AUT,1.000,0.000,4.000,2.000,-,7.0,5.265
136,137,SET  Vitória FC  Setúbal,POR,-,1.000,-,-,-,1.0,11.069
137,138,LEG  Legia Warszawa  Legia,POL,-,0.000,1.000,-,7.000,8.0,3.983
138,139,LS  PFC Levski Sofia  Levski,BUL,0.000,1.000,2.000,5.000,1.000,9.0,2.85
139,140,MON  Montpellier Hérault SC  Montpellier,FRA,-,-,-,1.000,-,1.0,10.835
140,141,LEN  RC Lens  Lens,FRA,1.000,-,-,-,-,1.0,10.835
141,142,STM  SK Sturm Graz  Sturm,AUT,-,0.000,3.000,1.500,2.000,6.5,5.265
142,143,ABE  Aberdeen FC  Aberdeen,SCO,6.000,-,1.000,-,-,7.0,4.228
143,144,GRO  FC Groningen  Groningen,NED,2.000,-,-,-,-,2.0,9.103
144,145,BEL  Os Belenenses  Belenenses,POR,0.000,-,-,-,-,0.0,11.069
145,146,ALA  FC Alania Vladikavkaz  Alania,RUS,-,-,-,-,1.500,1.5,9.566
146,147,SIB  FC Sibir Novosibirsk  Sibir,RUS,-,-,-,1.500,-,1.5,9.566
147,148,DM  FC Dynamo Moscow  Dynamo Moscow,RUS,-,-,1.500,-,-,1.5,9.566
148,148,AMK  FC Amkar Perm  Amkar,RUS,-,-,1.500,-,-,1.5,9.566
149,150,CRV  FK Crvena zvezda  Crvena zvezda,SRB,4.000,0.000,1.500,1.000,1.500,8.0,2.85
150,151,NAC  NAC Breda  NAC,NED,-,-,1.500,-,-,1.5,9.103
151,152,SAM  PFC Krylya Sovetov Samara  Krylya Sovetov,RUS,-,-,1.000,-,-,1.0,9.566
152,153,MOS  FC Moskva  Moskva,RUS,-,1.000,-,-,-,1.0,9.566
153,154,TAV  SC Tavriya Simferopol  Tavriya,UKR,-,-,-,1.500,-,1.5,9.026
154,155,MET  FC Metalurh Donetsk  Metalurh Donetsk,UKR,-,-,1.500,-,-,1.5,9.026
155,156,SIO  FC Sion  Sion,SUI,2.000,-,1.500,-,1.500,5.0,5.36
156,157,CSS  PFC CSKA Sofia  CSKA Sofia,BUL,2.000,-,2.000,2.000,1.500,7.5,2.85
157,158,ELF  IF Elfsborg  Elfsborg,SWE,3.000,0.000,1.500,1.500,1.000,7.0,3.18
158,159,DEN  ADO Den Haag  Den Haag,NED,-,-,-,-,1.000,1.0,9.103
159,160,BRA  SK Brann  Brann,NOR,5.000,2.000,-,-,-,7.0,2.935
160,161,LAR  AE Larissa FC  Larissa,GRE,2.000,-,0.500,-,-,2.5,7.42
161,162,SHF  FC Sheriff Tiraspol  Sheriff,MDA,0.000,0.000,4.000,4.000,0.500,8.5,1.349
162,163,BIF  Brøndby IF  Brøndby,DEN,-,0.000,1.500,1.500,1.000,4.0,5.505
163,164,TIM  FC Timişoara  Timişoara,ROU,-,0.000,4.000,1.500,-,5.5,3.764
164,165,LAR  AEK Larnaca FC  AEK Larnaca,CYP,-,-,-,-,4.000,4.0,5.099
165,166,OMO  Omonoia FC  Omonoia,CYP,0.000,0.000,1.000,1.500,1.500,4.0,5.099
166,167,MLA  FK Mladá Boleslav  Mladá Boleslav,CZE,4.000,-,-,-,1.000,5.0,4.07
167,168,RAP  FC Rapid Bucureşti  Rapid Bucureşti,ROU,2.000,1.000,-,-,2.000,5.0,3.764
168,169,Olympiacos Volou FC  Olympiacos Volou,GRE,-,-,-,-,1.000,1.0,7.42
169,170,LTX  PFC Litex Lovech  Litex,BUL,0.000,1.000,1.500,1.500,1.500,5.5,2.85
170,171,SIV  Sivasspor  Sivasspor,TUR,-,-,1.500,-,-,1.5,6.81
171,172,NRS  FC Nordsjælland  Nordsjælland,DEN,-,0.000,-,1.000,1.500,2.5,5.505
172,173,SVB  ŠK Slovan Bratislava  Slovan Bratislava,SVK,-,-,1.500,1.500,2.000,5.0,2.974
173,174,DEB  Debreceni VSC  Debrecen,HUN,0.000,0.000,4.000,2.000,-,6.0,1.95
174,175,MTA  Maccabi Tel-Aviv FC  M. Tel-Aviv,ISR,0.000,-,-,1.500,2.000,3.5,4.4
175,176,GAZ  Gaziantepspor  Gaziantepspor,TUR,-,-,-,-,1.000,1.0,6.81
176,177,KYS  Kayserispor  Kayserispor,TUR,-,1.000,-,-,-,1.0,6.81
177,178,HAJ  HNK Hajduk Split  Hajduk Split,CRO,0.000,0.000,1.000,2.000,1.000,4.0,3.774
178,179,OTE  FC Oţelul Galaţi  Oţelul,ROU,0.000,-,-,-,4.000,4.0,3.764
179,180,RAN  Randers FC  Randers,DEN,-,-,1.000,1.000,-,2.0,5.505
180,181,WES  KVC Westerlo  Westerlo,BEL,-,-,-,-,1.000,1.0,6.48
181,182,CER  Cercle Brugge KSV  Cercle Brugge,BEL,-,-,-,1.000,-,1.0,6.48
182,183,BNE  Bnei Yehuda Tel-Aviv FC  Bnei Yehuda,ISR,-,-,1.500,0.500,1.000,3.0,4.4
183,184,LAU  FC Lausanne-Sport  Lausanne,SUI,-,-,-,2.000,-,2.0,5.36
184,185,HEA  Heart of Midlothian FC  Hearts,SCO,-,-,1.500,-,1.500,3.0,4.228
185,186,KAL  Kalmar FF  Kalmar,SWE,-,2.000,1.000,1.000,-,4.0,3.18
186,187,THU  FC Thun  Thun,SUI,-,-,-,-,1.500,1.5,5.36
187,188,GCZ  Grasshopper Club Zürich  Grasshoppers,SUI,-,0.000,-,1.500,-,1.5,5.36
188,189,KAY  Kayseri Erciyesspor  Erciyesspor,TUR,0.000,-,-,-,-,0.0,6.81
189,190,RIE  SV Ried  Ried,AUT,0.000,-,-,-,1.500,1.5,5.265
190,191,MOT  Motherwell FC  Motherwell,SCO,-,0.000,1.000,1.500,-,2.5,4.228
191,192,MID  FC Midtjylland  Midtjylland,DEN,0.000,0.000,-,-,1.000,1.0,5.505
192,193,MBR  NK Maribor  Maribor,SVN,-,-,1.500,1.500,2.000,5.0,1.424
193,194,LUZ  FC Luzern  Luzern,SUI,-,-,-,1.000,-,1.0,5.36
194,195,DUN  Dundee United FC  Dundee United,SCO,-,-,-,1.500,0.500,2.0,4.228
195,196,APO  Apollon Limassol FC  Apollon,CYP,-,-,-,1.000,-,1.0,5.099
196,197,APO  APOP/Kinyras Peyias FC  APOP,CYP,-,-,1.000,-,-,1.0,5.099
197,198,JAB  FK Jablonec  Jablonec,CZE,0.000,-,-,1.000,1.000,2.0,4.07
198,199,BNK  FC Baník Ostrava  Baník,CZE,-,1.000,-,1.000,-,2.0,4.07
199,200,VÅL  Vålerenga Fotball Elite  Vålerenga,NOR,1.000,-,1.000,-,1.000,3.0,2.935
200,201,LOK  FC Lokomotiv Sofia 1929  Lokomotiv Sofia,BUL,2.000,0.000,-,-,1.000,3.0,2.85
201,202,AIK  AIK  AIK,SWE,1.000,-,-,1.500,-,2.5,3.18
202,203,VEN  FK Ventspils  Ventspils,LVA,0.000,0.000,3.000,0.500,1.000,4.5,1.174
203,204,MIN  FC Dinamo Minsk  Dinamo Minsk,BLR,0.000,-,0.500,1.500,-,2.0,3.641
204,205,RAB  FK Rabotnicki  Rabotnicki,MKD,1.000,0.000,1.000,1.000,1.500,4.5,1.133
205,206,LIB  FC Slovan Liberec  Liberec,CZE,-,0.000,1.500,-,-,1.5,4.07
206,207,SIG  SK Sigma Olomouc  Sigma,CZE,-,-,1.500,-,-,1.5,4.07
207,207,TEP  FK Teplice  Teplice,CZE,-,-,1.500,-,-,1.5,4.07
208,209,SLA  WKS Śląsk Wrocław  Śląsk,POL,-,-,-,-,1.500,1.5,3.983
209,210,AAL  Aalesunds FK  Aalesund,NOR,-,-,-,1.000,1.500,2.5,2.935
210,211,MAC  Maccabi Netanya FC  M. Netanya,ISR,0.000,0.000,1.000,-,-,1.0,4.4
211,212,BEL  AC Bellinzona  Bellinzona,SUI,-,0.000,-,-,-,0.0,5.36
212,213,HJK  HJK Helsinki  HJK,FIN,0.000,-,0.500,1.500,1.500,3.5,1.826
213,214,MAT  SV Mattersburg  Mattersburg,AUT,0.000,-,-,-,-,0.0,5.265
214,215,GAZ  CS Gaz Metan Mediaş  Gaz Metan,ROU,-,-,-,-,1.500,1.5,3.764
215,216,QAR  Qarabağ FK  Qarabağ,AZE,-,-,1.500,1.500,1.000,4.0,1.241
216,217,DIN  FC Dinamo Tbilisi  Dinamo Tbilisi,GEO,0.000,0.000,1.000,1.000,1.500,3.5,1.733
217,218,JAG  Jagiellonia Białystok  Jagiellonia,POL,-,-,-,1.000,0.250,1.25,3.983
218,219,HIB  Hibernian FC  Hibernian,SCO,-,-,-,1.000,-,1.0,4.228
219,220,MAL  Malmö FF  Malmö,SWE,-,-,-,-,2.000,2.0,3.18
220,221,IFK  IFK Göteborg  Göteborg,SWE,-,0.000,1.000,1.000,-,2.0,3.18
221,222,HAM  Hammarby Fotboll  Hammarby,SWE,2.000,-,-,-,-,2.0,3.18
222,223,DNE  FC Dnepr Mogilev  Dnepr,BLR,-,-,-,1.500,-,1.5,3.641
223,224,AKT  FC Aktobe  Aktobe,KAZ,0.000,0.000,1.500,1.500,1.000,4.0,1.066
224,225,RUC  Ruch Chorzów  Ruch,POL,-,-,-,1.000,-,1.0,3.983
225,226,POL  KSP Polonia Warszawa  Polonia Warszawa,POL,-,-,1.000,-,-,1.0,3.983
226,227,STP  Saint Patrick's Athletic FC  St Patrick's,IRL,0.000,1.000,1.500,-,1.000,3.5,1.475
227,228,TRN  FC Spartak Trnava  Spartak Trnava,SVK,-,0.000,0.500,-,1.500,2.0,2.974
228,229,TRO  Tromsø IL  Tromsø,NOR,-,-,1.500,-,0.500,2.0,2.935
229,230,STA  Stabæk Fotball  Stabæk,NOR,-,0.000,1.500,0.500,-,2.0,2.935
230,231,EKR  FK Ekranas  Ekranas,LTU,0.000,-,1.000,1.000,1.500,3.5,1.375
231,232,CMV  PFC Cherno More AD  Cherno More,BUL,-,1.000,1.000,-,-,2.0,2.85
232,233,RNK Split  Split,CRO,-,-,-,-,1.000,1.0,3.774
233,233,VAR  NK Varaždin  Varaždin,CRO,-,-,-,-,1.000,1.0,3.774
234,235,SLA  NK Slaven Koprivnica  Slaven Koprivnica,CRO,0.000,0.000,1.000,-,-,1.0,3.774
235,236,RIJ  HNK Rijeka  Rijeka,CRO,-,-,1.000,-,-,1.0,3.774
236,237,ZES  FC Zestafoni  Zestafoni,GEO,-,0.000,0.500,1.000,1.500,3.0,1.733
237,238,FAL  Falkirk FC  Falkirk,SCO,-,-,0.500,-,-,0.5,4.228
238,239,GOM  FC Gomel  Gomel,BLR,-,0.000,-,-,1.000,1.0,3.641
239,240,SHA  Shamrock Rovers FC  Shamrock Rovers,IRL,-,-,-,1.000,2.000,3.0,1.475
240,241,KOS  MFK Košice  Košice,SVK,-,-,1.500,-,-,1.5,2.974
241,242,JER  Beitar Jerusalem FC  Beitar Jerusalem,ISR,0.000,0.000,-,-,-,0.0,4.4
242,243,HAP  Hapoel Kiryat Shmona FC  H. Kiryat Shmona,ISR,-,0.000,-,-,-,0.0,4.4
243,244,VOJ  FK Vojvodina  Vojvodina,SRB,0.000,0.000,1.000,-,0.500,1.5,2.85
244,245,SIB  HNK Šibenik  Šibenik,CRO,-,-,-,0.500,-,0.5,3.774
245,245,CIB  HNK Cibalia  Cibalia,CRO,-,-,-,0.500,-,0.5,3.774
246,247,OLI  FC Metalurgi Rustavi  Metalurgi Rustavi,GEO,0.000,-,0.500,1.000,1.000,2.5,1.733
247,248,QOS  Queen of the South FC  Queen of the South,SCO,-,0.000,-,-,-,0.0,4.228
248,249,DUN  Dunfermline Athletic FC  Dunfermline,SCO,0.000,-,-,-,-,0.0,4.228
249,250,SAR  FK Sarajevo  Sarajevo,BIH,0.000,-,1.500,-,1.000,2.5,1.683
250,251,HÄC  BK Häcken  Häcken,SWE,0.000,-,-,-,1.000,1.0,3.18
251,252,SHA  FC Shakhtyor Soligorsk  Shakhtyor,BLR,-,-,-,-,0.500,0.5,3.641
252,252,MIN  FC Minsk  Minsk,BLR,-,-,-,-,0.500,0.5,3.641
253,254,ZHO  FC Torpedo Zhodino  Torpedo Zhodino,BLR,-,-,-,0.500,-,0.5,3.641
254,255,PAR  FC Partizan Minsk  Partizan Minsk,BLR,-,0.000,0.500,-,-,0.5,3.641
255,256,NAF  FC Naftan Novopolotsk  Naftan,BLR,-,-,0.500,-,-,0.5,3.641
256,257,ZAG  Zagłębie Lubin  Zagłębie,POL,0.000,-,-,-,-,0.0,3.983
257,257,GRO  Groclin Grodzisk Wielkopolski  Groclin Grodzisk Wielkopolski,POL,0.000,-,-,-,-,0.0,3.983
258,257,BEL  GKS Bełchatów  Bełchatów,POL,0.000,-,-,-,-,0.0,3.983
259,260,BOH  Bohemian FC  Bohemians,IRL,-,-,1.000,1.000,0.500,2.5,1.475
260,261,SEN  FK Senica  Senica,SVK,-,-,-,-,1.000,1.0,2.974
261,262,STR  Strømsgodset IF  Strømsgodset,NOR,-,-,-,-,1.000,1.0,2.935
262,263,MOL  Molde FK  Molde,NOR,-,-,-,1.000,-,1.0,2.935
263,264,FRE  Fredrikstad FK  Fredrikstad,NOR,0.000,-,1.000,-,-,1.0,2.935
264,265,BER  PFC Beroe Stara Zagora  Beroe,BUL,-,-,-,1.000,-,1.0,2.85
265,266,SUB  FK Spartak Subotica  Spartak Subotica,SRB,-,-,-,1.000,-,1.0,2.85
266,266,OFK  OFK Beograd  OFK Beograd,SRB,-,-,-,1.000,-,1.0,2.85
267,268,SEV  FK Sloboda Užice  Sloboda Užice,SRB,-,-,1.000,-,-,1.0,2.85
268,269,HNK  FC Honka Espoo  Honka,FIN,-,0.000,1.000,0.500,0.500,2.0,1.826
269,270,TUR  FC Inter Turku  Inter Turku,FIN,-,-,1.000,1.000,-,2.0,1.826
270,271,ŽEL  FK Željezničar  Željezničar,BIH,-,-,-,1.000,1.000,2.0,1.683
271,272,ZRI  HŠK Zrinjski  Zrinjski,BIH,0.000,0.000,1.000,1.000,-,2.0,1.683
272,273,ÖRE  Örebro SK  Örebro,SWE,-,-,-,-,0.500,0.5,3.18
273,274,GEF  Gefle IF  Gefle,SWE,-,-,-,0.500,-,0.5,3.18
274,275,BRE  FC Dinamo Brest  Dinamo Brest,BLR,0.000,-,-,-,-,0.0,3.641
275,276,REY  KR Reykjavík  KR Reykjavik,ISL,0.000,-,1.000,0.500,1.000,2.5,1.066
276,277,HAF  FH Hafnarfjördur  FH,ISL,0.000,0.000,1.000,1.000,0.500,2.5,1.066
277,278,LT  FC Levadia Tallinn  Levadia,EST,0.000,0.000,1.500,1.000,0.500,3.0,0.533
278,279,DUK  FK Dukla Banská Bystrica  Banská Bystrica,SVK,-,-,-,0.500,-,0.5,2.974
279,280,FEH  Fehérvár FC  Fehérvár,HUN,-,-,-,0.500,1.000,1.5,1.95
280,281,ETO  Győri ETO FC  Győr,HUN,-,0.000,-,1.500,-,1.5,1.95
281,282,PYU  FC Pyunik  Pyunik,ARM,0.000,0.000,1.000,1.000,1.000,3.0,0.441
282,283,MOG  FK Mogren  Mogren,MNE,-,0.000,1.000,0.500,1.000,2.5,0.875
283,284,RAD  FK Rad  Rad,SRB,-,-,-,-,0.500,0.5,2.85
284,285,DAC  FC Dacia Chisinau  Dacia,MDA,-,0.000,0.500,0.500,1.000,2.0,1.349
285,286,VAD  FC Vaduz  Vaduz,LIE,0.000,0.000,1.000,0.500,1.000,2.5,0.8
286,287,BAK  Bakı FK  Bakı,AZE,-,-,1.500,0.500,-,2.0,1.241
287,288,WIT  FC WIT Georgia  WIT Georgia,GEO,-,0.000,1.000,0.500,-,1.5,1.733
288,289,NIT  FC Nitra  Nitra,SVK,-,-,-,0.250,-,0.25,2.974
289,290,BAN  FK Borac Banja Luka  Borac,BIH,-,-,-,0.500,1.000,1.5,1.683
290,291,DJU  Djurgårdens IF  Djurgården,SWE,-,0.000,-,-,-,0.0,3.18
291,292,MET  SK Liepājas Metalurgs  Liepājas Metalurgs,LVA,0.000,0.000,0.500,1.000,0.500,2.0,1.174
292,293,BAN  Bangor City FC  Bangor,WAL,-,0.000,0.500,1.000,1.000,2.5,0.549
293,294,PET  FC Petržalka  Petržalka,SVK,0.000,0.000,-,-,-,0.0,2.974
294,295,MOR  FC ViOn Zlaté Moravce  Zlaté Moravce,SVK,0.000,-,-,-,-,0.0,2.974
295,296,DIF  FC Differdange 03  Differdange,LUX,-,-,0.500,0.500,1.500,2.5,0.466
296,297,PAK  Paksi FC  Paks,HUN,-,-,-,-,1.000,1.0,1.95
297,298,HON  Budapest Honvéd FC  Honvéd,HUN,0.000,-,1.000,-,-,1.0,1.95
298,299,LIL  Lillestrøm SK  Lillestrøm,NOR,0.000,0.000,-,-,-,0.0,2.935
299,300,VIK  Viking FK  Viking,NOR,-,0.000,-,-,-,0.0,2.935
300,301,ŠIR  NK Široki Brijeg  Široki Brijeg,BIH,0.000,0.000,0.500,0.500,0.250,1.25,1.683
301,302,SKO  Skonto FC  Skonto,LVA,0.000,-,0.500,0.250,1.000,1.75,1.174
302,303,SUD  FK Sūduva  Sūduva,LTU,0.000,0.000,0.500,0.500,0.500,1.5,1.375
303,304,BOR  FK Borac Čačak  Borac Čačak,SRB,-,0.000,-,-,-,0.0,2.85
304,305,BEZ  FK Bežanija  Bežanija,SRB,0.000,-,-,-,-,0.0,2.85
305,306,ISK  FC Iskra-Stal  Iskra-Stal,MDA,-,-,0.500,0.500,0.500,1.5,1.349
306,307,TPS  TPS Turku  TPS,FIN,-,-,-,0.500,0.500,1.0,1.826
307,308,MYP  Myllykosken Pallo -47  MYPA,FIN,0.000,-,-,1.000,-,1.0,1.826
308,309,LAH  FC Lahti  Lahti,FIN,-,-,1.000,-,-,1.0,1.826
309,310,TAM  Tampere United  Tampere United,FIN,1.000,0.000,-,-,-,1.0,1.826
310,311,TOB  FC Tobol Kostanay  Tobol,KAZ,0.000,0.000,0.500,0.250,1.000,1.75,1.066
311,312,TNS  The New Saints FC  TNS,WAL,0.000,0.000,0.250,1.500,0.500,2.25,0.549
312,313,HB  HB Tórshavn  HB,FRO,0.000,-,0.500,1.000,1.000,2.5,0.283
313,314,TIR  KF Tirana  Tirana,ALB,0.000,-,1.000,0.500,0.500,2.0,0.783
314,315,LIN  Linfield FC  Linfield,NIR,0.000,0.000,0.250,1.000,1.000,2.25,0.516
315,316,SLI  Sligo Rovers FC  Sligo,IRL,-,-,0.250,-,1.000,1.25,1.475
316,317,DUD  F91 Diddeleng  Diddeleng,LUX,0.000,0.000,1.000,0.250,1.000,2.25,0.466
317,318,SLA  FK Slavija Sarajevo  Slavija,BIH,-,-,1.000,-,-,1.0,1.683
318,319,OLI  NK Olimpija Ljubljana  Olimpija Ljubljana,SVN,-,-,-,0.250,1.000,1.25,1.424
319,320,KOP  FC Koper  Koper,SVN,0.000,0.000,-,1.000,0.250,1.25,1.424
320,321,REN  KF Renova  Renova,MKD,-,-,0.250,1.000,0.250,1.5,1.133
321,322,VAL  Valletta FC  Valletta,MLT,-,0.000,0.500,0.500,1.000,2.0,0.616
322,323,BRE  Breidablik  Breidablik,ISL,-,-,-,0.500,1.000,1.5,1.066
323,324,KES  Keşla FK  Keşla,AZE,-,0.000,0.250,1.000,-,1.25,1.241
324,325,DER  Derry City FC  Derry,IRL,0.000,-,1.000,-,-,1.0,1.475
325,326,KEC  Kecskeméti TE  Kecskemét,HUN,-,-,-,-,0.500,0.5,1.95
326,326,FER  Ferencvárosi TC  Ferencváros,HUN,-,-,-,-,0.500,0.5,1.95
327,328,UJP  Újpest FC  Újpest,HUN,-,-,0.500,-,-,0.5,1.95
328,328,HAL  Szombathelyi Haladás  Haladás,HUN,-,-,0.500,-,-,0.5,1.95
329,330,GOR  ND Gorica  Gorica,SVN,0.000,-,0.500,0.500,-,1.0,1.424
330,331,NK IB Ljubljana  IB Ljubljana,SVN,-,0.000,1.000,-,-,1.0,1.424
331,332,TAU  FK Tauras  Tauras,LTU,-,-,-,0.500,0.500,1.0,1.375
332,333,RUD  FK Rudar Pljevlja  Rudar Pljevlja,MNE,0.000,-,-,1.000,0.500,1.5,0.875
333,334,POD  FK Budućnost Podgorica  Budućnost Podgorica,MNE,0.000,0.000,0.250,1.000,0.250,1.5,0.875
334,335,VET  FK Vėtra  Vėtra,LTU,-,0.000,1.000,-,-,1.0,1.375
335,336,KUP  KuPS Kuopio  KuPS,FIN,-,-,-,-,0.500,0.5,1.826
336,337,FLO  FC Flora Tallinn  Flora,EST,0.000,0.000,0.500,0.250,1.000,1.75,0.533
337,338,GLE  Glentoran FC  Glentoran,NIR,0.000,0.000,1.000,0.250,0.500,1.75,0.516
338,339,NEF  Neftçi PFK  Neftçi,AZE,0.000,-,-,-,1.000,1.0,1.241
339,340,FC Gagra  Gagra,GEO,-,-,-,-,0.500,0.5,1.733
340,341,SJU  UE Sant Julià  Sant Julià,AND,-,0.000,1.000,0.500,0.500,2.0,0.2
341,342,ZTE  Zalaegerszegi TE  Zalaegerszeg,HUN,-,-,-,0.250,-,0.25,1.95
342,343,SHK  KF Shkëndija  Shkëndija,MKD,-,-,-,-,1.000,1.0,1.133
343,344,FK Teteks  Teteks,MKD,-,-,-,1.000,-,1.0,1.133
344,345,MAK  FK Makedonija GP Skopje  Makedonija,MKD,-,-,1.000,-,-,1.0,1.133
345,346,BIR  Birkirkara FC  Birkirkara,MLT,-,0.000,0.250,1.000,0.250,1.5,0.616
346,347,EBS  EB/Streymur  EB/Streymur,FRO,0.000,0.000,1.000,0.250,0.500,1.75,0.283
347,348,DIN  FK Dinamo Tirana  Dinamo Tirana,ALB,-,0.000,0.250,1.000,-,1.25,0.783
348,349,KH  Xäzär Länkäran FK  Xäzär Länkäran,AZE,0.000,0.000,-,0.250,0.500,0.75,1.241
349,350,DUN  Dundalk FC  Dundalk,IRL,-,-,-,0.500,-,0.5,1.475
350,350,Sporting Fingal FC  Sporting Fingal,IRL,-,-,-,0.500,-,0.5,1.475
351,352,MTK  MTK Budapest  MTK,HUN,0.000,0.000,-,-,-,0.0,1.95
352,353,DOM  NK Domžale  Domžale,SVN,0.000,0.000,-,-,0.500,0.5,1.424
353,354,RUD  NK Rudar Velenje  Rudar Velenje,SVN,-,-,0.500,-,-,0.5,1.424
354,355,MET  FK Metalurg Skopje  Metalurg Skopje,MKD,-,-,-,0.250,0.500,0.75,1.133
355,356,SIA  FC Šiauliai  Šiauliai,LTU,-,-,-,0.500,-,0.5,1.375
356,357,PET  OFK Petrovac  Petrovac,MNE,-,-,1.000,-,-,1.0,0.875
357,358,KAU  FBK Kaunas  Kaunas,LTU,0.000,0.000,0.500,-,-,0.5,1.375
358,359,OLI  FC Zaria Balti  Zaria,MDA,-,-,-,0.500,-,0.5,1.349
359,360,ZIM  FC Zimbru Chisinau  Zimbru,MDA,0.000,-,0.500,-,-,0.5,1.349
360,361,HAK  Valkeakosken Haka  Haka,FIN,0.000,0.000,-,-,-,0.0,1.826
361,362,KAR  FC Shakhter Karagandy  Shakhter,KAZ,-,0.000,-,0.250,0.500,0.75,1.066
362,363,IRT  FC Irtysh Pavlodar  Irtysh,KAZ,-,-,0.250,-,0.500,0.75,1.066
363,364,SKË  KF Skënderbeu  Skënderbeu,ALB,-,-,-,-,1.000,1.0,0.783
364,365,VLL  KF Vllaznia  Vllaznia,ALB,-,0.000,0.500,-,0.500,1.0,0.783
365,366,FLA  KS Flamurtari  Flamurtari,ALB,-,-,0.500,-,0.500,1.0,0.783
366,367,CLI  Cliftonville FC  Cliftonville,NIR,-,0.000,-,1.000,0.250,1.25,0.516
367,368,AME  FC Ameri Tbilisi  Ameri,GEO,0.000,-,-,-,-,0.0,1.733
368,369,SAN  FC Santa Coloma  FC Santa Coloma,AND,0.000,0.000,0.500,0.500,0.500,1.5,0.2
369,370,MIK  FC Mika  Mika,ARM,0.000,-,0.250,0.500,0.500,1.25,0.441
370,371,TRE  SP Tre Fiori  Tre Fiori,SMR,-,-,0.500,0.500,0.500,1.5,0.183
371,372,MOD  FK Modriča  Modriča,BIH,-,0.000,-,-,-,0.0,1.683
372,373,JEL  FK Jelgava  Jelgava,LVA,-,-,-,0.500,-,0.5,1.174
373,374,DIN  FC Dinaburg  Dinaburg,LVA,-,-,0.500,-,-,0.5,1.174
374,375,MIL  FK Milano  Milano,MKD,-,0.000,0.500,-,-,0.5,1.133
375,376,BAN  FK Banga  Banga,LTU,-,-,-,-,0.250,0.25,1.375
376,377,FC Milsami Orhei  Milsami,MDA,-,-,-,-,0.250,0.25,1.349
377,378,ATY  FC Atyrau  Atyrau,KAZ,-,-,-,0.500,-,0.5,1.066
378,379,FRA  Fram Reykjavík  Fram,ISL,-,-,0.500,-,-,0.5,1.066
379,380,LLA  Llanelli AFC  Llanelli,WAL,-,0.000,0.250,0.250,0.500,1.0,0.549
380,381,RHY  Rhyl FC  Rhyl,WAL,0.000,-,1.000,-,-,1.0,0.549
381,382,CRU  Crusaders FC  Crusaders,NIR,-,-,0.500,-,0.500,1.0,0.516
382,383,OLI  Olimpik-Şüvälan PFK  Olimpik-Şüvälan,AZE,-,0.000,-,-,0.250,0.25,1.241
383,384,SIM  Simurq PFK  Simurq,AZE,-,-,0.250,-,-,0.25,1.241
384,385,DRO  Drogheda United FC  Drogheda,IRL,0.000,0.000,-,-,-,0.0,1.475
385,386,COR  Cork City FC  Cork,IRL,-,0.000,-,-,-,0.0,1.475
386,387,JEU  AS Jeunesse Esch  Jeunesse Esch,LUX,-,-,-,1.000,-,1.0,0.466
387,388,DAU  FC Daugava Daugavpils  Daugava Daugavpils,LVA,-,-,-,-,0.250,0.25,1.174
388,389,ZET  FK Zeta  Zeta,MNE,0.000,0.000,-,0.250,0.250,0.5,0.875
389,390,SLI  Sliema Wanderers FC  Sliema,MLT,0.000,-,0.500,0.250,-,0.75,0.616
390,391,NIS  FC Nistru Otaci  Nistru,MDA,0.000,0.000,-,-,-,0.0,1.349
391,392,OKZ  FC Okzhetpes Kokshetau  Okzhetpes,KAZ,-,-,0.250,-,-,0.25,1.066
392,393,ÍBV  ÍBV Vestmannaeyjar  ÍBV,ISL,-,-,-,-,0.250,0.25,1.066
393,394,FYL  Fylkir  Fylkir,ISL,-,-,-,0.250,-,0.25,1.066
394,395,KEF  Keflavík  Keflavík,ISL,0.000,-,0.250,-,-,0.25,1.066
395,396,TRA  JK Narva Trans  Trans,EST,0.000,-,0.250,0.250,0.250,0.75,0.533
396,397,BES  KS Besa  Besa,ALB,0.000,-,-,0.500,-,0.5,0.783
397,398,ARA  MKT Araz  MKT Araz,AZE,0.000,-,-,-,-,0.0,1.241
398,399,URA  FC Urartu  Urartu,ARM,0.000,0.000,0.250,0.250,0.250,0.75,0.441
399,400,JUV  AC Juvenes/Dogana  Juvenes/Dogana,SMR,-,0.000,0.500,-,0.500,1.0,0.183
400,401,OLI  JFK Olimps/RFS  Olimps,LVA,-,0.000,-,-,-,0.0,1.174
401,402,PEL  FK Pelister  Pelister,MKD,-,0.000,-,-,-,0.0,1.133
402,403,VAR  FK Vardar  Vardar,MKD,0.000,-,-,-,-,0.0,1.133
403,403,POB  FK Pobeda  Pobeda,MKD,0.000,-,-,-,-,0.0,1.133
404,405,SUT  FK Sutjeska  Sutjeska,MNE,-,-,0.250,-,-,0.25,0.875
405,406,FLO  Floriana FC  Floriana,MLT,-,-,-,-,0.500,0.5,0.616
406,407,HIB  Hibernians FC  Hibernians,MLT,0.000,-,0.500,-,-,0.5,0.616
407,408,ALM  FC Alma-Ata  Alma-Ata,KAZ,0.000,-,-,-,-,0.0,1.066
408,408,A64  FC Astana 64  Astana 64,KAZ,0.000,-,-,-,-,0.0,1.066
409,410,AKR  ÍA Akranes  ÍA,ISL,-,0.000,-,-,-,0.0,1.066
410,410,VAL  Valur  Valur,ISL,-,0.000,-,-,-,0.0,1.066
411,412,NSÍ  NSÍ Runavík  NSÍ,FRO,-,0.000,0.250,0.250,0.250,0.75,0.283
412,413,KAL  Nõmme Kalju FC  Kalju,EST,-,-,0.250,-,0.250,0.5,0.533
413,414,SIL  JK Sillamäe Kalev  Sillamäe,EST,-,-,-,0.500,-,0.5,0.533
414,415,LAC  KF Laçi  Laç,ALB,-,-,-,0.250,-,0.25,0.783
415,416,POR  Portadown FC  Portadown,NIR,-,-,-,0.500,-,0.5,0.516
416,417,KAE  UN Käerjéng 97  Käerjéng,LUX,0.000,-,0.250,-,0.250,0.5,0.466
417,418,GRE  CS Grevenmacher  Grevenmacher,LUX,-,0.000,0.250,0.250,-,0.5,0.466
418,419,ULI  Ulisses FC  Ulisses,ARM,-,-,-,0.250,0.250,0.5,0.441
419,420,GAN  FC Gandzasar  Gandzasar,ARM,-,-,0.500,-,-,0.5,0.441
420,421,TRE  SP Tre Penne  Tre Penne,SMR,-,-,-,0.500,0.250,0.75,0.183
421,422,NEA  Neath FC  Neath,WAL,-,-,-,-,0.250,0.25,0.549
422,423,TAL  Port Talbot Town FC  Port Talbot,WAL,-,-,-,0.250,-,0.25,0.549
423,424,VIK  Víkingur  Vikingur,FRO,-,-,-,0.500,-,0.5,0.283
424,425,PAR  FK Partizani  Partizani,ALB,-,0.000,-,-,-,0.0,0.783
425,426,TEU  KF Teuta  Teuta,ALB,0.000,-,-,-,-,0.0,0.783
426,427,LIS  Lisburn Distillery FC  Distillery,NIR,-,-,0.250,-,-,0.25,0.516
427,428,FOL  CS Fola Esch  Fola,LUX,-,-,-,-,0.250,0.25,0.466
428,429,LUS  FC Lusitans  Lusitans,AND,-,-,-,0.250,0.250,0.5,0.2
429,429,SAN  UE Santa Coloma  UE Santa Coloma,AND,-,-,-,0.250,0.250,0.5,0.2
430,431,MAR  Marsaxlokk FC  Marsaxlokk,MLT,0.000,0.000,-,-,-,0.0,0.616
431,432,CAR  Carmarthen Town AFC  Carmarthen,WAL,0.000,-,-,-,-,0.0,0.549
432,433,FUG  ÍF Fuglafjørdur  ÍF,FRO,-,-,-,-,0.250,0.25,0.283
433,434,B36  B36 Tórshavn  B36,FRO,0.000,0.000,0.250,-,-,0.25,0.283
434,435,TVM  FC TVMK Tallinn  TVMK,EST,-,0.000,-,-,-,0.0,0.533
435,436,DUN  Dungannon Swifts FC  Dungannon,NIR,0.000,-,-,-,-,0.0,0.516
436,437,RAC  Racing FC Union Luxembourg  Racing Union,LUX,-,0.000,-,-,-,0.0,0.466
437,438,ETZ  FC Etzella Ettelbruck  Etzella,LUX,0.000,-,-,-,-,0.0,0.466
438,439,ARA  FC Ararat  Ararat,ARM,-,0.000,-,-,-,0.0,0.441
439,440,FAE  SC Faetano  Faetano,SMR,-,-,-,0.250,-,0.25,0.183
440,441,RAN  Rànger's FC  Rànger's,AND,0.000,-,-,-,-,0.0,0.2
441,442,MUR  SS Murata  Murata,SMR,0.000,0.000,-,-,-,0.0,0.183
442,443,LIB  AC Libertas  Libertas,SMR,0.000,-,-,-,-,0.0,0.183
