,Player,Player.1,Apps,Mins,Tackles,Inter,Fouls,Offsides,Clear,Drb,Blocks,OwnG,Rating,Goals,Assists,SpG,KeyP,Fouled,Off,Disp,UnsTch,Assists,KeyP,AvgP,PS%,Crosses,LongB,ThrB
0,"521Simon MooreSheff Utd, 32, GK","Simon Moore Sheff Utd, 32, GK",2,180,0.5,-,-,-,-,-,-,-,5.39,-,-,-,-,-,-,-,-,-,-,22,34.1,-,5,-
1,"522Mark TraversBournemouth, 23, GK","Mark Travers Bournemouth, 23, GK",1,90,-,-,-,-,1,-,-,-,4.95,-,-,-,-,-,-,-,-,-,-,25,60.0,-,2,-
0,"511Adam IdahNorwich, 21, FW","Adam Idah Norwich, 21, FW",1(11),221,0.2,-,0.2,-,0.1,0.1,-,-,5.98,-,-,0.5,0.1,0.3,0.1,0.4,0.8,-,0.1,4.0,72.9,-,-,-
1,"512Kelland WattsNewcastle, 22, D(C),DMC","Kelland Watts Newcastle, 22, D(C),DMC",0(1),16,1,-,-,-,-,-,-,-,5.97,-,-,-,-,-,-,-,-,-,-,3.0,33.3,-,-,-
2,"513Albian AjetiWest Ham, 25, FW","Albian Ajeti West Ham, 25, FW",0(9),132,0.1,-,0.7,-,-,-,-,-,5.97,-,-,0.3,0.2,-,0.2,0.2,0.4,-,0.2,1.7,80.0,-,-,-
3,"514Oumar NiasseEverton, 32, FW","Oumar Niasse Everton, 32, FW",0(3),19,1.3,0.3,0.7,-,-,-,-,-,5.97,-,-,-,-,-,-,1.7,0.7,-,-,1.0,100.0,-,-,-
4,"515Isaac SuccessWatford, 26, AM(LR),FW","Isaac Success Watford, 26, AM(LR),FW",0(5),67,-,0.2,0.4,-,-,-,-,-,5.96,-,-,0.2,0.2,0.4,-,0.4,1,-,0.2,3.4,76.5,-,-,-
5,"516Danny DrinkwaterBurnley, 32, DMC","Danny Drinkwater Burnley, 32, DMC",1,59,2,1,1,-,-,1,-,-,5.92,-,-,-,-,-,-,-,1,-,-,24.0,58.3,-,-,-
6,"517Ravel MorrisonSheff Utd, 29, M(C),FW","Ravel Morrison Sheff Utd, 29, M(C),FW",0(1),12,-,-,1,-,-,-,-,-,5.92,-,-,1,-,-,-,1,-,-,-,6.0,83.3,-,-,-
7,"518Leon ClarkeSheff Utd, 37, FW","Leon Clarke Sheff Utd, 37, FW",0(2),33,-,-,-,-,1,-,-,-,5.91,-,-,0.5,-,-,-,-,0.5,-,-,3.0,66.7,-,-,-
8,"519Danny DrinkwaterAston Villa, 32, DMC","Danny Drinkwater Aston Villa, 32, DMC",4,263,1.3,1.3,1.8,-,1.3,4,-,-,5.74,-,-,0.5,0.3,0.3,-,0.8,0.8,-,0.3,42.0,82.1,-,2.5,-
9,"520Borja BastónAston Villa, 29, FW","Borja Bastón Aston Villa, 29, FW",0(2),16,0.5,-,-,-,-,1,-,-,5.71,-,-,-,-,-,-,-,0.5,-,-,3.0,66.7,-,-,-
0,"501Víctor CamarasaCrystal Palace, 27, M(CR)","Víctor Camarasa Crystal Palace, 27, M(CR)",0(1),5,-,-,-,-,-,-,-,-,6.01,-,-,-,-,-,-,-,-,-,-,3,100,-,-,-
1,"502Jack WilshereWest Ham, 30, M(CLR)","Jack Wilshere West Ham, 30, M(CLR)",2(6),212,0.1,0.1,0.1,-,-,0.5,-,-,6.01,-,-,-,-,1,-,1.1,1,-,-,9.4,82.7,-,0.1,-
2,"503Axel TuanzebeMan Utd, 24, D(CR)","Axel Tuanzebe Man Utd, 24, D(CR)",2(3),187,0.4,1,0.6,0.2,0.8,0.2,-,-,6.0,-,-,-,-,0.6,-,0.4,0.2,-,-,27.2,88.2,-,0.8,-
3,"504Jonathan KodjiaAston Villa, 32, AM(LR),FW","Jonathan Kodjia Aston Villa, 32, AM(LR),FW",0(6),112,-,-,0.2,-,0.2,0.2,-,-,6.0,-,-,0.3,0.2,0.3,-,-,0.7,-,0.2,4.5,55.6,-,-,-
4,"505Akin FamewoNorwich, 23, D(C)","Akin Famewo Norwich, 23, D(C)",0(1),1,-,-,-,-,-,-,-,-,6.0,-,-,-,-,-,-,-,-,-,-,-,-,-,-,-
5,"506James GarnerMan Utd, 21, M(C)","James Garner Man Utd, 21, M(C)",0(1),8,-,-,-,-,1,1,-,-,6.0,-,-,-,-,1,-,-,-,-,-,14,100,-,1,-
6,"507Jordan ThomasNorwich, 21, Defender","Jordan Thomas Norwich, 21, Defender",0(1),1,-,-,-,-,-,-,-,-,6.0,-,-,-,-,-,-,-,-,-,-,-,-,-,-,-
7,"508Kieron FreemanSheff Utd, 30, D(CR),M(R)","Kieron Freeman Sheff Utd, 30, D(CR),M(R)",0(2),6,-,-,0.5,-,-,-,-,-,5.99,-,-,-,-,-,-,-,-,-,-,0.5,100,-,-,-
8,"509Max ThompsonBurnley, 20, Forward","Max Thompson Burnley, 20, Forward",0(1),2,-,-,-,-,-,-,-,-,5.98,-,-,-,-,-,-,-,-,-,-,-,-,-,-,-
9,"510Richairo ZivkovicSheff Utd, 25, AM(R),FW","Richairo Zivkovic Sheff Utd, 25, AM(R),FW",0(5),107,0.4,-,0.2,-,-,0.2,-,-,5.98,-,-,0.2,0.4,0.2,-,0.6,0.2,-,0.4,3.6,88.9,0.2,-,-
0,"491Dimitri FoulquierWatford, 29, D(CLR),M(R)","Dimitri Foulquier Watford, 29, D(CLR),M(R)",1(2),58,0.3,0.7,-,-,0.7,-,-,-,6.03,-,-,-,-,-,-,-,0.7,-,-,3.3,80.0,-,0.3,-
1,"492Sam SurridgeBournemouth, 23, FW","Sam Surridge Bournemouth, 23, FW",0(4),26,-,0.3,0.5,-,-,-,-,-,6.03,-,-,0.5,0.3,0.3,-,0.3,0.8,-,0.3,2.3,55.6,-,-,-
2,"493Josip DrmicNorwich, 29, AM(LR),FW","Josip Drmic Norwich, 29, AM(LR),FW",5(16),642,0.1,-,0.3,-,0.2,0.4,-,-,6.03,1,-,0.7,0.2,0.2,0.3,0.7,1,-,0.2,7.6,77.5,-,0.1,-
3,"494Armando BrojaChelsea, 20, FW","Armando Broja Chelsea, 20, FW",0(1),4,-,-,-,-,-,-,-,-,6.02,-,-,-,-,1,-,1,-,-,-,1.0,100.0,-,-,-
4,"495Tahith ChongMan Utd, 22, AM(CLR),FW","Tahith Chong Man Utd, 22, AM(CLR),FW",0(3),34,-,-,0.7,-,-,-,-,-,6.02,-,-,0.3,-,0.3,-,0.3,0.7,-,-,4.7,64.3,-,-,-
5,"496Andrew SurmanBournemouth, 35, M(CL)","Andrew Surman Bournemouth, 35, M(CL)",2(3),235,0.8,0.2,0.2,-,0.8,0.4,-,-,6.02,-,-,0.2,0.2,0.2,-,0.4,0.8,-,0.2,25.4,81.1,0.4,1.2,-
6,"497Henri LansburyAston Villa, 31, M(C)","Henri Lansbury Aston Villa, 31, M(C)",2(8),191,0.6,-,0.4,-,0.2,0.6,-,-,6.01,-,-,0.2,0.2,0.1,-,-,0.7,-,0.2,8.2,78.0,-,0.7,-
7,"498Matty JamesLeicester, 30, DMC","Matty James Leicester, 30, DMC",0(1),5,-,-,-,-,-,-,-,-,6.01,-,-,-,-,-,-,-,-,-,-,5.0,100.0,-,-,-
8,"499Troy ParrottTottenham, 20, AM(CLR),FW","Troy Parrott Tottenham, 20, AM(CLR),FW",0(2),6,-,-,-,-,-,-,-,-,6.01,-,-,-,-,-,-,-,-,-,-,2.0,100.0,-,-,-
9,"500Victor WanyamaTottenham, 30, DMC","Victor Wanyama Tottenham, 30, DMC",0(2),24,-,-,0.5,-,-,-,-,-,6.01,-,-,-,-,0.5,-,-,-,-,-,9.5,89.5,-,0.5,-
0,"481Aaron LennonBurnley, 35, M(LR)","Aaron Lennon Burnley, 35, M(LR)",4(12),486,0.9,0.5,0.6,-,0.2,0.2,0.1,-,6.08,-,-,0.1,0.1,0.4,-,0.3,0.4,-,0.1,7.4,69.5,0.1,0.1,-
1,"482Domingos QuinaWatford, 22, M(CL)","Domingos Quina Watford, 22, M(CL)",0(4),18,0.5,-,0.3,-,-,0.3,-,-,6.08,-,-,0.3,-,0.3,-,0.3,0.5,-,-,2.5,100,-,-,-
2,"483Gaëtan BongBrighton, 34, D(L)","Gaëtan Bong Brighton, 34, D(L)",0(4),57,0.3,-,-,-,-,-,0.3,-,6.07,-,-,-,0.5,0.3,-,0.3,0.8,-,0.5,6.8,81.5,0.3,0.3,-
3,"484Georges-Kévin NkoudouTottenham, 27, AM(LR)","Georges-Kévin Nkoudou Tottenham, 27, AM(LR)",0(1),2,-,-,-,-,-,1,-,-,6.07,-,-,1,-,-,-,-,-,-,-,-,-,-,-,-
4,"485Dennis SrbenyNorwich, 28, AM(C),FW","Dennis Srbeny Norwich, 28, AM(C),FW",0(8),41,0.6,-,0.1,-,0.1,0.3,-,-,6.06,1,-,0.3,-,-,-,0.4,0.1,-,-,2.3,72.2,-,-,-
5,"486Juan FoythTottenham, 24, D(CR),DMC","Juan Foyth Tottenham, 24, D(CR),DMC",1(3),67,1.8,0.3,0.5,-,0.5,0.3,-,-,6.05,-,-,-,0.3,0.3,-,0.3,0.3,-,0.3,14,82.1,-,0.5,-
6,"487Ørjan NylandAston Villa, 31, GK","Ørjan Nyland Aston Villa, 31, GK",5(2),537,-,-,-,-,0.3,-,-,-,6.05,-,-,-,-,-,-,-,0.1,-,-,21.7,52.6,-,5,-
7,"488Yoshinori MutoNewcastle, 29, FW","Yoshinori Muto Newcastle, 29, FW",2(6),208,0.4,-,0.3,-,-,0.1,-,-,6.04,-,-,0.1,0.1,0.4,0.4,0.3,1.1,-,0.1,4,84.4,-,-,-
8,"489Indiana VassilevAston Villa, 21, AM(LR)","Indiana Vassilev Aston Villa, 21, AM(LR)",0(4),47,-,-,-,-,-,-,-,-,6.04,-,-,0.3,-,0.3,0.5,0.5,0.3,-,-,2.8,63.6,-,-,-
9,"490Josh MartinNorwich, 20, AM(L)","Josh Martin Norwich, 20, AM(L)",0(5),32,0.2,0.2,0.2,-,-,-,-,-,6.03,-,-,0.2,-,-,-,-,-,-,-,3,80,-,0.2,-
0,"471Maya YoshidaSouthampton, 33, D(CR)","Maya Yoshida Southampton, 33, D(CR)",6(2),558,1,0.5,0.4,0.3,3.1,0.5,0.3,-,6.12,-,-,0.6,-,0.6,-,0.3,0.3,-,-,33.4,79.0,-,1.9,-
1,"472Odion IghaloMan Utd, 32, AM(C),FW","Odion Ighalo Man Utd, 32, AM(C),FW",0(11),122,0.2,-,0.1,-,-,0.2,0.1,-,6.11,-,-,0.6,0.2,0.1,0.1,0.4,0.4,-,0.2,2.3,88.0,-,-,-
2,"473Michy BatshuayiChelsea, 28, FW","Michy Batshuayi Chelsea, 28, FW",1(15),226,0.3,-,0.3,-,0.1,0.3,0.1,-,6.1,1,1,0.9,0.2,0.3,0.4,0.3,0.8,1,0.2,4.9,82.1,-,-,-
3,"474Morgan Gibbs-WhiteWolves, 22, AM(CR),FW","Morgan Gibbs-White Wolves, 22, AM(CR),FW",1(6),126,-,0.3,0.3,-,-,-,-,-,6.1,-,-,0.3,0.4,0.1,-,-,1,-,0.4,11.3,79.7,-,0.3,-
4,"475Brandon PierrickCrystal Palace, 20, Forward","Brandon Pierrick Crystal Palace, 20, Forward",0(2),13,-,-,-,-,0.5,-,-,-,6.1,-,-,-,1,-,-,0.5,1,-,1,3.5,71.4,-,-,-
5,"476Harvey ElliottLiverpool, 19, AM(CR)","Harvey Elliott Liverpool, 19, AM(CR)",0(2),7,-,-,-,-,-,-,-,-,6.1,-,-,-,-,-,-,-,-,-,-,5.5,90.9,-,0.5,-
6,"477Angel GomesMan Utd, 21, AM(CL),FW","Angel Gomes Man Utd, 21, AM(CL),FW",0(2),19,-,-,0.5,-,-,-,-,-,6.09,-,-,-,1,-,-,-,0.5,-,1,6.5,84.6,-,1,0.5
7,"478Bruno JordãoWolves, 23, M(C)","Bruno Jordão Wolves, 23, M(C)",0(1),6,-,-,-,-,-,-,-,-,6.09,-,-,-,1,-,-,-,-,-,1,6.0,66.7,-,-,-
8,"479Oliver SkippTottenham, 21, DMC","Oliver Skipp Tottenham, 21, DMC",1(6),76,0.3,-,0.1,-,-,0.4,0.3,-,6.09,-,-,-,-,-,-,0.1,0.1,-,-,5.4,89.5,-,0.3,-
9,"480Ralf FährmannNorwich, 33, GK","Ralf Fährmann Norwich, 33, GK",1,22,-,-,-,-,-,-,-,-,6.08,-,-,-,-,-,-,-,-,-,-,8.0,62.5,-,-,-
0,"461Andre GrayWatford, 30, FW","Andre Gray Watford, 30, FW",7(16),747,0.2,-,0.4,-,0.1,0.1,-,-,6.15,2,-,0.8,0.4,-,0.3,0.6,1.3,-,0.4,6.5,65.3,-,0.2,-
1,"462Tyrick MitchellCrystal Palace, 22, D(L)","Tyrick Mitchell Crystal Palace, 22, D(L)",2(2),193,1.3,0.5,0.3,-,0.3,1.5,-,-,6.15,-,-,-,1,0.3,-,0.8,0.3,-,1,23.5,79.8,0.8,0.8,-
2,"463Jack SimpsonBournemouth, 25, D(C)","Jack Simpson Bournemouth, 25, D(C)",1(3),238,1.3,0.5,0.3,-,3,1.5,-,-,6.15,-,-,0.3,0.3,0.3,-,0.5,0.3,-,0.3,23.3,69.9,-,0.3,-
3,"464Jack RodwellSheff Utd, 31, D(C),M(C)","Jack Rodwell Sheff Utd, 31, D(C),M(C)",0(1),16,-,-,-,-,1,-,-,-,6.14,-,-,-,-,-,-,-,-,-,-,2.0,100.0,-,-,-
4,"465Carlos SánchezWest Ham, 36, D(C),M(C)","Carlos Sánchez West Ham, 36, D(C),M(C)",1(5),113,0.2,0.3,0.3,-,0.2,-,-,-,6.14,-,-,-,-,-,-,0.2,-,-,-,9.8,81.4,-,0.7,-
5,"466Jesús VallejoWolves, 25, D(CR)","Jesús Vallejo Wolves, 25, D(CR)",1(1),162,0.5,1,1,-,3.5,0.5,1.5,-,6.14,-,-,-,-,0.5,-,0.5,1,-,-,59.0,77.1,0.5,4,-
6,"467Kevin DansoSouthampton, 23, D(C)","Kevin Danso Southampton, 23, D(C)",3(3),278,1,0.3,0.7,-,1.2,0.5,0.5,-,6.13,-,1,0.2,0.3,0.3,-,0.2,0.7,1,0.3,21.8,74.0,-,0.7,-
7,"468Lloyd KellyBournemouth, 23, D(CL)","Lloyd Kelly Bournemouth, 23, D(CL)",7(1),638,0.9,0.8,0.9,0.5,1.9,0.1,0.6,-,6.13,-,-,0.1,0.3,0.3,-,0.4,0.6,-,0.3,25.1,80.1,0.1,1.3,-
8,"469Marcos RojoMan Utd, 32, D(CL)","Marcos Rojo Man Utd, 32, D(CL)",1(2),122,1,-,0.7,-,2,0.3,0.3,-,6.13,-,-,0.3,-,0.3,-,-,-,-,-,15.3,69.6,-,-,-
9,"470Gedson FernandesTottenham, 23, M(CR)","Gedson Fernandes Tottenham, 23, M(CR)",0(7),63,0.3,0.1,-,-,-,0.3,-,-,6.12,-,-,0.1,0.3,0.3,-,-,0.3,-,0.3,5.6,84.6,0.3,-,-
0,"451Patrick RobertsNorwich, 25, AM(CR),FW","Patrick Roberts Norwich, 25, AM(CR),FW",0(3),24,-,-,0.3,-,-,-,-,-,6.2,-,-,-,-,0.7,-,-,-,-,-,3.0,66.7,-,0.3,-
1,"452João PedroWatford, 20, AM(L),FW","João Pedro Watford, 20, AM(L),FW",0(3),22,-,-,0.3,-,-,-,-,-,6.19,-,-,0.3,-,-,-,0.7,-,-,-,3.0,77.8,0.3,-,-
2,"453Lukas RuppNorwich, 31, M(CR)","Lukas Rupp Norwich, 31, M(CR)",8(4),699,1.3,1.3,0.8,-,0.2,1,-,-,6.19,-,-,0.3,0.7,0.5,-,1.5,1.3,-,0.7,22.1,76.2,-,0.3,0.1
3,"454Angus GunnSouthampton, 26, GK","Angus Gunn Southampton, 26, GK",10,900,0.1,-,-,-,0.3,0.2,-,-,6.19,-,-,-,-,0.2,-,-,-,-,-,23.1,37.7,-,4.3,-
4,"455Takumi MinaminoLiverpool, 27, AM(CLR),FW","Takumi Minamino Liverpool, 27, AM(CLR),FW",2(8),243,0.3,-,0.7,-,0.3,0.8,-,-,6.18,-,-,0.8,0.1,0.3,-,0.5,1,-,0.1,10.6,89.6,0.1,0.2,-
5,"456George HirstLeicester, 23, FW","George Hirst Leicester, 23, FW",0(2),9,-,-,-,-,-,-,-,-,6.18,-,-,1.5,-,1,-,-,0.5,-,-,2.5,80.0,-,-,-
6,"457Diogo DalotMan Utd, 23, D(LR),M(R)","Diogo Dalot Man Utd, 23, D(LR),M(R)",1(3),66,0.8,0.5,0.3,0.3,0.3,0.3,-,-,6.18,-,-,0.3,-,-,-,0.5,0.3,-,-,12.8,74.5,-,0.3,-
7,"458Mario VrancicNorwich, 32, M(CL)","Mario Vrancic Norwich, 32, M(CL)",6(14),630,1.4,0.5,0.7,0.1,0.2,0.6,-,-,6.17,1,-,0.7,0.4,0.7,0.1,0.5,0.5,-,0.4,22.6,78.3,-,0.8,-
8,"459Henrikh MkhitaryanArsenal, 33, M(CLR),FW","Henrikh Mkhitaryan Arsenal, 33, M(CLR),FW",1(2),111,-,-,0.7,-,0.3,0.7,-,-,6.17,-,-,0.7,0.7,0.7,0.3,1,1.3,-,0.7,23.0,79.7,-,0.3,0.3
9,"460Faustino AnjorinChelsea, 20, Midfielder","Faustino Anjorin Chelsea, 20, Midfielder",0(1),19,-,-,-,-,-,-,-,-,6.16,-,-,1,-,1,-,1,1,-,-,7.0,100.0,-,-,-
0,"441Ezequiel SchelottoBrighton, 32, D(R),M(LR)","Ezequiel Schelotto Brighton, 32, D(R),M(LR)",5(4),363,0.4,0.8,0.8,0.1,1.4,0.7,-,-,6.24,-,-,0.4,-,0.4,0.1,0.7,1.4,-,-,13.4,68.6,0.1,0.3,-
1,"442Ignacio PussettoWatford, 26, AM(CLR),FW","Ignacio Pussetto Watford, 26, AM(CLR),FW",0(7),68,1,0.4,0.4,-,0.4,0.7,0.1,-,6.24,-,-,-,-,0.3,-,0.3,0.4,-,-,4.1,58.6,0.1,0.3,-
2,"443Jordon IbeBournemouth, 26, M(CLR)","Jordon Ibe Bournemouth, 26, M(CLR)",0(2),48,1,-,-,-,0.5,-,-,-,6.23,-,-,-,-,1,-,0.5,0.5,-,-,8.5,82.4,0.5,-,-
3,"444Leroy SanéMan City, 26, M(CLR),FW","Leroy Sané Man City, 26, M(CLR),FW",0(1),11,-,-,-,-,-,-,-,-,6.23,-,-,2,-,-,-,-,-,-,-,7.0,85.7,-,-,-
4,"445Keinan DavisAston Villa, 24, FW","Keinan Davis Aston Villa, 24, FW",4(14),538,0.1,-,0.7,-,0.2,0.2,-,-,6.22,-,-,0.9,0.3,0.6,0.2,0.6,1.4,-,0.3,7.6,73.5,-,0.1,-
5,"446Marco StiepermannNorwich, 31, D(L),M(CLR)","Marco Stiepermann Norwich, 31, D(L),M(CLR)",14(10),1189,0.8,0.2,0.9,-,0.7,0.7,0.1,-,6.22,-,-,0.8,0.5,0.6,-,0.9,1.1,-,0.5,16.8,71.5,-,0.4,-
6,"447Alexis Mac AllisterBrighton, 23, M(CL),FW","Alexis Mac Allister Brighton, 23, M(CL),FW",4(5),352,1,0.1,0.4,-,0.1,0.4,-,-,6.22,-,-,0.8,0.6,0.4,0.1,0.8,0.8,-,0.6,10.9,75.5,0.3,0.2,-
7,"448Valentino LazaroNewcastle, 26, D(R),M(CLR)","Valentino Lazaro Newcastle, 26, D(R),M(CLR)",4(9),474,1,0.2,0.2,-,0.2,0.5,-,-,6.21,1,-,0.3,0.5,0.2,-,0.5,0.3,-,0.5,13.1,82.9,0.3,0.6,-
8,"449Charlie DanielsBournemouth, 35, D(L),M(L)","Charlie Daniels Bournemouth, 35, D(L),M(L)",2,127,0.5,0.5,-,-,2,0.5,-,-,6.21,-,-,-,1,-,-,0.5,0.5,-,1,18.5,75.7,1,1.5,-
9,"450Max MeyerCrystal Palace, 26, M(CLR),FW","Max Meyer Crystal Palace, 26, M(CLR),FW",6(11),652,1.1,0.4,0.4,-,0.1,0.6,0.1,-,6.2,-,-,0.5,0.2,0.9,0.1,0.9,0.6,-,0.2,11.8,78.1,0.1,0.2,-
0,"431Christian AtsuNewcastle, 30, AM(CLR)","Christian Atsu Newcastle, 30, AM(CLR)",6(13),741,0.5,0.3,0.6,-,0.3,0.5,-,-,6.29,-,3,0.3,0.7,0.5,0.2,0.9,1.1,3,0.7,10.4,80.3,0.4,0.3,0.1
1,"432Florin AndoneBrighton, 29, FW","Florin Andone Brighton, 29, FW",1(2),72,0.3,-,0.7,-,0.3,-,0.3,-,6.29,1,-,0.3,0.3,1.0,-,0.3,1.7,-,0.3,4.0,58.3,-,-,-
2,"433Nathan TellaSouthampton, 22, AM(LR),FW","Nathan Tella Southampton, 22, AM(LR),FW",0(1),2,-,-,-,-,-,-,-,-,6.29,-,-,1,-,1.0,-,-,-,-,-,1.0,-,-,-,-
3,"434Jairo RiedewaldCrystal Palace, 25, D(CL),DMC","Jairo Riedewald Crystal Palace, 25, D(CL),DMC",7(10),765,0.8,1,0.2,0.1,1.1,0.2,0.1,-,6.29,-,-,0.2,0.1,0.1,-,0.4,0.6,-,0.1,19.4,75.7,0.1,0.9,-
4,"435Jürgen LocadiaBrighton, 28, AM(LR),FW","Jürgen Locadia Brighton, 28, AM(LR),FW",1(1),86,-,-,-,-,-,-,-,-,6.27,-,-,1,-,1.0,-,1,2.5,-,-,9.5,52.6,-,-,-
5,"436Callum RobinsonSheff Utd, 27, AM(CLR),FW","Callum Robinson Sheff Utd, 27, AM(CLR),FW",9(7),676,0.4,0.4,0.7,-,0.2,0.3,-,-,6.27,1,1,0.8,0.3,0.3,0.1,1.1,1,1,0.3,8.6,84.1,0.2,0.3,-
6,"437Adrian MariappaWatford, 35, D(CR)","Adrian Mariappa Watford, 35, D(CR)",15(5),1509,1,0.6,1,0.4,3.4,1,0.4,1,6.25,-,-,0.2,0.2,0.4,0.1,0.2,0.5,-,0.2,23.1,73.2,0.3,1.3,-
7,"438JotaAston Villa, 30, AM(CLR)","Jota Aston Villa, 30, AM(CLR)",4(6),334,0.3,0.3,0.6,-,0.5,0.3,-,-,6.25,-,1,0.6,0.4,0.2,-,1.3,0.7,1,0.4,9.3,78.5,-,0.6,0.2
8,"439Glenn MurrayBrighton, 38, FW","Glenn Murray Brighton, 38, FW",7(16),790,0.2,-,0.7,-,0.5,0.3,0.1,-,6.25,1,1,0.8,0.1,0.7,0.4,0.7,1.1,1,0.1,7.3,61.7,-,-,-
9,"440Mamadou SakhoCrystal Palace, 32, D(C)","Mamadou Sakho Crystal Palace, 32, D(C)",11(3),932,0.5,1.4,0.2,0.3,3.1,0.2,0.4,-,6.24,-,-,-,0.1,0.1,-,0.4,0.4,-,0.1,38.4,87.7,-,2,-
0,"421Cenk TosunEverton, 30, FW","Cenk Tosun Everton, 30, FW",2(3),290,0.4,-,0.8,-,0.2,0.2,-,-,6.31,1,-,2.2,0.8,0.8,0.2,0.6,1.6,-,0.8,11.6,67.2,-,0.4,-
1,"422Ruben Loftus-CheekChelsea, 26, M(CLR)","Ruben Loftus-Cheek Chelsea, 26, M(CLR)",2(5),205,-,0.3,0.3,-,0.3,0.3,0.1,-,6.31,-,1,0.6,0.1,0.4,-,0.6,0.3,1,0.1,18.9,90.2,-,0.7,0.1
2,"423Lewis CookBournemouth, 25, M(CL)","Lewis Cook Bournemouth, 25, M(CL)",14(13),1346,1,0.6,0.9,-,0.6,1.4,0.2,-,6.31,-,-,0.3,0.4,0.4,-,0.7,1,-,0.4,26.7,78.8,-,1.6,0.1
3,"424Darren RandolphWest Ham, 35, GK","Darren Randolph West Ham, 35, GK",2,180,-,-,-,-,1,-,-,-,6.31,-,-,-,-,-,-,-,-,-,-,18.0,50.0,-,8,-
4,"425Jesse LingardMan Utd, 29, AM(CLR),FW","Jesse Lingard Man Utd, 29, AM(CLR),FW",9(13),932,0.7,0.1,1.3,-,-,0.6,-,-,6.3,1,-,1,0.9,0.5,-,0.5,1.1,-,0.9,17.8,87.7,-,0.2,-
5,"426Emil KrafthNewcastle, 27, D(CR)","Emil Krafth Newcastle, 27, D(CR)",11(6),1017,1.1,0.5,0.2,-,2.4,0.6,0.5,-,6.3,-,1,0.2,0.1,0.4,-,0.2,0.5,1,0.1,19.4,77.2,0.1,0.6,-
6,"427ChicharitoWest Ham, 33, FW","Chicharito West Ham, 33, FW",1(1),107,-,0.5,-,-,-,0.5,-,-,6.3,1,-,1.5,-,-,1,0.5,0.5,-,-,10.0,85.0,-,-,-
7,"428Robbie BradyBurnley, 30, D(L),M(CLR)","Robbie Brady Burnley, 30, D(L),M(CLR)",5(12),454,0.6,0.3,0.5,0.1,0.4,0.4,0.1,-,6.3,1,2,0.7,0.5,0.2,0.1,0.6,0.6,2,0.5,8.9,63.6,0.1,0.2,0.1
8,"429Arnaut DanjumaBournemouth, 25, AM(L),FW","Arnaut Danjuma Bournemouth, 25, AM(L),FW",6(8),629,0.3,0.6,-,-,0.2,0.2,-,-,6.3,-,-,0.9,0.4,0.4,0.4,1,0.9,-,0.4,15.8,81.0,0.1,0.4,-
9,"430Emile Smith RoweArsenal, 21, AM(CL)","Emile Smith Rowe Arsenal, 21, AM(CL)",1(1),97,0.5,0.5,-,-,1,1,-,-,6.3,-,-,-,-,0.5,-,0.5,2,-,-,17.5,85.7,-,-,-
0,"411Juan MataMan Utd, 34, AM(CLR)","Juan Mata Man Utd, 34, AM(CLR)",8(11),783,0.4,-,0.4,-,0.1,0.2,0.1,-,6.33,-,2,0.5,0.9,0.5,0.2,0.4,0.7,2,0.9,26.8,87.0,0.4,1.1,0.1
1,"412Muhamed BesicSheff Utd, 29, DMC","Muhamed Besic Sheff Utd, 29, DMC",2(7),245,0.9,0.1,0.7,-,0.7,0.3,-,-,6.33,-,-,0.4,0.1,0.2,-,0.2,0.2,-,0.1,11.8,79.2,-,0.7,-
2,"413Jake VokinsSouthampton, 22, D(L)","Jake Vokins Southampton, 22, D(L)",1,90,2,-,-,-,1,-,-,-,6.32,-,-,1,1,1,-,1,2,-,1,58.0,79.3,-,3,-
3,"414Jed SteerAston Villa, 29, GK","Jed Steer Aston Villa, 29, GK",1,8,-,-,-,-,-,-,-,-,6.32,-,-,-,-,-,-,-,-,-,-,2.0,50.0,-,-,-
4,"415Timothy Fosu-MensahMan Utd, 24, D(CR)","Timothy Fosu-Mensah Man Utd, 24, D(CR)",2(1),137,0.3,1.3,1.7,-,0.3,1,-,-,6.32,-,-,0.3,0.7,-,0.3,-,0.7,-,0.7,21.3,84.4,0.3,1,-
5,"416Moise KeanEverton, 22, AM(L),FW","Moise Kean Everton, 22, AM(L),FW",6(23),866,0.2,0.2,0.9,-,-,-,-,-,6.32,2,2,1,0.3,0.4,0.1,0.7,1.1,2,0.3,4.3,76.8,0.1,-,-
6,"417Ryan SessegnonTottenham, 22, D(L),M(LR)","Ryan Sessegnon Tottenham, 22, D(L),M(LR)",4(2),343,1,0.5,0.7,-,1.7,0.5,-,-,6.32,-,-,0.2,0.3,0.3,0.3,0.2,1.7,-,0.3,26.5,77.4,0.2,0.7,-
7,"418Joseph WillockArsenal, 22, M(C)","Joseph Willock Arsenal, 22, M(C)",8(21),849,0.9,0.1,0.3,-,0.3,0.4,0.1,-,6.31,1,1,0.5,0.4,0.4,-,0.6,1,1,0.4,11.8,82.8,0.1,0.4,-
8,"419Patrick CutroneWolves, 24, FW","Patrick Cutrone Wolves, 24, FW",3(9),295,0.3,0.2,0.4,-,0.1,0.3,0.1,-,6.31,2,-,0.9,0.2,0.8,0.3,0.8,0.7,-,0.2,4.9,69.5,0.1,-,-
9,"420Ki Sung-YuengNewcastle, 33, DMC","Ki Sung-Yueng Newcastle, 33, DMC",1(2),136,0.3,1,0.3,-,0.7,0.7,-,-,6.31,-,-,-,0.7,1,-,0.7,0.3,-,0.7,22.0,89.4,1.3,1,-
0,"401Michael McGovernNorwich, 37, GK","Michael McGovern Norwich, 37, GK",1(1),158,-,-,-,-,1.5,-,-,-,6.35,-,-,-,-,-,-,-,-,-,-,20.0,47.5,-,2,-
1,"402Tommy DoyleMan City, 20, AM(C)","Tommy Doyle Man City, 20, AM(C)",0(1),16,-,-,-,-,-,1,-,-,6.35,-,-,1,-,1,-,-,-,-,-,20.0,100.0,-,-,-
2,"403Billy GilmourChelsea, 20, DMC","Billy Gilmour Chelsea, 20, DMC",2(4),192,0.8,0.5,0.5,-,0.3,0.3,-,-,6.35,-,-,0.2,0.7,0.2,-,0.5,0.5,-,0.7,28.7,90.1,-,1.5,-
3,"404Xherdan ShaqiriLiverpool, 30, M(CLR)","Xherdan Shaqiri Liverpool, 30, M(CLR)",2(5),182,0.1,-,0.1,-,-,0.1,-,-,6.34,1,-,0.6,0.4,0.4,0.1,0.9,0.3,-,0.4,13.9,83.5,0.4,1.1,-
4,"405Michael ObafemiSouthampton, 21, FW","Michael Obafemi Southampton, 21, FW",8(13),663,0.3,0.3,0.5,-,-,0.6,-,-,6.34,3,2,0.6,0.5,0.3,0.1,0.7,1.9,2,0.5,6.5,80.3,-,0.1,-
5,"406Adam LallanaLiverpool, 34, M(CLR)","Adam Lallana Liverpool, 34, M(CLR)",3(12),374,1.3,0.3,0.5,0.1,0.1,1,-,-,6.34,1,1,0.3,0.3,0.5,0.1,0.3,0.9,1,0.3,17.7,85.7,-,0.3,-
6,"407Billy SharpSheff Utd, 36, FW","Billy Sharp Sheff Utd, 36, FW",10(15),1048,0.2,-,0.8,-,0.1,0.2,-,-,6.34,3,2,0.6,0.6,1.3,0.4,1.2,1.4,2,0.6,8.5,74.1,-,0.1,-
7,"408Luke FreemanSheff Utd, 30, AM(CLR)","Luke Freeman Sheff Utd, 30, AM(CLR)",3(8),363,0.5,0.9,0.5,-,0.5,0.5,-,-,6.33,-,-,0.3,0.3,0.5,-,1.2,1,-,0.3,12.1,79.7,0.5,0.2,-
8,"409AdriánLiverpool, 35, GK","Adrián Liverpool, 35, GK",9(2),873,0.1,-,-,-,1.1,-,-,-,6.33,-,-,-,-,0.1,-,-,-,-,-,23.6,71.9,-,4.5,-
9,"410DeAndre YedlinNewcastle, 28, D(R),M(R)","DeAndre Yedlin Newcastle, 28, D(R),M(R)",10(6),937,1.1,0.6,0.5,0.3,1,0.5,0.4,-,6.33,1,-,0.1,0.4,0.6,0.1,0.3,0.9,-,0.4,15.4,74.4,0.4,0.8,-
0,"391Nathan HollandWest Ham, 23, AM(L)","Nathan Holland West Ham, 23, AM(L)",0(2),31,1.5,-,-,-,-,-,-,-,6.38,-,-,0.5,-,0.5,-,0.5,1.5,-,-,5.5,81.8,-,-,-
1,"392David BrooksBournemouth, 24, AM(CR)","David Brooks Bournemouth, 24, AM(CR)",8(1),513,0.6,0.2,0.4,-,0.1,1.3,0.1,-,6.37,1,-,0.7,0.7,0.7,-,0.8,0.8,-,0.7,17.0,73.9,0.7,0.4,-
2,"393Timm KloseNorwich, 34, D(C)","Timm Klose Norwich, 34, D(C)",7,586,1.1,1,1.1,-,3.9,0.6,0.9,-,6.37,-,-,0.4,-,1,-,0.1,0.1,-,-,56.1,84.7,-,2.1,-
3,"394Sean LongstaffNewcastle, 24, DMC","Sean Longstaff Newcastle, 24, DMC",14(9),1373,1.5,0.8,0.7,-,0.9,1.3,0.2,-,6.37,1,1,1.1,0.7,1.1,-,0.7,1.1,1,0.7,27.4,79.2,0.3,1.5,-
4,"395Aaron ConnollyBrighton, 22, FW","Aaron Connolly Brighton, 22, FW",14(10),1266,0.3,-,0.7,-,0.1,0.3,-,-,6.37,3,1,1.6,0.3,1.6,0.6,0.8,2.2,1,0.3,6.1,77.4,-,-,-
5,"396Willy CaballeroChelsea, 40, GK","Willy Caballero Chelsea, 40, GK",5,450,-,-,-,-,0.8,-,-,-,6.37,-,-,-,-,-,-,-,-,-,-,29.4,72.8,-,6.2,-
6,"397William SmallboneSouthampton, 22, M(R)","William Smallbone Southampton, 22, M(R)",4(5),394,1.1,0.1,0.2,-,0.1,0.6,0.1,-,6.36,-,2,0.7,0.3,0.7,-,0.2,0.6,2,0.3,22.9,84.0,0.1,1.3,-
7,"398Kepa ArrizabalagaChelsea, 27, GK","Kepa Arrizabalaga Chelsea, 27, GK",33,2970,-,-,-,-,0.4,-,-,-,6.36,-,-,-,-,0.2,-,-,-,-,-,28.4,79.7,-,4,-
8,"399Hamza ChoudhuryLeicester, 24, DMC","Hamza Choudhury Leicester, 24, DMC",10(10),889,0.9,1.2,0.6,-,0.6,1.1,0.3,-,6.35,1,1,0.4,0.2,0.4,-,0.3,0.7,1,0.2,24.8,86.1,-,1,-
9,"400Roberto PereyraWatford, 31, M(CLR),FW","Roberto Pereyra Watford, 31, M(CLR),FW",17(11),1653,0.7,0.5,0.8,-,0.2,0.7,-,-,6.35,3,-,0.8,0.7,1.2,0.2,1,1.7,-,0.7,21.9,85.2,0.2,0.4,-
0,"381Danny WelbeckWatford, 31, AM(CLR),FW","Danny Welbeck Watford, 31, AM(CLR),FW",8(10),816,0.8,0.3,0.5,0.1,0.3,0.4,0.1,-,6.39,2,-,1.2,0.2,0.6,0.1,1.1,1.2,-,0.2,9.2,75.2,-,-,-
1,"382Ben OsbornSheff Utd, 27, D(L),M(CLR)","Ben Osborn Sheff Utd, 27, D(L),M(CLR)",6(7),592,1.2,0.5,0.7,-,0.5,1,0.1,-,6.39,-,-,0.2,0.5,0.5,0.1,-,0.4,-,0.5,17.8,71.0,0.2,0.6,-
2,"383Claudio BravoMan City, 39, GK","Claudio Bravo Man City, 39, GK",3(1),346,-,-,-,-,0.8,-,-,-,6.39,-,-,-,-,-,-,-,-,-,-,29.8,76.5,-,5.5,-
3,"384Phil JonesMan Utd, 30, D(CR),DMC","Phil Jones Man Utd, 30, D(CR),DMC",2,136,1,1,1.5,0.5,4.5,-,-,-,6.39,-,-,1,-,0.5,-,-,1,-,-,48.5,83.5,-,1.5,-
4,"385Ryan BennettWolves, 32, D(C)","Ryan Bennett Wolves, 32, D(C)",7(4),606,0.4,0.8,0.4,0.1,2.5,0.4,0.7,-,6.39,-,-,0.1,0.2,0.1,-,0.1,0.2,-,0.2,20.6,76.7,0.2,1,-
5,"386Dennis PraetLeicester, 28, AM(CR)","Dennis Praet Leicester, 28, AM(CR)",12(15),1135,1.2,0.6,0.7,-,0.4,0.7,-,-,6.39,1,2,0.6,0.3,0.5,-,0.6,1,2,0.3,19.3,85.0,0.1,0.8,-
6,"387Yan ValerySouthampton, 23, D(CR),M(R)","Yan Valery Southampton, 23, D(CR),M(R)",10(1),784,1.8,1.2,0.6,0.1,2.6,0.7,0.1,-,6.38,-,-,0.3,0.2,0.7,0.3,1.7,1.3,-,0.2,20.2,56.3,0.2,0.5,-
7,"388Tom CleverleyWatford, 32, M(CLR)","Tom Cleverley Watford, 32, M(CLR)",11(7),967,1.6,0.6,0.9,-,0.8,1.5,0.1,-,6.38,1,-,0.9,0.8,0.6,-,0.2,0.6,-,0.8,23.9,83.3,0.3,0.9,-
8,"389Matej VydraBurnley, 30, AM(CL),FW","Matej Vydra Burnley, 30, AM(CL),FW",7(12),812,0.2,0.1,0.1,-,0.3,0.2,0.2,-,6.38,2,1,0.9,0.4,0.6,0.2,0.4,1,1,0.4,7.2,74.3,-,-,-
9,"390Wes MorganLeicester, 38, D(C)","Wes Morgan Leicester, 38, D(C)",5(7),431,0.3,0.6,0.3,0.2,1.6,0.3,0.3,-,6.38,-,-,0.3,-,0.1,-,0.1,0.1,-,-,20.4,89.0,-,0.6,-
0,"371Morgan SchneiderlinEverton, 32, DMC","Morgan Schneiderlin Everton, 32, DMC",12(3),1004,2.1,1.4,1.2,-,1.3,1.1,0.2,-,6.42,-,-,0.4,0.3,0.1,-,0.3,0.5,-,0.3,37.4,86.1,0.1,3.6,-
1,"372Neil TaylorAston Villa, 33, D(L),M(L)","Neil Taylor Aston Villa, 33, D(L),M(L)",11(3),1087,1.1,1.4,0.6,0.1,1.9,0.6,0.4,-,6.41,-,-,0.2,0.4,0.4,-,0.1,0.4,-,0.4,29.9,78.8,0.1,1.1,-
2,"373Ryan BennettLeicester, 32, D(C)","Ryan Bennett Leicester, 32, D(C)",3(2),331,1,1.4,0.6,0.4,1.6,0.4,0.2,-,6.41,-,-,-,-,-,-,-,0.4,-,-,41.0,81.5,-,2.4,-
3,"374Dominic SolankeBournemouth, 24, FW","Dominic Solanke Bournemouth, 24, FW",17(15),1645,0.3,0.3,0.5,-,0.5,0.9,-,-,6.41,3,1,1,0.5,0.7,0.1,1.7,1.6,1,0.5,13.5,69.6,-,0.3,-
4,"375Nathaniel ChalobahWatford, 27, DMC","Nathaniel Chalobah Watford, 27, DMC",10(12),926,1.4,0.8,0.3,-,0.8,0.7,0.2,-,6.41,-,1,0.4,0.4,0.4,-,0.5,0.7,1,0.4,15.7,73.7,0.2,0.5,-
5,"376Gabriel MartinelliArsenal, 20, AM(L),FW","Gabriel Martinelli Arsenal, 20, AM(L),FW",6(8),657,1.4,0.2,0.6,-,0.4,0.9,0.1,-,6.4,3,-,0.9,0.1,0.7,0.1,0.9,2.1,-,0.1,8.3,69.8,-,0.1,-
6,"377Eddie NketiahArsenal, 22, FW","Eddie Nketiah Arsenal, 22, FW",7(6),633,0.5,0.2,1.2,-,0.4,0.3,-,-,6.4,2,-,1.2,0.4,0.8,0.2,1.2,1.6,-,0.4,10.8,75.0,-,0.2,-
7,"378Reiss NelsonArsenal, 22, M(LR)","Reiss Nelson Arsenal, 22, M(LR)",7(10),628,0.6,0.2,0.5,-,0.1,0.6,0.1,-,6.4,1,-,0.6,0.5,0.5,0.2,0.8,0.9,-,0.5,12.2,85.5,0.5,0.6,-
8,"379Jordan PickfordEverton, 28, GK","Jordan Pickford Everton, 28, GK",38,3450,-,0.1,-,-,0.6,0.1,-,-,6.4,-,-,-,-,0.2,-,-,0.1,-,-,31.2,60.1,-,7.7,-
9,"380Connor WickhamCrystal Palace, 29, AM(L),FW","Connor Wickham Crystal Palace, 29, AM(L),FW",0(6),92,0.2,0.2,0.7,-,-,-,-,-,6.4,1,1,0.5,0.5,-,0.2,0.3,0.7,1,0.5,7.7,58.7,-,0.3,-
0,"361José HolebasWatford, 37, D(CL),M(L)","José Holebas Watford, 37, D(CL),M(L)",11(3),1025,1.9,0.2,1.3,0.1,2.1,1.4,0.3,-,6.44,-,-,0.4,0.8,0.4,-,0.4,0.4,-,0.8,29.6,73.2,1.2,1.0,-
1,"362Alireza JahanbakhshBrighton, 28, AM(CLR)","Alireza Jahanbakhsh Brighton, 28, AM(CLR)",3(7),308,0.8,0.3,0.2,-,0.1,0.2,-,-,6.44,2,-,1.2,0.4,0.7,0.1,0.6,0.8,-,0.4,11.2,75.0,-,0.3,0.1
2,"363David MartinWest Ham, 36, GK","David Martin West Ham, 36, GK",4(1),436,-,-,-,-,0.4,-,-,-,6.43,-,-,-,-,-,-,-,-,-,-,22.2,40.5,-,8.0,-
3,"364André GomesEverton, 28, M(CLR)","André Gomes Everton, 28, M(CLR)",17(2),1461,1.2,0.4,2,0.1,0.3,2.8,0.2,-,6.43,-,1,0.3,0.6,1,-,1.2,1,1,0.6,44.7,84.7,0.2,4.5,-
4,"365Dan GoslingBournemouth, 32, M(C)","Dan Gosling Bournemouth, 32, M(C)",14(10),1262,1.1,0.8,0.9,-,0.9,0.9,0.5,-,6.43,3,1,0.5,0.4,0.8,0.1,0.9,1.3,1,0.4,21.7,77.3,0.1,0.7,-
5,"366Mbwana SamattaAston Villa, 29, FW","Mbwana Samatta Aston Villa, 29, FW",11(3),946,0.4,0.1,0.6,-,0.4,0.5,-,-,6.42,1,-,1.2,0.7,1.3,0.6,0.9,1.9,-,0.7,12.3,68.0,0.1,0.4,-
6,"367Divock OrigiLiverpool, 27, AM(LR),FW","Divock Origi Liverpool, 27, AM(LR),FW",7(21),706,0.4,0.1,0.4,-,0.2,0.2,-,-,6.42,4,1,0.5,0.3,0.6,-,0.4,1,1,0.3,7.0,70.9,0.1,0.2,-
7,"368Pablo ZabaletaWest Ham, 37, D(R),DMC,M(R)","Pablo Zabaleta West Ham, 37, D(R),DMC,M(R)",6(4),590,1.8,1.4,0.7,0.1,1.6,0.7,0.3,-,6.42,-,-,-,0.3,0.9,-,0.1,0.4,-,0.3,24.9,75.5,0.1,0.6,-
8,"369James McCarthyCrystal Palace, 31, M(C)","James McCarthy Crystal Palace, 31, M(C)",16(17),1673,2.5,0.7,0.9,-,0.3,1.1,0.2,-,6.42,-,-,0.4,0.5,0.5,-,0.3,0.5,-,0.5,23.7,77.8,0.3,1.6,-
9,"370Anthony GordonEverton, 21, AM(LR)","Anthony Gordon Everton, 21, AM(LR)",4(7),440,1,0.7,0.9,-,0.1,0.9,0.2,-,6.42,-,1,0.5,0.5,1.1,0.1,0.7,1,1,0.5,10.3,78.8,0.4,0.3,-
0,"351Danny RoseNewcastle, 31, D(L),M(L)","Danny Rose Newcastle, 31, D(L),M(L)",10(1),865,1.9,0.9,1.0,0.2,1,0.8,0.4,-,6.47,-,-,-,0.3,2.1,-,0.1,0.5,-,0.3,33.4,78.5,0.2,0.7,-
1,"352Tom DaviesEverton, 23, M(C)","Tom Davies Everton, 23, M(C)",23(7),2057,1.3,1.2,1.0,-,0.9,1.3,0.1,-,6.47,1,-,0.6,0.2,1.3,-,0.7,0.9,-,0.2,29.3,77.5,0.1,1.6,-
2,"353Nabil BentalebNewcastle, 27, M(C)","Nabil Bentaleb Newcastle, 27, M(C)",8(4),749,1.9,1.6,1.6,-,0.8,1.5,0.2,-,6.47,-,-,0.3,0.7,0.4,-,0.2,0.5,-,0.7,33.8,85.7,-,2.1,-
3,"354Theo WalcottEverton, 33, M(CLR),FW","Theo Walcott Everton, 33, M(CLR),FW",17(8),1297,0.5,0.3,0.4,-,-,0.5,-,-,6.46,2,3,1.2,0.8,0.7,0.4,0.9,1.5,3,0.8,14.2,68.9,0.4,0.1,0.2
4,"355Jamal LewisNorwich, 24, D(L),M(L)","Jamal Lewis Norwich, 24, D(L),M(L)",25(3),2304,1.8,0.9,0.5,0.1,2,0.5,0.4,-,6.46,1,-,0.3,0.5,0.8,0.1,0.8,1.3,-,0.5,37.3,78.9,0.4,1.1,-
5,"356Ibrahim AmadouNorwich, 29, D(C),DMC","Ibrahim Amadou Norwich, 29, D(C),DMC",8(3),757,1.6,1.5,0.7,0.3,5,0.7,0.5,-,6.46,-,-,0.5,0.1,0.2,-,0.3,0.1,-,0.1,33.5,87.0,0.1,1.4,-
6,"357Che AdamsSouthampton, 25, AM(CL),FW","Che Adams Southampton, 25, AM(CL),FW",12(18),1107,0.2,0.1,0.6,-,0.3,0.1,-,-,6.45,4,2,1.2,0.4,0.5,0.3,0.7,1.3,2,0.4,8.3,64.9,-,0.2,0.1
7,"358Pedro NetoWolves, 22, AM(CLR),FW","Pedro Neto Wolves, 22, AM(CLR),FW",9(20),929,0.3,0.2,0.5,-,0.1,0.4,-,-,6.45,3,3,0.6,0.5,0.6,0.1,0.6,1.1,3,0.5,12.0,83.4,0.3,0.3,-
8,"359Ben GodfreyNorwich, 24, D(CLR)","Ben Godfrey Norwich, 24, D(CLR)",30,2646,0.7,0.8,0.5,0.3,4.9,0.3,1.2,1,6.45,-,-,0.5,0.1,0.3,-,0.1,0.4,-,0.1,55.3,87.9,-,3.2,-
9,"360Eric BaillyMan Utd, 28, D(CR)","Eric Bailly Man Utd, 28, D(CR)",1(3),148,-,1.0,0.5,0.5,1.8,0.3,0.8,-,6.44,-,-,-,-,-,-,0.3,0.3,-,-,19.5,89.7,-,1.0,-
0,"341Moritz LeitnerNorwich, 29, M(CR)","Moritz Leitner Norwich, 29, M(CR)",7(2),686,1.8,1,0.9,-,0.9,1.8,0.4,-,6.49,-,-,0.9,0.8,1.1,-,0.8,1.7,-,0.8,62.6,87.4,0.1,2.1,-
1,"342BernardoBrighton, 27, D(LR),M(L)","Bernardo Brighton, 27, D(LR),M(L)",7(7),678,1.9,0.4,0.2,0.1,1.4,0.3,0.2,-,6.49,-,-,0.5,0.3,0.2,0.3,0.8,1.1,-,0.3,23.6,73.6,0.2,0.9,-
2,"343Dwight GayleNewcastle, 32, AM(LR),FW","Dwight Gayle Newcastle, 32, AM(LR),FW",10(10),849,0.6,0.1,0.3,-,0.5,0.2,-,-,6.48,4,2,1.2,0.3,0.7,0.1,0.6,1.0,2,0.3,7.3,69.0,0.1,0.2,-
3,"344Pablo FornalsWest Ham, 26, M(CLR)","Pablo Fornals West Ham, 26, M(CLR)",24(12),2179,1.3,0.7,0.5,-,0.2,1.3,-,-,6.48,2,5,1.0,0.5,0.4,0.2,0.7,1.1,5,0.5,23.4,78.8,0.3,1.1,-
4,"345Lys MoussetSheff Utd, 26, FW","Lys Mousset Sheff Utd, 26, FW",11(19),1235,0.3,0.1,0.8,-,0.1,0.1,-,-,6.48,6,4,1.2,0.4,0.5,0.5,1.3,1.7,4,0.4,8.0,69.6,-,0.1,-
5,"346Marvelous NakambaAston Villa, 28, DMC","Marvelous Nakamba Aston Villa, 28, DMC",19(10),1836,1.9,1.3,0.9,-,1.1,1.5,0.4,-,6.47,-,-,0.2,0.4,0.8,-,0.3,0.9,-,0.4,27.0,84.3,-,0.8,-
6,"347Matthew LongstaffNewcastle, 22, M(C)","Matthew Longstaff Newcastle, 22, M(C)",6(3),573,0.3,0.6,0.7,-,0.3,1.2,0.1,-,6.47,2,-,0.4,0.3,0.7,-,0.8,0.4,-,0.3,28.3,80.4,0.1,1.1,-
7,"348Cenk TosunCrystal Palace, 30, FW","Cenk Tosun Crystal Palace, 30, FW",2(3),176,0.4,-,0.8,-,0.2,0.4,-,-,6.47,1,-,0.8,0.2,0.8,0.2,1.0,0.6,-,0.2,8.0,70.0,-,0.2,-
8,"349Ezri KonsaAston Villa, 24, D(CR)","Ezri Konsa Aston Villa, 24, D(CR)",24(1),2044,0.7,1,0.7,0.2,2.6,0.4,1,-,6.47,1,2,0.4,0.4,1.3,-,0.2,0.3,2,0.4,30.9,78.0,0.2,1.4,-
9,"350Curtis JonesLiverpool, 21, AM(C)","Curtis Jones Liverpool, 21, AM(C)",1(5),122,0.7,0.3,0.5,-,-,0.2,-,-,6.47,1,-,1.0,-,-,-,0.7,0.3,-,-,20.5,87.0,-,0.5,-
0,"331Callum WilsonBournemouth, 30, FW","Callum Wilson Bournemouth, 30, FW",32(3),2911,0.3,0.1,1.6,-,0.5,0.4,0.1,-,6.51,8,1,1.6,0.8,1.1,0.9,1.5,3.1,1,0.8,14.6,64.5,0.1,0.3,-
1,"332Alexander TetteyNorwich, 36, M(C)","Alexander Tettey Norwich, 36, M(C)",28(2),2352,0.8,1.4,0.7,-,2.2,0.9,0.3,-,6.51,1,1,0.8,0.2,0.2,-,0.3,0.6,1,0.2,43.1,88.1,-,1.6,-
2,"333Florian LejeuneNewcastle, 31, D(C)","Florian Lejeune Newcastle, 31, D(C)",4(2),441,1.3,1.7,1.0,0.2,2.2,0.5,0.3,-,6.51,2,-,0.7,0.2,0.7,-,0.3,0.5,-,0.2,32.8,69.0,-,2.3,-
3,"334Onel HernándezNorwich, 29, M(CLR),FW","Onel Hernández Norwich, 29, M(CLR),FW",14(12),1381,1,0.7,0.5,-,0.3,0.8,-,-,6.5,1,2,1.1,0.7,0.7,0.3,1.4,1.5,2,0.7,12.0,77.2,-,0.1,-
4,"335Pepe ReinaAston Villa, 39, GK","Pepe Reina Aston Villa, 39, GK",12,1080,-,-,0.1,-,1.0,0.2,-,-,6.5,-,-,-,0.1,0.3,-,-,0.1,-,0.1,28.8,67.0,-,8.4,-
5,"336Sead KolasinacArsenal, 28, D(CL),DMC,M(L)","Sead Kolasinac Arsenal, 28, D(CL),DMC,M(L)",19(7),1700,1.1,1,0.8,0.1,1.3,0.4,0.2,-,6.5,-,2,0.2,0.4,0.6,0.2,0.4,0.8,2,0.4,34.6,85.6,0.2,0.8,-
6,"337Demarai GrayLeicester, 25, AM(CLR),FW","Demarai Gray Leicester, 25, AM(CLR),FW",3(18),609,0.6,0.2,0.1,-,0.1,0.3,-,-,6.49,2,3,1.1,0.8,0.5,0.1,0.9,1.0,3,0.8,13.9,87.3,0.4,0.5,-
7,"338Daniel PodenceWolves, 26, AM(CLR),FW","Daniel Podence Wolves, 26, AM(CLR),FW",3(6),287,0.3,0.2,0.6,-,0.1,0.2,0.1,-,6.49,1,-,1.1,0.6,1.0,0.3,0.4,0.9,-,0.6,10.6,72.6,0.1,0.3,-
8,"339Danny RoseTottenham, 31, D(L),M(L)","Danny Rose Tottenham, 31, D(L),M(L)",10(2),895,1.5,0.7,1.2,0.3,2.5,0.9,0.5,-,6.49,-,-,0.2,0.9,1.4,-,0.4,0.9,-,0.9,39.2,80.0,0.7,1.0,-
9,"340Fabian DelphEverton, 32, D(L),M(CL)","Fabian Delph Everton, 32, D(L),M(CL)",13(3),1190,1.6,0.9,1.1,-,1.0,0.8,0.2,-,6.49,-,-,0.2,0.4,0.4,-,0.4,1.1,-,0.4,48.8,86.6,0.3,3.6,0.1
0,"321Sofiane BoufalSouthampton, 28, AM(CLR),FW","Sofiane Boufal Southampton, 28, AM(CLR),FW",8(12),760,0.8,0.2,1.3,-,-,0.5,-,-,6.52,-,2,0.9,0.8,1.0,0.1,2,1.7,2,0.8,14.4,77.4,0.2,0.3,-
1,"322Ben FosterWatford, 39, GK","Ben Foster Watford, 39, GK",38,3420,-,-,0.1,-,0.8,0.1,-,-,6.52,-,-,-,-,0.1,-,-,-,-,-,28.7,40.4,-,8.5,-
2,"323Harry WilsonBournemouth, 25, AM(CLR)","Harry Wilson Bournemouth, 25, AM(CLR)",20(11),1654,0.7,0.4,0.4,-,0.4,0.7,0.1,-,6.52,7,-,1.8,0.5,1.3,-,0.7,1.1,-,0.5,18.5,76.0,0.1,1.4,0.1
3,"324Martín MontoyaBrighton, 31, D(LR),M(R)","Martín Montoya Brighton, 31, D(LR),M(R)",23(4),1901,2.1,0.9,1.0,0.2,1.1,1.0,0.2,-,6.52,-,1,0.3,0.8,0.6,0.1,0.4,1.3,1,0.8,37.2,76.5,0.5,1.8,-
4,"325Fabián BalbuenaWest Ham, 30, D(C)","Fabián Balbuena West Ham, 30, D(C)",13(4),1176,1,1.5,0.4,0.6,4.2,0.9,0.3,-,6.51,1,-,0.6,0.1,0.1,-,0.1,0.4,-,0.1,29.6,71.6,-,2.1,-
5,"326Tom TrybullNorwich, 29, M(C)","Tom Trybull Norwich, 29, M(C)",14(2),1139,2.4,1,1.6,-,2,2.8,0.3,-,6.51,-,-,0.7,0.2,0.7,0.1,0.4,1,-,0.2,38.4,92.0,-,1.7,-
6,"327Christian EriksenTottenham, 30, M(CLR)","Christian Eriksen Tottenham, 30, M(CLR)",10(10),1092,1,0.6,0.5,-,0.7,0.9,0.1,-,6.51,2,2,1.3,1.2,0.3,0.1,0.7,1.2,2,1.2,33.7,80.3,0.6,1.5,0.1
7,"328Andriy YarmolenkoWest Ham, 32, AM(CR),FW","Andriy Yarmolenko West Ham, 32, AM(CR),FW",10(13),990,0.6,0.3,0.7,-,0.2,0.7,-,-,6.51,5,1,1.1,0.8,0.4,0.3,0.5,1,1,0.8,17.5,80.6,0.2,1.0,-
8,"329Conor CoadyWolves, 29, D(CR),DMC","Conor Coady Wolves, 29, D(CR),DMC",38,3420,0.9,0.7,0.4,0.4,3.1,0.4,0.4,-,6.51,-,-,-,0.1,0.2,-,-,-,-,0.1,48.7,85.0,-,7.6,0.1
9,"330Junior StanislasBournemouth, 32, M(CLR)","Junior Stanislas Bournemouth, 32, M(CLR)",7(8),712,0.7,0.3,0.3,0.1,0.3,0.3,-,-,6.51,3,-,1.2,0.8,0.3,0.1,0.5,0.8,-,0.8,17.4,76.6,0.5,0.3,0.1
0,"311Max AaronsNorwich, 22, D(R)","Max Aarons Norwich, 22, D(R)",36,3240,1.3,1.0,0.8,0.2,2.0,0.5,0.8,-,6.55,-,1,0.4,0.6,1.4,0.1,0.9,1.5,1,0.6,37.2,78.9,0.4,1.1,-
1,"312Jeff HendrickBurnley, 30, M(CR)","Jeff Hendrick Burnley, 30, M(CR)",22(2),1935,0.8,0.8,0.7,-,0.6,0.8,0.3,-,6.55,2,2,0.9,0.6,0.7,0.2,1.2,1.6,2,0.6,22.7,75.6,0.3,0.8,-
2,"313Leandro TrossardBrighton, 27, M(CLR),FW","Leandro Trossard Brighton, 27, M(CLR),FW",22(9),2016,0.7,0.3,0.5,-,0.2,1.0,-,-,6.54,5,3,1.3,1.4,0.4,0.1,1.1,1.6,3,1.4,22.9,74.5,0.6,1.3,-
3,"314Anwar El GhaziAston Villa, 27, AM(LR),FW","Anwar El Ghazi Aston Villa, 27, AM(LR),FW",26(8),2062,0.6,0.4,0.6,-,0.4,0.5,-,-,6.54,4,4,1.5,0.9,0.5,0.4,1,1.6,4,0.9,14.1,72.4,0.8,0.4,-
4,"315Simon FrancisBournemouth, 37, D(CR)","Simon Francis Bournemouth, 37, D(CR)",10(5),965,0.9,1.3,0.5,0.3,4.4,0.7,0.8,-,6.54,-,-,0.2,0.3,0.1,-,0.1,0.3,-,0.3,34.7,75.6,0.2,2.0,-
5,"316Phil JagielkaSheff Utd, 39, D(CR)","Phil Jagielka Sheff Utd, 39, D(CR)",2(4),240,0.8,0.7,0.2,-,3.2,0.3,0.8,-,6.54,-,-,-,-,0.7,-,-,-,-,-,12.5,80.0,0.2,0.7,-
6,"317Teemu PukkiNorwich, 32, AM(C),FW","Teemu Pukki Norwich, 32, AM(C),FW",33(3),2894,0.3,0.2,0.6,-,0.2,0.6,-,-,6.53,11,3,2.2,0.8,0.4,0.5,0.9,1.6,3,0.8,14.7,79.8,-,0.1,-
7,"318Leighton BainesEverton, 37, D(L),M(L)","Leighton Baines Everton, 37, D(L),M(L)",4(4),432,1.3,0.6,0.1,0.3,1.3,0.3,0.3,-,6.53,-,-,0.1,0.9,0.5,-,0.3,0.4,-,0.9,19.4,86.5,1.3,0.4,-
8,"319Kiko FemeníaWatford, 31, D(LR),M(R)","Kiko Femenía Watford, 31, D(LR),M(R)",26(2),2244,2.4,1.3,0.9,0.2,1.6,1.3,0.1,-,6.53,-,-,0.2,0.6,0.4,-,0.4,0.8,-,0.6,34.0,78.6,0.7,1.3,-
9,"320Lucas TorreiraArsenal, 26, DMC","Lucas Torreira Arsenal, 26, DMC",17(12),1510,1.1,1.2,0.8,-,0.8,0.8,0.3,-,6.52,1,1,0.7,0.5,1.5,-,0.3,0.6,1,0.5,31.1,87.8,0.1,1.2,-
0,"301Roberto JiménezWest Ham, 36, GK","Roberto Jiménez West Ham, 36, GK",7(1),686,-,-,-,-,1.3,-,-,1,6.56,-,-,-,-,0.1,-,-,0.1,-,-,25.4,42.4,-,6.1,-
1,"302Callum Hudson-OdoiChelsea, 21, M(CLR)","Callum Hudson-Odoi Chelsea, 21, M(CLR)",7(15),852,0.5,0.2,0.5,-,0.2,0.3,-,-,6.56,1,5,1,0.9,0.6,0.1,0.8,1.3,5,0.9,18.7,85.9,0.8,1.3,-
2,"303Andros TownsendCrystal Palace, 30, AM(LR),FW","Andros Townsend Crystal Palace, 30, AM(LR),FW",14(10),1290,1.4,0.6,0.4,-,0.3,0.9,-,-,6.56,1,1,0.5,0.5,1.1,-,1.5,1.3,1,0.5,16.4,76.6,0.7,0.5,-
3,"304Nampalys MendyLeicester, 29, M(C)","Nampalys Mendy Leicester, 29, M(C)",4(3),291,1,0.9,0.6,-,0.6,0.1,0.1,-,6.55,-,-,0.1,0.4,1.1,-,0.3,0.7,-,0.4,29.9,90.9,0.3,1.4,-
4,"305Marc AlbrightonLeicester, 32, D(R),M(LR)","Marc Albrighton Leicester, 32, D(R),M(LR)",9(11),864,1.2,0.5,0.4,-,0.4,1.1,0.1,-,6.55,-,3,0.5,1,0.6,0.1,0.5,0.6,3,1,20.4,75.2,0.6,1.2,0.1
5,"306Oriol RomeuSouthampton, 30, DMC","Oriol Romeu Southampton, 30, DMC",20(10),1860,1.8,1.1,1.3,-,1.0,1.6,0.4,-,6.55,-,-,0.3,0.6,0.5,-,0.1,0.5,-,0.6,35.9,80.7,0.1,1.5,-
6,"307Manuel LanziniWest Ham, 29, M(CLR)","Manuel Lanzini West Ham, 29, M(CLR)",14(10),1378,0.6,0.4,0.3,-,0.1,1.3,-,-,6.55,-,2,1,1.3,1.1,0.2,0.7,1.3,2,1.3,31.5,86.9,0.6,1.0,-
7,"308Rob HoldingArsenal, 26, D(CR)","Rob Holding Arsenal, 26, D(CR)",6(2),581,0.5,0.6,0.5,0.3,5.4,0.3,0.8,-,6.55,-,-,0.3,-,0.4,-,0.3,0.5,-,-,43.9,87.2,-,2.5,-
8,"309Ahmed El MohamadyAston Villa, 34, D(R),M(R)","Ahmed El Mohamady Aston Villa, 34, D(R),M(R)",11(7),1027,1.1,0.7,0.7,-,1.2,0.6,0.3,-,6.55,1,1,0.3,1.2,0.3,0.1,0.1,0.5,1,1.2,27.7,79.7,1.1,1.8,-
9,"310Andreas PereiraMan Utd, 26, M(CLR)","Andreas Pereira Man Utd, 26, M(CLR)",18(7),1490,1,0.3,1.1,-,0.2,1.2,-,-,6.55,1,3,1.5,1.3,0.6,0.1,1.6,1.8,3,1.3,28.0,78.3,0.4,1.2,-
0,"291Christian FuchsLeicester, 36, D(CL),M(L)","Christian Fuchs Leicester, 36, D(CL),M(L)",8(3),771,1.3,1.5,0.2,0.3,2.1,1,0.3,-,6.58,-,-,0.5,0.2,-,0.1,0.2,1,-,0.2,51.2,80.8,0.2,2.4,-
1,"292Tom HeatonAston Villa, 36, GK","Tom Heaton Aston Villa, 36, GK",20,1795,0.2,-,0.1,-,0.6,0.1,-,1,6.57,-,-,-,-,0.1,-,-,0.1,-,-,26.4,52.2,-,6.0,-
2,"293Ryan FraserBournemouth, 28, M(CLR),FW","Ryan Fraser Bournemouth, 28, M(CLR),FW",21(7),2063,0.4,0.5,0.4,-,0.6,0.5,0.1,-,6.57,1,4,1,1.6,1.3,-,0.7,1,4,1.6,27.5,79.9,1,1.0,0.1
3,"294David de GeaMan Utd, 31, GK","David de Gea Man Utd, 31, GK",38,3450,-,-,-,-,0.4,-,-,-,6.57,-,-,-,-,0.2,-,-,-,-,-,20.7,74.4,-,2.5,-
4,"295Maximilian KilmanWolves, 24, D(C)","Maximilian Kilman Wolves, 24, D(C)",2(1),184,1.3,1.3,0.7,0.3,2.3,-,0.3,-,6.57,-,-,-,-,-,-,0.3,0.3,-,-,32.7,76.5,-,0.3,-
5,"296Harry WinksTottenham, 26, DMC","Harry Winks Tottenham, 26, DMC",26(5),2230,1.3,1.2,0.8,-,1.0,1.2,0.3,-,6.57,-,-,0.5,0.6,0.7,-,0.5,0.8,-,0.6,54.6,90.3,0.2,2.5,0.1
6,"297James MilnerLiverpool, 36, D(LR),M(CLR)","James Milner Liverpool, 36, D(LR),M(CLR)",9(13),927,0.7,0.3,0.5,0.2,0.7,0.9,0.1,-,6.56,2,2,0.5,0.5,0.5,-,0.3,0.4,2,0.5,34.0,87.0,0.1,2.2,0.1
7,"298Alexander IwobiEverton, 26, M(CLR)","Alexander Iwobi Everton, 26, M(CLR)",19(6),1604,1,0.6,0.5,-,0.4,0.8,0.1,-,6.56,1,-,0.9,1,0.2,-,0.7,1.4,-,1,22.3,79.7,0.5,1.1,0.2
8,"299BernardEverton, 29, AM(CL)","Bernard Everton, 29, AM(CL)",15(12),1311,1.1,0.6,0.7,-,0.3,1.1,0.1,-,6.56,3,2,0.4,0.9,0.4,-,1.1,1.5,2,0.9,20.0,77.0,0.2,0.6,0.1
9,"300Adam SmithBournemouth, 31, D(LR),M(LR)","Adam Smith Bournemouth, 31, D(LR),M(LR)",24,2060,2,1,1,0.2,2.0,1.1,0.3,-,6.56,-,1,0.2,0.4,1.7,0.1,0.6,1.1,1,0.4,35.0,79.5,0.3,1.1,-
0,"281TrézéguetAston Villa, 27, AM(LR)","Trézéguet Aston Villa, 27, AM(LR)",20(14),1951,1.1,0.7,1,-,0.4,1,0.1,-,6.59,6,1,1.5,0.6,0.9,0.2,0.6,2.1,1,0.6,10.7,75.2,0.3,0.3,-
1,"282Séamus ColemanEverton, 33, D(CR),M(R)","Séamus Coleman Everton, 33, D(CR),M(R)",21(6),1839,1.6,0.9,0.7,0.3,1.3,0.2,0.3,-,6.59,-,1,0.3,0.3,0.7,-,0.5,1.3,1,0.3,30.5,78.0,0.1,1.2,-
2,"283Javier ManquilloNewcastle, 28, D(LR),M(R)","Javier Manquillo Newcastle, 28, D(LR),M(R)",18(3),1602,1.9,0.9,0.9,0.1,2.3,0.7,0.1,-,6.59,-,1,-,0.2,0.5,-,0.1,0.9,1,0.2,22.6,75.4,0.2,0.8,-
3,"284Todd CantwellNorwich, 24, AM(CLR)","Todd Cantwell Norwich, 24, AM(CLR)",30(7),2504,1.4,0.5,0.9,-,0.8,1.3,0.1,-,6.59,6,2,1.1,0.9,1.8,0.1,1.3,2.1,2,0.9,28.8,81.9,-,0.8,-
4,"285Solly MarchBrighton, 27, M(CLR)","Solly March Brighton, 27, M(CLR)",11(8),1147,1.3,1.1,0.5,0.1,0.5,0.5,0.2,-,6.59,-,1,1.1,0.7,0.6,0.1,1.6,0.8,1,0.7,25.9,77.6,0.7,1.3,0.1
5,"286Jay RodriguezBurnley, 32, AM(CLR),FW","Jay Rodriguez Burnley, 32, AM(CLR),FW",20(16),2011,0.8,0.1,0.7,-,0.3,0.7,0.2,-,6.59,8,1,1.9,0.2,0.4,0.6,1.2,1.7,1,0.2,12.9,69.8,-,0.2,-
6,"287Rúben VinagreWolves, 23, D(L),M(L)","Rúben Vinagre Wolves, 23, D(L),M(L)",6(10),646,1.4,0.7,0.4,0.1,0.9,0.2,0.1,-,6.58,-,-,0.3,0.3,0.5,-,0.9,0.6,-,0.3,15.1,76.9,0.6,0.4,-
7,"288Wayne HennesseyCrystal Palace, 35, GK","Wayne Hennessey Crystal Palace, 35, GK",3,270,-,0.3,-,-,1.7,-,-,-,6.58,-,-,-,-,-,-,-,-,-,-,32.3,44.3,-,11.7,-
8,"289David LuizArsenal, 35, D(C),DMC","David Luiz Arsenal, 35, D(C),DMC",32(1),2811,0.8,1.0,0.9,0.5,3.8,0.3,1.1,-,6.58,2,1,0.7,0.1,0.4,-,0.2,0.5,1,0.1,54.5,85.1,0.1,4.9,0.1
9,"290Jack StaceyBournemouth, 26, D(R),M(R)","Jack Stacey Bournemouth, 26, D(R),M(R)",17(2),1541,1.1,0.9,0.5,0.1,2.8,0.7,0.6,-,6.58,-,2,0.3,0.5,0.5,0.1,0.6,0.8,2,0.5,31.6,74.0,0.2,1.5,-
0,"271Björn EngelsAston Villa, 27, D(C)","Björn Engels Aston Villa, 27, D(C)",15(2),1447,0.6,1.6,0.3,0.4,5,0.3,1,-,6.61,1,-,0.5,0.1,0.3,0.1,0.1,0.4,-,0.1,38.1,84.2,0.1,2.9,-
1,"272Jack CorkBurnley, 32, DMC","Jack Cork Burnley, 32, DMC",30,2618,1.2,0.9,1.1,-,1.5,1.7,0.4,-,6.61,-,-,0.6,0.4,0.8,-,1.2,1.5,-,0.4,30.8,77.9,-,1.6,-
2,"273Jack RobinsonSheff Utd, 28, D(CL),M(L)","Jack Robinson Sheff Utd, 28, D(CL),M(L)",6,505,1.7,1.3,0.7,0.5,3.7,0.8,0.8,-,6.61,-,-,-,0.3,0.7,0.2,0.2,0.7,-,0.3,41.5,78.7,0.2,2.3,-
3,"274Jack StephensSouthampton, 28, D(CR)","Jack Stephens Southampton, 28, D(CR)",27(1),2453,1.6,1.1,0.5,0.5,4.1,0.8,0.8,-,6.6,1,3,0.2,0.3,0.5,-,0.1,0.6,3,0.3,45.6,72.4,-,3.6,0.1
4,"275Christoph ZimmermannNorwich, 29, D(C)","Christoph Zimmermann Norwich, 29, D(C)",16(1),1431,1.9,1.1,0.5,0.5,5.1,0.5,1.1,-,6.6,-,1,0.4,0.1,0.5,-,0.2,0.4,1,0.1,38.9,79.0,-,2.7,-
5,"276Andy CarrollNewcastle, 33, FW","Andy Carroll Newcastle, 33, FW",4(15),618,0.3,0.1,0.9,0.1,1.3,0.3,0.1,-,6.6,-,4,0.8,0.6,0.7,0.3,0.6,1.3,4,0.6,10.9,61.1,0.1,0.4,-
6,"277Ryan BertrandSouthampton, 32, D(CL),M(L)","Ryan Bertrand Southampton, 32, D(CL),M(L)",31(1),2744,1.5,1.2,0.8,0.2,0.9,1,0.4,-,6.6,1,1,0.6,0.9,1,-,0.7,1.4,1,0.9,38.4,76.0,1.1,1.3,0.1
7,"278Arthur MasuakuWest Ham, 28, D(L),M(L)","Arthur Masuaku West Ham, 28, D(L),M(L)",10(7),935,2.4,0.8,0.6,0.4,1.3,0.9,0.3,-,6.6,-,1,0.3,0.4,0.5,-,1.1,0.9,1,0.4,29.6,80.3,0.3,1,-
8,"279Sebastian PrödlWatford, 34, D(C)","Sebastian Prödl Watford, 34, D(C)",1,57,-,-,1,-,4,-,-,-,6.59,-,-,2,-,-,-,-,-,-,-,11.0,54.5,-,-,-
9,"280Tariq LampteyChelsea, 21, D(R),M(R)","Tariq Lamptey Chelsea, 21, D(R),M(R)",0(1),31,2,-,-,-,-,-,-,-,6.59,-,-,-,1,1,-,-,-,-,1,7.0,100.0,-,-,-
0,"261Jóhann GudmundssonBurnley, 31, AM(CLR)","Jóhann Gudmundsson Burnley, 31, AM(CLR)",6(6),623,0.3,0.6,0.8,-,0.5,0.6,0.1,-,6.62,1,1,0.8,1.1,0.3,0.1,0.4,0.8,1,1.1,13.3,73.8,1.3,0.7,-
1,"262Giovani Lo CelsoTottenham, 26, M(CR),FW","Giovani Lo Celso Tottenham, 26, M(CR),FW",15(13),1489,1.8,0.3,1,-,0.6,1.7,0.1,-,6.62,-,2,0.6,1,1.6,-,1.1,1.5,2,1,34.5,85.0,0.4,1.5,0.1
2,"263AlissonLiverpool, 29, GK","Alisson Liverpool, 29, GK",29,2545,-,-,-,-,0.8,0.1,-,-,6.62,-,1,-,-,-,-,-,-,1,-,27.8,84.6,-,4,-
3,"264Lukasz FabianskiWest Ham, 37, GK","Lukasz Fabianski West Ham, 37, GK",25,2119,0.1,-,-,-,0.8,0.1,-,-,6.62,-,-,-,-,0.1,-,-,-,-,-,22.9,50.9,-,8,-
4,"265Cédric SoaresArsenal, 30, D(LR),M(R)","Cédric Soares Arsenal, 30, D(LR),M(R)",3(2),250,1.6,0.6,1.2,-,0.2,0.4,-,-,6.62,1,-,0.2,0.2,0.2,-,0.2,0.8,-,0.2,19.8,79.8,0.2,1.2,-
5,"266EdersonMan City, 28, GK","Ederson Man City, 28, GK",35,3072,0.1,0.1,0.1,-,0.7,0.1,-,-,6.62,-,-,-,-,0.1,-,-,-,-,-,25.7,86.0,-,3.5,-
6,"267Aaron CresswellWest Ham, 32, D(CL),M(L)","Aaron Cresswell West Ham, 32, D(CL),M(L)",31,2730,1.4,1.1,0.5,0.4,1.9,0.7,0.3,-,6.62,3,-,0.5,0.8,0.5,0.1,0.3,0.6,-,0.8,40.4,74.6,0.8,2.2,-
7,"268Tim KrulNorwich, 34, GK","Tim Krul Norwich, 34, GK",36,3240,-,-,-,-,0.9,-,-,1,6.61,-,-,-,-,0.2,-,-,-,-,-,38.4,64.2,-,6.9,-
8,"269Daniel JamesMan Utd, 24, AM(LR),FW","Daniel James Man Utd, 24, AM(LR),FW",26(7),2292,0.6,0.2,0.4,-,0.2,1.2,0.1,-,6.61,3,6,1.3,0.8,1.7,0.1,0.9,1.4,6,0.8,21.2,78.7,0.5,0.4,0.1
9,"270Steven BergwijnTottenham, 24, AM(CLR),FW","Steven Bergwijn Tottenham, 24, AM(CLR),FW",8(6),705,0.7,0.1,0.5,-,0.4,0.6,-,-,6.61,3,1,0.6,0.9,0.7,-,0.7,1.2,1,0.9,17.4,86.1,0.3,-,-
0,"251Craig CathcartWatford, 33, D(CR)","Craig Cathcart Watford, 33, D(CR)",28(1),2490,1.4,0.9,0.4,0.6,4.6,0.5,0.6,-,6.63,-,-,0.1,0.1,0.1,-,0.1,0.3,-,0.1,31.5,80.6,-,2.3,-
1,"252Ainsley Maitland-NilesArsenal, 24, D(LR),M(CLR)","Ainsley Maitland-Niles Arsenal, 24, D(LR),M(CLR)",15(5),1383,2.1,1.4,0.8,0.2,1.6,1.1,0.2,-,6.63,-,2,0.2,0.6,0.7,-,0.9,0.9,2,0.6,42.0,81.9,0.3,1.8,-
2,"253Kelechi IheanachoLeicester, 25, AM(C),FW","Kelechi Iheanacho Leicester, 25, AM(C),FW",12(8),963,0.2,0.2,1.2,-,0.4,0.4,0.1,-,6.63,5,3,1.8,0.8,0.7,0.5,1.1,2.6,3,0.8,13.4,80.9,-,0.3,0.1
3,"254Alex Oxlade ChamberlainLiverpool, 28, M(CLR)","Alex Oxlade Chamberlain Liverpool, 28, M(CLR)",17(13),1493,0.6,0.7,0.6,-,0.3,0.5,-,1,6.63,4,1,1.3,0.6,0.5,0.1,0.8,1.5,1,0.6,23.4,83.2,0.2,1.4,-
4,"255Tyrone MingsAston Villa, 29, D(CL)","Tyrone Mings Aston Villa, 29, D(CL)",33,2903,0.5,0.9,0.6,0.5,5.7,0.1,1.5,-,6.63,2,2,0.2,0.2,0.3,0.1,0.2,0.3,2,0.2,41.9,78.0,-,3.5,-
5,"256Douglas LuizAston Villa, 24, M(C)","Douglas Luiz Aston Villa, 24, M(C)",28(8),2608,1.3,1.0,1.4,-,1.3,1.3,0.4,-,6.63,3,2,1.1,0.5,1.0,-,0.6,1.1,2,0.5,33.6,82.6,0.2,2.6,-
6,"257Rui PatrícioWolves, 34, GK","Rui Patrício Wolves, 34, GK",38,3420,-,0.1,-,-,0.3,0.1,-,-,6.63,-,-,-,-,0.2,-,-,-,-,-,19.4,59.9,-,7.3,-
7,"258Will HughesWatford, 27, M(CLR)","Will Hughes Watford, 27, M(CLR)",27(3),2263,2.5,1.2,1.8,-,0.9,1.4,0.3,-,6.63,1,1,0.9,0.8,1.5,-,1.1,1.5,1,0.8,28.0,78.3,0.7,0.4,-
8,"259Jeffrey SchluppCrystal Palace, 29, D(L),M(CLR)","Jeffrey Schlupp Crystal Palace, 29, D(L),M(CLR)",11(6),1035,1.1,0.8,1,-,0.6,0.6,0.2,-,6.62,3,1,1.1,0.4,0.7,0.1,0.9,1.5,1,0.4,18.5,75.8,0.1,0.5,-
9,"260Issa DiopWest Ham, 25, D(C)","Issa Diop West Ham, 25, D(C)",31(1),2766,0.8,1.5,1,1,5.1,0.3,0.7,-,6.62,3,1,0.5,0.2,0.3,-,0.2,0.3,1,0.2,30.4,78.0,-,1.5,-
0,"241Dale StephensBrighton, 32, M(C)","Dale Stephens Brighton, 32, M(C)",28(5),2529,2.2,1.8,1.3,-,1.2,1.5,0.3,-,6.65,-,1,0.6,0.6,0.2,-,0.4,0.6,1,0.6,50.8,85.7,-,3.3,0.1
1,"242Erik PietersBurnley, 33, D(L),M(L)","Erik Pieters Burnley, 33, D(L),M(L)",21(3),1880,2.3,1.2,0.9,0.1,2.0,1.7,0.2,-,6.65,-,4,0.6,0.8,0.8,-,0.3,1,4,0.8,31.0,72.1,0.5,1.2,0.1
2,"243Paulo GazzanigaTottenham, 30, GK","Paulo Gazzaniga Tottenham, 30, GK",17(1),1612,-,0.1,0.1,-,0.4,-,-,-,6.65,-,-,-,0.1,0.1,-,-,-,-,0.1,25.3,59.4,-,4.2,-
3,"244Kieran TierneyArsenal, 24, D(CL),M(L)","Kieran Tierney Arsenal, 24, D(CL),M(L)",12(3),993,1.3,0.6,0.5,0.3,2.0,0.3,0.3,-,6.64,1,1,0.4,0.4,0.8,-,0.3,0.7,1,0.4,29.4,78.5,0.5,1.2,-
4,"245Kenny McLeanNorwich, 30, M(C)","Kenny McLean Norwich, 30, M(C)",32(5),2966,1.2,1.0,0.6,0.1,1.7,0.8,0.2,-,6.64,1,1,0.8,0.6,1.6,-,1,1.4,1,0.6,45.4,79.4,0.3,2.2,0.1
5,"246Neco WilliamsLiverpool, 21, D(R)","Neco Williams Liverpool, 21, D(R)",3(3),231,0.8,1.5,0.8,0.5,0.5,0.2,0.2,-,6.64,-,-,1.2,0.3,0.3,-,0.2,0.8,-,0.3,27.8,80.8,0.7,1.8,0.2
6,"247Héctor BellerínArsenal, 27, D(R),M(R)","Héctor Bellerín Arsenal, 27, D(R),M(R)",13(2),1159,1.3,1.3,1.0,0.1,1.6,1.2,0.3,-,6.64,1,-,0.5,0.2,0.2,0.1,0.8,0.9,-,0.2,38.0,82.1,0.1,0.9,-
7,"248Paul DummettNewcastle, 30, D(CL)","Paul Dummett Newcastle, 30, D(CL)",14(2),1229,1.7,1.4,0.3,0.3,3.8,0.4,0.6,1,6.64,-,-,0.1,0.3,0.4,-,0.1,0.2,-,0.3,28.1,71.7,0.1,1.6,-
8,"249Erik LamelaTottenham, 30, AM(CLR)","Erik Lamela Tottenham, 30, AM(CLR)",12(13),1212,1,0.3,1.2,-,0.4,0.8,0.1,-,6.64,2,1,1.2,0.7,1.0,-,1.7,1,1,0.7,21.6,83.7,0.3,0.7,0.1
9,"250Nacho MonrealArsenal, 36, D(CL),M(L)","Nacho Monreal Arsenal, 36, D(CL),M(L)",3,270,0.3,1.0,0.3,-,3.3,0.7,0.3,-,6.64,-,-,0.3,1.0,0.3,0.7,0.3,1,-,1.0,59.0,87.6,-,1.3,-
0,"231Stuart ArmstrongSouthampton, 30, AM(CLR)","Stuart Armstrong Southampton, 30, AM(CLR)",19(11),1716,1.1,0.4,0.8,-,0.7,1.0,0.1,-,6.66,5,3,1.5,0.6,0.7,0.1,0.8,1.8,3,0.6,19.3,77.0,0.2,0.4,0.1
1,"232Neal MaupayBrighton, 25, AM(C),FW","Neal Maupay Brighton, 25, AM(C),FW",30(7),2770,0.5,0.1,1.0,-,0.2,0.5,-,-,6.66,10,3,2.6,0.7,1.2,0.4,1.5,2.1,3,0.7,18.1,79.6,0.1,0.4,-
2,"233Martin KellyCrystal Palace, 32, D(CLR)","Martin Kelly Crystal Palace, 32, D(CLR)",17(2),1550,1.2,0.8,0.4,0.1,3.9,0.9,0.5,-,6.66,-,1,0.1,0.3,-,-,0.2,0.5,1,0.3,30.0,70.5,0.3,1.7,-
3,"234Adam MasinaWatford, 28, D(L),M(L)","Adam Masina Watford, 28, D(L),M(L)",20(6),1819,1.5,1.1,1.0,0.2,2.3,0.9,0.5,-,6.66,1,-,0.6,0.4,0.5,0.1,0.5,0.6,-,0.4,26.8,63.3,0.5,1.8,-
4,"235Kevin LongBurnley, 31, D(C)","Kevin Long Burnley, 31, D(C)",6(2),562,0.9,0.5,1.1,0.5,3.8,0.6,0.9,-,6.65,-,-,0.3,-,0.8,-,-,0.1,-,-,25.0,74.0,-,1.4,-
5,"236Gylfi SigurdssonEverton, 32, M(CLR),FW","Gylfi Sigurdsson Everton, 32, M(CLR),FW",28(7),2595,1.4,1.1,1.0,-,0.4,1.5,0.1,-,6.65,2,3,1.3,1.5,0.7,0.1,0.7,1.2,3,1.5,29.1,83.4,1.1,1.3,-
6,"237Jarrad BranthwaiteEverton, 19, D(C)","Jarrad Branthwaite Everton, 19, D(C)",2(2),299,2.0,0.5,1.0,0.3,2.8,0.5,0.8,-,6.65,-,-,-,-,0.8,-,-,0.8,-,-,55.8,87.9,-,3.3,-
7,"238Pascal GroßBrighton, 30, M(CR),FW","Pascal Groß Brighton, 30, M(CR),FW",22(7),1804,1.2,0.3,0.8,-,0.2,0.9,0.1,1,6.65,2,4,1,2,0.4,0.3,0.7,1.2,4,2,31.0,79.5,1.6,1.4,0.1
8,"239Bukayo SakaArsenal, 20, D(L),M(CLR)","Bukayo Saka Arsenal, 20, D(L),M(CLR)",19(7),1755,1.4,0.5,0.8,0.3,0.4,0.7,0.1,-,6.65,1,5,0.5,0.8,1.1,0.4,0.8,1.6,5,0.8,26.0,81.5,0.3,0.7,0.1
9,"240Davy PröpperBrighton, 30, M(C)","Davy Pröpper Brighton, 30, M(C)",32(3),2830,1.8,1.1,0.9,-,0.9,1.5,0.2,-,6.65,1,2,0.8,0.8,0.5,-,0.7,1.7,2,0.8,51.0,84.2,0.1,2.0,-
0,"221Matthew LowtonBurnley, 32, D(LR),M(R)","Matthew Lowton Burnley, 32, D(LR),M(R)",17,1530,2.4,1.6,0.8,0.3,3.1,0.6,0.4,-,6.67,-,1,0.1,0.6,0.6,-,0.1,0.8,1,0.6,32.4,68.6,0.5,2.4,-
1,"222Jeremy NgakiaWest Ham, 21, D(R)","Jeremy Ngakia West Ham, 21, D(R)",5,441,3,1.4,0.8,0.4,3.0,2.4,0.2,-,6.67,-,-,0.2,-,0.2,0.2,0.4,1.2,-,-,21.2,53.8,0.2,1.2,-
2,"223Mark NobleWest Ham, 35, M(C)","Mark Noble West Ham, 35, M(C)",32(1),2686,1.6,0.6,0.8,-,0.3,1.3,0.2,-,6.67,4,3,0.5,1.3,0.9,-,0.9,1.3,3,1.3,45.6,82.8,0.4,3.4,0.1
3,"224Abdoulaye DoucouréWatford, 29, M(C)","Abdoulaye Doucouré Watford, 29, M(C)",36(1),3167,1.7,0.8,1.4,-,0.8,1.1,0.2,1,6.67,4,2,1.6,1,0.4,0.2,0.8,1.6,2,1,45.4,78.4,0.1,1.1,-
4,"225Cheikhou KouyatéCrystal Palace, 32, D(CR),DMC","Cheikhou Kouyaté Crystal Palace, 32, D(CR),DMC",29(6),2538,1.9,1.2,0.9,-,1.6,0.6,0.3,-,6.67,1,1,0.7,0.3,0.8,0.1,0.7,1.3,1,0.3,24.3,73.9,0.1,0.7,-
5,"226Shane LongSouthampton, 35, AM(R),FW","Shane Long Southampton, 35, AM(R),FW",15(11),1399,0.7,0.2,1.2,0.1,0.6,0.5,-,-,6.67,2,2,1.3,0.8,1.0,0.5,0.8,2.2,2,0.8,14.7,54.1,0.1,0.1,-
6,"227Aaron MooyBrighton, 31, M(CLR)","Aaron Mooy Brighton, 31, M(CLR)",25(6),2090,1.2,0.7,0.4,-,0.9,1.1,0.2,-,6.67,2,2,1.1,1.3,0.4,-,1.4,1.4,2,1.3,31.3,81.4,0.7,1.4,0.1
7,"228Mathew RyanBrighton, 30, GK","Mathew Ryan Brighton, 30, GK",38,3420,-,0.1,-,-,0.6,0.1,-,-,6.67,-,-,-,-,0.1,-,-,0.1,-,-,32.1,79.2,-,6.8,-
8,"229Davinson SánchezTottenham, 25, D(C)","Davinson Sánchez Tottenham, 25, D(C)",27(2),2432,1.5,1.2,0.9,0.3,4.2,0.8,1,-,6.66,-,-,0.2,-,0.4,-,0.2,0.4,-,-,53.2,85.9,-,2.2,-
9,"230Joel WardCrystal Palace, 32, D(LR),DMC,M(R)","Joel Ward Crystal Palace, 32, D(LR),DMC,M(R)",27(2),2383,2.4,1.7,0.8,0.2,2.8,0.6,0.2,-,6.66,-,-,0.2,0.2,1.0,-,0.4,0.7,-,0.2,33.1,71.2,0.2,1.5,-
0,"211Gary CahillCrystal Palace, 36, D(C)","Gary Cahill Crystal Palace, 36, D(C)",25,2168,0.6,0.7,0.6,0.2,4.4,0.3,1,-,6.69,-,1,0.8,0.1,0.5,-,0.2,0.5,1,0.1,40.2,84.9,-,2.9,-
1,"212Eric GarcíaMan City, 21, D(C)","Eric García Man City, 21, D(C)",8(5),791,0.5,1.4,0.7,0.8,2.4,0.3,-,-,6.69,-,-,0.2,0.2,0.2,-,-,0.1,-,0.2,56.0,93.1,0.1,2.0,-
2,"213Vicente GuaitaCrystal Palace, 35, GK","Vicente Guaita Crystal Palace, 35, GK",35,3150,-,-,-,-,1.1,-,-,1,6.69,-,-,-,-,0.1,-,-,-,-,-,25.3,49.5,-,6.3,-
3,"214Steven AlzateBrighton, 23, DMC,M(L)","Steven Alzate Brighton, 23, DMC,M(L)",12(7),1183,1.7,0.7,0.9,0.1,0.6,0.5,0.2,-,6.69,-,-,0.7,0.7,0.9,0.2,1.5,1.3,-,0.7,31.7,83.9,0.2,0.7,0.1
4,"215Leander DendonckerWolves, 27, D(C),M(C)","Leander Dendoncker Wolves, 27, D(C),M(C)",32(6),2795,1.8,1,0.8,0.1,1.6,1,0.3,1,6.68,4,-,0.5,0.2,0.2,-,0.3,0.8,-,0.2,34.8,83.3,0.1,1.7,-
5,"216John StonesMan City, 27, D(CR)","John Stones Man City, 27, D(CR)",12(4),1119,1,0.6,0.3,0.6,1.9,0.1,0.2,-,6.68,-,-,0.4,0.1,0.1,0.1,-,0.2,-,0.1,64.7,94.2,-,3.3,-
6,"217Luka MilivojevicCrystal Palace, 31, DMC","Luka Milivojevic Crystal Palace, 31, DMC",28(3),2514,2,1.4,1.6,-,1.2,1.6,0.2,-,6.67,3,1,1,0.9,0.9,-,0.4,0.8,1,0.9,46.2,82.0,1,3.4,-
7,"218Scott DannCrystal Palace, 35, D(C)","Scott Dann Crystal Palace, 35, D(C)",14(2),1265,0.5,0.9,0.3,0.2,4.0,0.4,0.4,-,6.67,-,1,0.5,0.3,-,-,0.1,0.3,1,0.3,36.4,81.3,0.1,2.3,-
8,"219Ashley BarnesBurnley, 32, AM(CL),FW","Ashley Barnes Burnley, 32, AM(CL),FW",17(2),1362,0.5,0.3,1.8,-,0.4,0.3,0.1,-,6.67,6,-,2.1,0.3,2.1,0.7,1,2,-,0.3,13.2,54.6,-,0.2,-
9,"220JoelintonNewcastle, 25, AM(CLR),FW","Joelinton Newcastle, 25, AM(CLR),FW",32(6),2699,0.9,0.3,0.8,-,0.8,0.6,0.2,-,6.67,2,2,1.3,0.8,1.1,0.5,1.6,3.5,2,0.8,21.6,76.7,0.1,0.3,0.1
0,"201Jefferson LermaBournemouth, 27, D(R),DMC","Jefferson Lerma Bournemouth, 27, D(R),DMC",31(2),2709,1.6,1.7,1.3,-,1.5,0.8,0.4,-,6.7,1,2,0.9,0.4,1.1,-,0.5,0.9,2,0.4,42.4,78.7,-,2.9,-
1,"202Ilkay GündoganMan City, 31, M(C)","Ilkay Gündogan Man City, 31, M(C)",21(10),2017,0.9,1,0.5,-,0.4,1,0.2,-,6.7,2,1,1.1,1.1,0.5,0.1,0.4,0.5,1,1.1,63.0,91.9,0.3,3.4,-
2,"203Oleksandr ZinchenkoMan City, 25, D(L),M(CLR)","Oleksandr Zinchenko Man City, 25, D(L),M(CLR)",13(6),1273,1.6,0.9,0.7,0.3,1.0,0.8,-,-,6.7,-,-,0.8,1.1,0.1,0.1,0.4,0.7,-,1.1,63.7,90.7,0.7,1.7,-
3,"204John LundstramSheff Utd, 28, DMC","John Lundstram Sheff Utd, 28, DMC",26(8),2456,1.4,1,0.8,0.1,1.3,1.3,0.1,-,6.7,5,3,1.3,0.6,0.4,0.2,0.4,1.2,3,0.6,34.6,82.7,0.3,2.5,0.1
4,"205Christian KabaseleWatford, 31, D(C)","Christian Kabasele Watford, 31, D(C)",26(1),2253,1.4,1.3,0.8,0.8,4.6,0.6,0.9,-,6.7,-,2,0.3,0.2,0.5,-,0.2,0.4,2,0.2,24.8,72.7,-,2.2,-
5,"206Miguel AlmirónNewcastle, 28, AM(CLR),FW","Miguel Almirón Newcastle, 28, AM(CLR),FW",35(1),3034,1.7,0.9,0.8,-,0.4,0.9,-,-,6.7,4,2,1.6,0.9,1.6,0.7,1,2.2,2,0.9,23.0,80.2,0.2,0.6,0.1
6,"207Jamaal LascellesNewcastle, 28, D(C)","Jamaal Lascelles Newcastle, 28, D(C)",24,2079,0.6,1.2,0.9,0.4,4.8,0.2,0.8,-,6.7,1,-,0.4,0.1,0.8,0.1,0.2,0.3,-,0.1,35.3,79.8,-,2.2,-
7,"208Conor HourihaneAston Villa, 31, M(C)","Conor Hourihane Aston Villa, 31, M(C)",18(9),1539,0.6,0.3,0.5,-,1.0,0.6,0.1,-,6.69,3,5,1.1,1.4,0.8,0.1,0.3,0.4,5,1.4,22.7,82.7,1,0.7,-
8,"209Aaron RamsdaleBournemouth, 24, GK","Aaron Ramsdale Bournemouth, 24, GK",37,3330,0.1,-,-,-,1.1,-,-,-,6.69,-,1,-,0.1,0.1,-,-,-,1,0.1,25.5,52.0,-,5.5,-
9,"210Mattéo GuendouziArsenal, 23, M(C)","Mattéo Guendouzi Arsenal, 23, M(C)",19(5),1748,1.3,1.2,0.7,-,1.4,1.2,0.3,-,6.69,-,1,0.5,0.5,2.0,-,0.9,0.8,1,0.5,48.0,88.4,-,2.9,0.1
0,"191Yves BissoumaBrighton, 25, M(C)","Yves Bissouma Brighton, 25, M(C)",15(7),1263,2.2,1,1.4,-,1.0,1,0.1,-,6.71,1,-,0.7,0.2,0.7,-,1.1,1.5,-,0.2,28.1,85.0,-,1.6,-
1,"192Alex McCarthySouthampton, 32, GK","Alex McCarthy Southampton, 32, GK",28,2520,-,-,-,-,0.9,-,-,-,6.71,-,-,-,-,0.1,-,-,-,-,-,26.6,51.5,-,7.2,-
2,"193Mesut ÖzilArsenal, 33, M(CLR)","Mesut Özil Arsenal, 33, M(CLR)",18,1449,0.9,0.3,0.8,-,0.1,1.1,-,-,6.71,1,2,0.5,2.1,1.0,0.3,1.2,1.4,2,2.1,46.4,88.3,1.1,1.2,-
3,"194Josh BrownhillBurnley, 26, M(CR)","Josh Brownhill Burnley, 26, M(CR)",9(1),806,1.4,1.4,0.6,-,1.7,0.8,0.4,-,6.71,-,-,0.6,0.3,0.9,-,0.4,1,-,0.3,33.1,82.5,-,1.0,-
4,"195Shane DuffyBrighton, 30, D(C)","Shane Duffy Brighton, 30, D(C)",12(7),1232,0.9,1.1,0.7,0.4,3.7,0.6,0.4,-,6.71,1,-,0.4,0.1,0.5,-,0.2,0.5,-,0.1,33.7,80.7,0.1,2.3,-
5,"196Eric DierTottenham, 28, D(CR),DMC","Eric Dier Tottenham, 28, D(CR),DMC",15(4),1342,1.1,1.1,1,0.2,3.2,0.5,0.5,-,6.71,-,2,0.4,0.4,0.2,0.1,0.2,0.3,2,0.4,48.1,80.7,-,2.5,0.1
6,"197Victor LindelöfMan Utd, 27, D(CR)","Victor Lindelöf Man Utd, 27, D(CR)",35,3124,0.8,0.7,0.6,0.6,3.5,0.1,0.5,1,6.71,1,-,0.2,0.1,0.2,-,0.1,0.4,-,0.1,59.8,86.5,-,2.1,-
7,"198EmersonChelsea, 27, D(L),M(L)","Emerson Chelsea, 27, D(L),M(L)",13(2),1026,1.5,1.2,0.3,0.2,0.9,0.3,0.1,-,6.71,-,-,0.9,1.3,1.1,0.1,0.5,1.1,-,1.3,47.9,85.1,0.9,1.5,-
8,"199Brandon WilliamsMan Utd, 21, D(L),M(L)","Brandon Williams Man Utd, 21, D(L),M(L)",11(6),1037,1.2,0.9,0.8,0.4,0.8,1.2,0.2,-,6.71,1,-,0.4,0.8,0.9,0.1,0.4,1.3,-,0.8,32.5,84.6,0.2,1.0,0.1
9,"200Tanguy NdombeleTottenham, 25, M(C)","Tanguy Ndombele Tottenham, 25, M(C)",12(9),1011,1.1,0.7,0.7,-,0.3,0.6,0.1,-,6.71,2,2,0.4,0.6,1.4,-,1.1,1.1,2,0.6,30.1,85.6,0.1,0.9,-
0,"181Federico FernándezNewcastle, 33, D(C)","Federico Fernández Newcastle, 33, D(C)",29(3),2618,1.3,0.8,0.5,0.3,5.8,0.7,0.9,1,6.73,2,2,0.5,0.1,0.6,0.1,0.1,0.7,2,0.1,34.7,77.0,0.2,3.1,-
1,"182Ondrej DudaNorwich, 27, AM(C),FW","Ondrej Duda Norwich, 27, AM(C),FW",9(1),729,1.8,0.6,0.9,-,0.7,0.9,0.2,-,6.72,-,-,1,1.6,1.3,0.2,0.3,2.2,-,1.6,33.8,83.1,1.3,1.4,0.2
2,"183Kasper SchmeichelLeicester, 35, GK","Kasper Schmeichel Leicester, 35, GK",38,3420,-,-,-,-,0.3,-,-,-,6.72,-,-,-,0.1,0.2,-,-,-,-,0.1,27.2,75.4,-,6.5,-
3,"184Chris WoodBurnley, 30, FW","Chris Wood Burnley, 30, FW",29(3),2446,0.2,0.1,1.1,-,0.6,0.3,0.1,1,6.72,14,1,2,0.7,0.9,1.1,0.9,2.4,1,0.7,14.4,63.0,-,0.1,-
4,"185Martin DúbravkaNewcastle, 33, GK","Martin Dúbravka Newcastle, 33, GK",38,3420,-,-,-,-,0.9,-,-,-,6.72,-,-,-,-,0.1,-,-,0.1,-,-,25.5,50.6,-,7.9,-
5,"186Steve CookBournemouth, 31, D(C)","Steve Cook Bournemouth, 31, D(C)",28(1),2430,0.8,1.5,0.6,0.7,5.2,0.4,0.8,-,6.72,1,-,0.4,0.1,0.5,-,0.1,0.1,-,0.1,43.8,79.2,-,2.7,-
6,"187Dean HendersonSheff Utd, 25, GK","Dean Henderson Sheff Utd, 25, GK",36,3240,-,-,-,-,0.8,-,-,-,6.72,-,-,-,-,0.1,-,-,0.1,-,-,25.9,36.8,-,7.4,-
7,"188Isaac HaydenNewcastle, 27, D(C),DMC","Isaac Hayden Newcastle, 27, D(C),DMC",26(3),2226,1.9,1.3,0.9,-,1.1,1,0.2,-,6.72,1,2,0.6,0.5,0.7,0.1,0.6,1,2,0.5,27.6,79.0,0.2,0.6,-
8,"189Craig DawsonWatford, 32, D(CR)","Craig Dawson Watford, 32, D(CR)",26(3),2361,1,1.2,1.1,0.6,3.8,0.5,1.1,-,6.72,2,-,0.9,0.2,0.4,-,0.1,0.5,-,0.2,32.3,77.5,-,3.0,-
9,"190Ismaïla SarrWatford, 24, AM(LR),FW","Ismaïla Sarr Watford, 24, AM(LR),FW",22(6),2030,0.4,0.6,0.8,-,0.2,0.6,-,-,6.71,5,4,1.6,0.9,1.7,0.5,2,2.7,4,0.9,17.6,81.5,0.6,0.3,-
0,"171Ashley YoungMan Utd, 36, D(LR),M(LR)","Ashley Young Man Utd, 36, D(LR),M(LR)",10(2),954,1.2,0.9,1.2,0.1,1.8,1.0,0.2,-,6.76,-,-,0.3,1.6,1.3,-,0.6,0.8,-,1.6,47.6,80.6,1.8,2.3,-
1,"172Patrick van AanholtCrystal Palace, 31, D(L),M(L)","Patrick van Aanholt Crystal Palace, 31, D(L),M(L)",29,2511,1.5,1.6,0.3,0.1,1.5,0.9,0.3,1,6.76,3,2,0.9,1.1,0.3,0.1,0.5,1.1,2,1.1,41.9,81.2,1.1,1.0,-
2,"173Fabian SchärNewcastle, 30, D(C)","Fabian Schär Newcastle, 30, D(C)",18(4),1634,1.8,2.1,1.3,0.3,3.3,1.0,0.8,-,6.75,2,-,0.9,0.2,1.1,0.1,0.2,0.6,-,0.2,34.6,74.8,-,4.3,-
3,"174Nathan AkéBournemouth, 27, D(CL),DMC","Nathan Aké Bournemouth, 27, D(CL),DMC",29,2505,1.1,1.2,0.3,0.7,5.1,0.3,1,-,6.75,2,2,0.9,0.2,0.4,0.1,0.2,0.3,2,0.2,41.7,87.6,-,1.8,-
4,"175Andreas ChristensenChelsea, 26, D(C),DMC","Andreas Christensen Chelsea, 26, D(C),DMC",21,1754,1.8,1.4,0.8,0.4,2.7,0.3,0.4,-,6.75,-,-,0.3,0.2,0.5,-,-,0.2,-,0.2,62.2,91.4,-,2.5,0.1
5,"176Angelo OgbonnaWest Ham, 33, D(C)","Angelo Ogbonna West Ham, 33, D(C)",31,2787,1.2,0.9,0.7,0.8,4.2,0.5,1,1,6.74,2,-,0.4,0.1,0.5,-,0.1,0.3,-,0.1,31.5,76.2,-,2.5,-
6,"177Chris MephamBournemouth, 24, D(C)","Chris Mepham Bournemouth, 24, D(C)",10(2),911,1.7,1.4,0.9,0.5,5.2,0.3,0.9,-,6.73,1,-,0.6,0.1,0.4,0.1,0.3,0.4,-,0.1,41.7,86.6,0.1,1.6,-
7,"178Daryl JanmaatWatford, 32, D(CR),M(R)","Daryl Janmaat Watford, 32, D(CR),M(R)",7(1),608,1.8,0.9,0.6,0.4,2.4,0.9,0.3,1,6.73,-,1,0.5,0.8,0.1,-,0.3,1.1,1,0.8,33.4,76.4,0.9,1.0,-
8,"179Mason GreenwoodMan Utd, 20, AM(R),FW","Mason Greenwood Man Utd, 20, AM(R),FW",12(19),1313,0.5,0.2,0.4,-,0.2,0.5,-,-,6.73,10,1,1.3,0.5,0.3,0.1,0.5,0.8,1,0.5,16.0,86.3,-,0.6,-
9,"180Moussa SissokoTottenham, 32, M(CR)","Moussa Sissoko Tottenham, 32, M(CR)",28(1),2455,1.3,0.9,1.5,0.1,1.2,1.0,0.1,-,6.73,2,1,0.5,0.6,0.6,0.1,0.7,1.3,1,0.6,43.0,87.5,0.1,1.2,-
0,"161Ben DaviesTottenham, 29, D(CL),M(L)","Ben Davies Tottenham, 29, D(CL),M(L)",16(2),1432,1.6,1.2,1.5,0.4,2.3,0.8,0.7,-,6.77,-,-,0.4,0.5,0.4,0.1,0.5,0.4,-,0.5,44.2,76.6,0.6,1.4,-
1,"162Sam ByramNorwich, 28, D(LR),M(R)","Sam Byram Norwich, 28, D(LR),M(R)",15(2),1294,2.4,1.5,0.9,-,3.6,1.1,0.5,-,6.77,-,-,0.9,0.4,0.5,0.1,0.3,0.8,-,0.4,37.4,77.8,0.1,0.9,-
2,"163Mason HolgateEverton, 25, D(CR),DMC,M(R)","Mason Holgate Everton, 25, D(CR),DMC,M(R)",24(3),2084,1.6,1.3,0.6,0.3,3.5,0.4,0.5,-,6.77,-,3,0.4,0.1,0.9,-,0.2,0.3,3,0.1,39.2,84.2,-,4.2,0.1
3,"164Joshua KingBournemouth, 30, AM(CLR),FW","Joshua King Bournemouth, 30, AM(CLR),FW",24(2),2020,0.6,0.3,1.4,-,0.3,0.5,0.1,-,6.76,6,4,1,1.2,1.0,0.3,2.1,3.0,4,1.2,19.2,72.3,0.2,0.2,-
4,"165Ben JohnsonWest Ham, 22, D(LR),M(L)","Ben Johnson West Ham, 22, D(LR),M(L)",3,270,2.7,1.0,2.7,-,3.3,1.0,0.7,-,6.76,-,-,0.3,0.3,0.3,-,0.3,1.0,-,0.3,40.3,72.7,0.7,2.0,-
5,"166Harvey BarnesLeicester, 24, AM(CL)","Harvey Barnes Leicester, 24, AM(CL)",24(12),2094,0.4,0.2,0.6,-,0.1,0.5,0.1,-,6.76,6,8,1.7,1,0.8,0.1,0.6,1.6,8,1,19.4,79.5,0.1,0.3,0.1
6,"167Diogo JotaWolves, 25, AM(CLR),FW","Diogo Jota Wolves, 25, AM(CLR),FW",27(7),2298,0.8,0.3,1.2,-,0.3,1.1,-,-,6.76,7,1,2,0.9,1.8,0.1,1.6,2.4,1,0.9,24.8,79.8,0.3,0.7,-
7,"168Jean-Philippe GbaminEverton, 26, D(CR),DMC","Jean-Philippe Gbamin Everton, 26, D(CR),DMC",1(1),135,2.0,0.5,1.0,-,2.0,0.5,-,-,6.76,-,-,-,-,1.0,-,2.0,1.0,-,-,35.0,71.4,-,1.0,-
8,"169Wesley MoraesAston Villa, 25, FW","Wesley Moraes Aston Villa, 25, FW",21,1790,0.7,0.2,2.0,-,1.1,0.2,0.1,-,6.76,5,1,1.7,0.5,0.7,0.7,0.9,2.8,1,0.5,17.6,71.8,-,0.6,-
9,"170Cédric SoaresSouthampton, 30, D(LR),M(R)","Cédric Soares Southampton, 30, D(LR),M(R)",16,1310,2.8,1.2,0.6,0.2,2.8,1.0,0.3,-,6.76,-,1,0.6,0.7,0.2,-,0.6,1.1,1,0.7,30.9,68.8,0.9,1.4,-
0,"151Granit XhakaArsenal, 29, D(L),M(C)","Granit Xhaka Arsenal, 29, D(L),M(C)",30(1),2591,1.5,0.7,1.8,0.1,1.8,1,0.5,-,6.78,1,2,0.4,0.5,1.0,-,0.4,0.9,2,0.5,61.4,88.1,0.1,4.1,-
1,"152PedroChelsea, 34, M(CLR),FW","Pedro Chelsea, 34, M(CLR),FW",8(3),662,1.4,0.8,0.7,-,0.1,1.1,-,-,6.78,1,1,2,1.5,1.0,-,0.8,1.6,1,1.5,28.6,83.2,0.3,0.9,0.3
2,"153Moussa DjenepoSouthampton, 23, AM(LR)","Moussa Djenepo Southampton, 23, AM(LR)",10(8),926,1.5,0.5,1.3,-,0.5,0.6,0.1,-,6.78,2,2,1.1,0.6,1.7,0.2,1.2,2.2,2,0.6,13.3,74.1,0.2,0.3,-
3,"154Joe GomezLiverpool, 24, D(CLR)","Joe Gomez Liverpool, 24, D(CLR)",22(6),2000,0.8,1.4,0.8,0.6,2.1,0.4,0.3,-,6.78,-,-,-,0.2,0.5,-,0.1,0.5,-,0.2,71.0,88.0,0.1,3.7,-
4,"155Antonio RüdigerChelsea, 29, D(CR)","Antonio Rüdiger Chelsea, 29, D(CR)",19(1),1711,1.4,0.8,1,0.3,2.8,0.5,0.5,1,6.77,2,-,0.6,0.3,0.4,-,0.2,0.3,-,0.3,74.6,86.8,0.1,5.7,-
5,"156Nick PopeBurnley, 30, GK","Nick Pope Burnley, 30, GK",38,3420,-,0.1,-,-,0.7,-,-,-,6.77,-,-,-,0.1,0.2,-,-,-,-,0.1,26.5,37.6,-,7.3,-
6,"157Grant HanleyNorwich, 30, D(C)","Grant Hanley Norwich, 30, D(C)",14(1),1262,1.6,2.1,0.8,0.3,5.1,0.4,1.2,1,6.77,-,-,0.5,-,1.3,-,0.1,0.3,-,-,43.9,82.8,-,2.1,-
7,"158Ayoze PérezLeicester, 28, AM(CLR),FW","Ayoze Pérez Leicester, 28, AM(CLR),FW",26(7),2020,1.4,0.4,0.9,-,0.2,1.4,-,-,6.77,8,4,1.4,0.8,0.9,0.2,1.8,1.9,4,0.8,22.2,79.7,0.2,0.3,0.1
8,"159Kortney HauseAston Villa, 26, D(CL)","Kortney Hause Aston Villa, 26, D(CL)",17(1),1544,1.2,1.1,1.3,0.2,5.2,0.4,1.1,-,6.77,1,-,1.1,0.1,0.5,0.1,0.4,0.7,-,0.1,44.4,73.5,-,3.4,-
9,"160Kyle Walker-PetersTottenham, 25, D(LR),M(R)","Kyle Walker-Peters Tottenham, 25, D(LR),M(R)",3,242,2.7,1.0,0.3,1.7,1.7,1.3,0.7,-,6.77,-,-,0.3,0.7,1.7,0.3,1,1,-,0.7,61.7,87.6,0.3,1.3,-
0,"141David McGoldrickSheff Utd, 34, AM(CLR),FW","David McGoldrick Sheff Utd, 34, AM(CLR),FW",22(6),1825,1.5,0.1,1.1,-,0.8,0.5,0.1,-,6.81,2,2,1.6,0.6,0.6,0.4,1.0,2.2,2,0.6,21.8,74.9,0.1,0.6,-
1,"142Nicolás OtamendiMan City, 34, D(C)","Nicolás Otamendi Man City, 34, D(C)",18(6),1711,1.2,0.9,0.9,0.5,3.0,0.7,0.4,-,6.8,2,-,0.6,0.2,0.1,-,0.1,0.5,-,0.2,63.9,92.4,-,2.5,-
2,"143Ryan FredericksWest Ham, 29, D(R),M(R)","Ryan Fredericks West Ham, 29, D(R),M(R)",25(2),2237,3.0,0.9,0.9,0.3,2.4,0.9,0.4,-,6.8,-,3,0.1,0.8,0.8,-,0.4,0.7,3,0.8,31.7,74.1,0.6,1.1,-
3,"144James JustinLeicester, 24, D(CLR),M(LR)","James Justin Leicester, 24, D(CLR),M(LR)",11(2),1010,2.8,0.8,0.6,0.3,1.8,0.8,0.5,1,6.8,-,1,0.5,0.9,1.5,0.1,0.9,1.4,1,0.9,52.5,82.6,0.5,1.5,-
4,"145Adam WebsterBrighton, 27, D(C)","Adam Webster Brighton, 27, D(C)",31,2670,1.0,1.5,0.4,0.4,3.5,0.6,0.8,1,6.79,3,1,0.5,0.4,0.6,-,0.2,0.6,1,0.4,60.6,83.1,0.1,3.7,-
5,"146Robert SnodgrassWest Ham, 34, M(CLR)","Robert Snodgrass West Ham, 34, M(CLR)",17(7),1513,1.2,0.2,0.8,-,0.5,1.3,-,-,6.79,5,5,0.9,1.4,1.3,0.2,1.0,0.7,5,1.4,21.0,77.8,1.6,0.7,-
6,"147Jan VertonghenTottenham, 35, D(CL)","Jan Vertonghen Tottenham, 35, D(CL)",19(4),1647,1.7,1.4,0.3,0.3,2.9,0.5,0.4,-,6.79,1,1,0.2,0.1,0.7,-,0.3,0.4,1,0.1,47.9,82.8,-,1.7,-
7,"148Ashley WestwoodBurnley, 32, DMC","Ashley Westwood Burnley, 32, DMC",35,3150,1.5,0.9,0.9,-,0.7,0.9,0.3,-,6.79,2,6,0.4,1.5,0.9,-,0.3,0.8,6,1.5,49.7,78.7,1.1,3.3,0.1
8,"149George BaldockSheff Utd, 29, D(CR),M(R)","George Baldock Sheff Utd, 29, D(CR),M(R)",38,3420,1.6,0.9,1.2,0.1,1.8,0.5,0.1,-,6.79,2,3,0.3,0.6,1.2,0.3,0.6,1.1,3,0.6,29.4,75.9,1,0.6,-
9,"150AngeliñoMan City, 25, D(L),M(L)","Angeliño Man City, 25, D(L),M(L)",4(2),422,0.8,1.5,0.3,0.2,2.5,0.3,-,-,6.78,-,-,0.8,1.5,0.3,-,0.5,1.0,-,1.5,56.3,84.3,1.5,1.2,-
0,"131Enda StevensSheff Utd, 31, D(CL),M(L)","Enda Stevens Sheff Utd, 31, D(CL),M(L)",38,3347,2.1,0.9,1.0,0.1,1.6,1.4,0.2,-,6.82,2,4,0.6,0.9,0.5,0.1,1.1,1.4,4,0.9,38.7,74.9,0.5,1.8,0.1
1,"132Rúben NevesWolves, 25, DMC","Rúben Neves Wolves, 25, DMC",35(3),3060,1.6,1.5,0.8,-,0.8,1.4,0.2,-,6.82,2,2,1.6,0.8,0.4,-,0.3,0.4,2,0.8,53.2,80.1,0.2,5.8,0.1
2,"133Sokratis PapastathopoulosArsenal, 33, D(CR)","Sokratis Papastathopoulos Arsenal, 33, D(CR)",19,1697,1.3,0.9,1.0,0.2,3.5,0.6,1.3,-,6.82,2,-,0.4,0.1,0.6,0.1,0.3,0.2,-,0.1,54.2,87.9,-,3.7,-
3,"134Oliver NorwoodSheff Utd, 31, M(C)","Oliver Norwood Sheff Utd, 31, M(C)",37(1),3101,1.7,1.2,0.8,-,1.0,1.8,0.3,-,6.82,1,1,0.4,1.3,0.4,-,0.1,0.5,1,1.3,52.8,82.3,1.4,6.1,-
4,"135Christian BentekeCrystal Palace, 31, FW","Christian Benteke Crystal Palace, 31, FW",13(11),1259,0.4,0.2,1.0,-,1.2,0.4,0.2,-,6.81,2,1,1.7,0.8,0.8,0.5,1.0,2.0,1,0.8,14.0,54.3,-,0.3,0.1
5,"136Georginio WijnaldumLiverpool, 31, M(CLR)","Georginio Wijnaldum Liverpool, 31, M(CLR)",35(2),2948,1.0,0.5,0.4,0.1,0.9,0.8,0.1,-,6.81,4,-,1.0,0.5,0.9,-,0.8,1.2,-,0.5,43.9,90.8,-,1.1,-
6,"137Sander BergeSheff Utd, 24, M(C)","Sander Berge Sheff Utd, 24, M(C)",12(2),950,1.6,0.7,1.3,-,0.9,0.4,0.1,-,6.81,1,1,0.4,0.1,0.4,0.1,0.5,1.1,1,0.1,26.3,79.9,0.1,0.9,-
7,"138James McArthurCrystal Palace, 34, M(CLR)","James McArthur Crystal Palace, 34, M(CLR)",37,3105,2.4,1.6,1.5,-,1.3,1.9,0.5,-,6.81,-,3,0.8,0.9,0.9,0.1,1.1,1.5,3,0.9,38.6,78.5,0.2,1.7,-
8,"139JonnyWolves, 28, D(CLR),M(LR)","Jonny Wolves, 28, D(CLR),M(LR)",33(2),2891,2.6,1.5,1.0,-,0.8,1.5,0.3,-,6.81,2,2,0.5,0.7,0.8,0.1,1.0,1.5,2,0.7,31.1,81.3,0.3,0.6,-
9,"140Matt RitchieNewcastle, 32, D(L),M(CLR)","Matt Ritchie Newcastle, 32, D(L),M(CLR)",14(4),1317,1.2,0.8,1.4,0.1,1.5,0.7,0.3,-,6.81,2,1,1.4,1.8,0.9,-,0.4,1.1,1,1.8,29.2,74.3,1.6,1.3,-
0,"121Tariq LampteyBrighton, 21, D(R),M(R)","Tariq Lamptey Brighton, 21, D(R),M(R)",7(1),591,0.9,2.0,1.6,0.1,1.9,0.9,-,-,6.84,-,1,0.3,0.8,2.1,-,0.9,1.6,1,0.8,21.4,83.6,0.4,0.3,-
1,"122Dani CeballosArsenal, 25, M(CL)","Dani Ceballos Arsenal, 25, M(CL)",18(6),1699,1.9,1.3,0.8,-,0.5,1.8,0.1,-,6.84,-,2,0.5,1.2,1.5,-,1.3,1.0,2,1.2,52.1,87.9,0.4,3.2,0.1
2,"123Benjamin MendyMan City, 27, D(L),DMC,M(L)","Benjamin Mendy Man City, 27, D(L),DMC,M(L)",18(1),1497,0.9,0.8,0.6,0.3,0.9,0.9,0.1,-,6.83,-,2,0.5,1.1,0.1,0.1,0.9,0.7,2,1.1,58.1,88.4,1.2,1.7,-
3,"124Michael KeaneEverton, 29, D(CR)","Michael Keane Everton, 29, D(CR)",28(3),2586,1.0,1.4,0.6,0.6,4.8,0.3,0.9,1,6.83,2,-,0.5,0.2,0.3,-,0.1,0.2,-,0.2,46.7,82.8,-,2.9,-
4,"125Pierre-Emile HøjbjergSouthampton, 26, M(C)","Pierre-Emile Højbjerg Southampton, 26, M(C)",30(3),2751,2.4,1.4,1.4,0.1,1.5,1.6,0.2,-,6.83,-,1,1.4,0.9,1.1,-,0.8,1.9,1,0.9,55.2,78.1,0.3,3.2,0.1
5,"126Jan BednarekSouthampton, 26, D(C)","Jan Bednarek Southampton, 26, D(C)",34,3058,1.9,2.3,1.0,0.6,5.7,0.9,0.7,1,6.83,1,1,0.2,0.1,0.4,-,-,0.3,1,0.1,45.2,75.3,-,2.5,-
6,"127Yerry MinaEverton, 27, D(C)","Yerry Mina Everton, 27, D(C)",25(4),2282,1.3,1.0,0.7,1,3.4,0.2,0.5,1,6.83,2,1,1.0,0.2,0.4,0.1,-,0.2,1,0.2,46.9,83.8,-,3.7,-
7,"128Jannik VestergaardSouthampton, 29, D(C)","Jannik Vestergaard Southampton, 29, D(C)",17(2),1498,1.0,1.4,0.5,0.6,5.1,0.9,0.5,-,6.82,1,-,0.6,0.3,0.5,-,0.1,0.6,-,0.3,43.3,77.1,0.1,2.2,-
8,"129James TomkinsCrystal Palace, 33, D(CR)","James Tomkins Crystal Palace, 33, D(CR)",18,1584,1.6,1.2,0.8,0.3,5.5,0.4,0.8,-,6.82,1,1,0.5,0.1,0.6,0.1,0.1,0.3,1,0.1,37.3,79.4,-,2.6,-
9,"130Toby AlderweireldTottenham, 33, D(CR)","Toby Alderweireld Tottenham, 33, D(CR)",33,2958,1.2,0.9,0.5,0.2,5.2,0.4,1,1,6.82,2,2,0.5,0.3,0.1,-,0.2,0.3,2,0.3,59.9,81.7,0.1,4.3,0.1
0,"111Kyle Walker-PetersSouthampton, 25, D(LR),M(R)","Kyle Walker-Peters Southampton, 25, D(LR),M(R)",7(3),704,1.3,1.4,0.6,0.1,1.7,1.0,0.3,-,6.86,-,-,0.2,0.4,2.1,0.1,0.6,0.9,-,0.4,34.7,76.9,-,1.0,-
1,"112Calum ChambersArsenal, 27, D(CR),DMC","Calum Chambers Arsenal, 27, D(CR),DMC",13(1),1104,1.9,1.1,1.3,0.2,2.9,0.4,0.5,-,6.86,1,1,0.9,0.5,0.3,-,0.7,1.1,1,0.5,56.9,82.4,0.3,2.5,-
2,"113John FleckSheff Utd, 30, DMC","John Fleck Sheff Utd, 30, DMC",28(2),2518,1.2,0.8,0.8,-,0.7,1.4,0.1,-,6.86,5,2,1.0,1.3,0.7,-,0.6,1.5,2,1.3,33.3,80.3,1.1,1.3,0.1
3,"114Phil FodenMan City, 21, AM(CLR),FW","Phil Foden Man City, 21, AM(CLR),FW",9(14),893,0.6,0.3,0.5,-,0.1,0.6,-,-,6.86,5,2,1.5,0.8,0.6,-,0.7,0.8,2,0.8,21.5,88.5,0.3,0.7,-
4,"115Matt TargettAston Villa, 26, D(L),M(L)","Matt Targett Aston Villa, 26, D(L),M(L)",27(1),2298,1.9,2.0,1.0,0.1,2.4,1.1,0.3,-,6.86,1,2,0.3,1.0,0.6,-,0.5,0.6,2,1.0,33.8,72.6,0.8,1.8,0.1
5,"116FernandinhoMan City, 37, D(CR),DMC","Fernandinho Man City, 37, D(CR),DMC",26(4),2399,1.7,0.8,0.9,0.6,2.7,0.6,0.5,1,6.86,-,1,0.6,0.3,0.6,-,0.2,0.5,1,0.3,74.1,89.8,-,4.4,-
6,"117Luke ShawMan Utd, 26, D(CL),M(L)","Luke Shaw Man Utd, 26, D(CL),M(L)",20(4),1764,1.4,1.0,1.0,0.2,2.1,0.6,0.3,-,6.85,-,-,0.5,0.8,0.4,0.2,0.1,0.6,-,0.8,47.6,87.4,0.4,0.5,-
7,"118JorginhoChelsea, 30, DMC","Jorginho Chelsea, 30, DMC",27(4),2384,2.1,2.1,0.9,-,0.8,1.8,0.2,-,6.85,4,2,0.4,0.7,1.0,-,0.7,0.6,2,0.7,72.8,88.4,-,4.3,0.2
8,"119Ross BarkleyChelsea, 28, M(CLR)","Ross Barkley Chelsea, 28, M(CLR)",13(8),1104,0.8,0.3,0.4,-,0.3,0.6,0.1,-,6.84,1,4,1.9,1.1,0.7,-,1.6,1.2,4,1.1,29.4,89.0,0.1,1.9,0.2
9,"120Jetro WillemsNewcastle, 28, D(L),DMC,M(L)","Jetro Willems Newcastle, 28, D(L),DMC,M(L)",18(1),1498,1.9,0.9,0.5,0.2,2.0,1.1,0.3,-,6.84,2,2,0.7,0.8,0.9,0.1,0.4,1.1,2,0.8,22.6,76.9,0.3,0.5,0.1
0,"101FabinhoLiverpool, 28, D(CR),DMC","Fabinho Liverpool, 28, D(CR),DMC",22(6),2075,2.2,1.2,1.1,-,0.6,1.5,0.1,-,6.89,2,3,0.4,0.7,0.7,-,0.3,0.5,3,0.7,56.4,87.0,0.1,2.9,-
1,"102Romain SaïssWolves, 32, D(C),DMC","Romain Saïss Wolves, 32, D(C),DMC",31(2),2706,1.7,1.7,1.3,0.3,3.7,0.4,0.5,-,6.88,2,1,0.7,0.4,0.7,0.1,0.2,0.4,1,0.4,49.3,78.4,-,4.1,-
2,"103Charlie TaylorBurnley, 28, D(L),M(L)","Charlie Taylor Burnley, 28, D(L),M(L)",22(2),1946,1.6,1.2,0.7,0.1,2.6,0.8,0.4,-,6.88,-,1,-,0.5,1.2,0.1,0.5,0.9,1,0.5,29.7,68.7,0.8,1.4,-
3,"104Bernd LenoArsenal, 30, GK","Bernd Leno Arsenal, 30, GK",30,2650,-,-,-,-,0.9,0.1,-,-,6.88,-,-,-,-,0.1,-,-,-,-,-,26.7,72.3,-,2.5,-
4,"105Fikayo TomoriChelsea, 24, D(CR)","Fikayo Tomori Chelsea, 24, D(CR)",15,1293,1.9,1.5,0.5,0.4,2.8,0.3,0.5,-,6.88,1,-,0.5,0.3,0.4,0.1,0.3,0.7,-,0.3,76.7,87.4,0.1,2.8,0.1
5,"106Youri TielemansLeicester, 25, M(C)","Youri Tielemans Leicester, 25, M(C)",32(5),2834,1.4,0.6,0.9,-,0.3,1.4,0.1,-,6.88,3,6,1.5,1.5,1.3,-,0.7,1.3,6,1.5,48.1,83.0,0.4,2.7,0.1
6,"107Ben MeeBurnley, 32, D(CL)","Ben Mee Burnley, 32, D(CL)",32,2880,1.3,1.3,0.8,0.5,5.0,0.4,1,-,6.88,1,1,0.5,0.3,0.7,0.1,0.1,0.4,1,0.3,39.3,71.4,-,3.2,-
7,"108FredMan Utd, 29, M(C)","Fred Man Utd, 29, M(C)",23(6),2189,2.1,1.3,1.4,-,0.9,2.6,0.3,-,6.87,-,-,1.4,1.2,1.2,-,0.9,1.6,-,1.2,57.5,87.5,0.5,3.8,-
8,"109Dele AlliTottenham, 26, M(CL),FW","Dele Alli Tottenham, 26, M(CL),FW",21(4),1854,1.4,0.7,0.5,-,0.6,1.0,0.1,-,6.87,8,4,1.7,0.9,1.3,0.2,1.6,2,4,0.9,32.4,76.3,-,0.7,0.2
9,"110Dominic Calvert-LewinEverton, 25, AM(L),FW","Dominic Calvert-Lewin Everton, 25, AM(L),FW",30(6),2660,0.2,0.2,1.6,-,1.0,0.3,0.1,-,6.87,13,1,2.4,0.4,1.2,0.4,0.6,2.7,1,0.4,15.4,64.0,0.1,0.3,-
0,"91Jonny EvansLeicester, 34, D(CL)","Jonny Evans Leicester, 34, D(CL)",38,3386,1.3,1.5,0.9,0.4,4.5,0.3,0.5,1,6.9,1,1,0.6,0.2,0.7,0.1,0.1,0.3,1,0.2,65.6,86.8,-,3.1,-
1,"92N'Golo KantéChelsea, 31, DMC","N'Golo Kanté Chelsea, 31, DMC",20(2),1733,2.0,2.0,2.0,-,1.4,0.9,0.2,-,6.9,3,-,0.8,1.2,0.5,-,1.3,1.5,-,1.2,51.5,84.9,0.5,1.8,-
2,"93Gerard DeulofeuWatford, 28, AM(CLR),FW","Gerard Deulofeu Watford, 28, AM(CLR),FW",25(3),2109,1.2,0.9,1.0,-,0.2,1.7,-,-,6.9,4,5,2.3,1.6,0.8,0.6,1.9,2.4,5,1.6,25.8,80.2,0.5,0.8,-
3,"94Philip BillingBournemouth, 25, M(C)","Philip Billing Bournemouth, 25, M(C)",29(5),2536,2.1,1.9,1.1,-,2.8,1.4,0.5,-,6.9,1,1,1.0,0.4,0.7,0.1,0.8,1.5,1,0.4,33.9,74.8,-,1.3,-
4,"95Dan BurnBrighton, 30, D(CL),M(L)","Dan Burn Brighton, 30, D(CL),M(L)",33(1),2881,2.0,1.2,0.9,0.3,3.6,0.8,0.6,-,6.9,-,-,0.4,0.6,0.4,0.1,0.7,1.1,-,0.6,46.1,74.1,0.3,1.3,-
5,"96Olivier GiroudChelsea, 35, FW","Olivier Giroud Chelsea, 35, FW",12(6),1000,0.4,0.1,0.9,-,0.7,0.6,0.1,-,6.89,8,-,2.2,0.4,0.5,0.5,0.4,0.8,-,0.4,16.6,68.2,-,-,0.1
6,"97Lewis DunkBrighton, 30, D(C)","Lewis Dunk Brighton, 30, D(C)",36,3231,1.1,1.5,0.5,0.7,3.4,0.5,0.9,-,6.89,3,3,0.9,0.4,0.5,-,0.2,0.4,3,0.4,62.5,87.0,-,4.6,-
7,"98Ciaran ClarkNewcastle, 32, D(CL)","Ciaran Clark Newcastle, 32, D(CL)",14,1189,1.4,0.8,0.6,0.2,5.6,0.4,1,-,6.89,2,-,0.4,0.1,0.5,-,0.1,0.2,-,0.1,23.0,77.3,-,2,-
8,"99Frédéric GuilbertAston Villa, 27, D(CLR),M(R)","Frédéric Guilbert Aston Villa, 27, D(CLR),M(R)",22(3),2041,3.0,2.0,1.4,0.2,2.4,1.2,0.4,-,6.89,-,2,0.3,0.5,0.8,0.1,0.6,1.2,2,0.5,30.0,68.9,0.6,1.6,-
9,"100Oliver McBurnieSheff Utd, 25, AM(CL),FW","Oliver McBurnie Sheff Utd, 25, AM(CL),FW",24(12),2121,1.0,0.4,0.8,-,1.1,0.8,0.1,-,6.89,6,-,1.4,0.3,0.8,0.1,0.9,1.2,-,0.3,17.1,60.5,-,0.3,-
0,"81Alexandre LacazetteArsenal, 30, M(CLR),FW","Alexandre Lacazette Arsenal, 30, M(CLR),FW",22(8),1878,1.0,0.2,1.5,-,0.5,0.5,-,-,6.92,10,4,1.7,0.8,1.5,0.4,1.2,1.8,4,0.8,16.8,76.4,0.2,0.4,-
1,"82Djibril SidibéEverton, 29, D(CLR),M(R)","Djibril Sidibé Everton, 29, D(CLR),M(R)",18(7),1851,3.3,1.6,1.0,0.1,1.3,1.2,0.1,-,6.92,-,4,0.5,0.8,0.8,0.1,0.5,1.1,4,0.8,37.9,78.6,0.7,2.2,-
2,"83Scott McTominayMan Utd, 25, D(C),DMC","Scott McTominay Man Utd, 25, D(C),DMC",20(7),1772,1.6,1.1,1.3,-,1.2,0.6,0.2,-,6.92,4,1,1.1,0.6,2.0,-,1.1,1.3,1,0.6,37.4,80.9,0.1,2.3,0.1
3,"84Phil BardsleyBurnley, 36, D(LR)","Phil Bardsley Burnley, 36, D(LR)",21,1890,2.3,1.4,1.7,0.1,3.1,0.6,0.5,-,6.92,-,1,0.5,0.5,0.6,-,0.1,0.6,1,0.5,31.3,66.1,0.3,2.3,0.1
4,"85Mason MountChelsea, 23, M(CLR)","Mason Mount Chelsea, 23, M(CLR)",32(5),2875,1.0,0.4,1.0,-,0.5,0.9,0.1,-,6.91,7,5,2.1,1.4,1.0,0.1,1.4,2.2,5,1.4,33.5,85.7,0.9,0.7,0.1
5,"86Kurt ZoumaChelsea, 27, D(CR)","Kurt Zouma Chelsea, 27, D(CR)",25(3),2344,0.8,2.1,1.1,0.4,4.0,0.3,0.5,1,6.91,-,-,0.5,-,0.5,-,0.2,0.4,-,-,74.3,88.5,-,5.0,-
6,"87Etienne CapoueWatford, 33, D(C),M(CL)","Etienne Capoue Watford, 33, D(C),M(CL)",30,2632,2.5,2.3,1.9,-,1.9,1.6,0.4,-,6.91,-,3,0.6,0.7,1.3,-,0.9,0.6,3,0.7,47.8,81.3,0.3,3.7,0.1
7,"88Tammy AbrahamChelsea, 24, FW","Tammy Abraham Chelsea, 24, FW",25(9),2221,0.2,0.2,0.5,-,0.8,0.3,0.1,1,6.91,15,3,2.6,0.6,0.7,0.7,1.2,2.2,3,0.6,12.0,66.8,0.1,0.2,-
8,"89Kyle WalkerMan City, 31, D(CR),M(R)","Kyle Walker Man City, 31, D(CR),M(R)",28(1),2398,1.0,1.0,0.9,0.2,1.2,0.6,0.2,-,6.9,1,4,0.5,0.6,0.5,0.1,0.5,0.8,4,0.6,66.9,88.6,0.3,4.3,-
9,"90Reece JamesChelsea, 22, D(CR),DMC,M(R)","Reece James Chelsea, 22, D(CR),DMC,M(R)",16(8),1514,1.5,0.9,0.9,0.1,0.9,0.8,0.3,-,6.9,-,2,0.8,1,0.9,-,0.9,0.7,2,1,42.3,85.9,1.1,1.7,-
0,"71Ben ChilwellLeicester, 25, D(L),M(L)","Ben Chilwell Leicester, 25, D(L),M(L)",27,2376,1.6,1.0,1.1,0.2,2.0,1.1,0.2,-,6.96,3,3,0.6,1.3,1.1,-,0.8,1.9,3,1.3,61.3,78.3,0.7,2.0,-
1,"72Nathan RedmondSouthampton, 28, AM(CLR),FW","Nathan Redmond Southampton, 28, AM(CLR),FW",32,2771,1.5,0.5,0.7,-,0.3,1.1,0.1,-,6.96,4,4,1.8,1.2,1,0.2,1.6,2.3,4,1.2,31.9,73.7,0.2,1.2,-
2,"73Felipe AndersonWest Ham, 29, M(CLR),FW","Felipe Anderson West Ham, 29, M(CLR),FW",20(5),1508,1.8,0.9,0.7,-,0.4,1.4,-,-,6.96,1,4,0.9,1,1,0.1,1.2,1.9,4,1,35.8,78.8,0.4,1.7,0.1
3,"74Pablo MaríArsenal, 28, D(C)","Pablo Marí Arsenal, 28, D(C)",2,114,1.0,0.5,1.0,0.5,4.5,-,-,-,6.95,-,-,-,-,-,-,-,-,-,-,50.0,85.0,-,4.0,-
4,"75Mateo KovacicChelsea, 28, M(CL)","Mateo Kovacic Chelsea, 28, M(CL)",23(8),2073,2.0,0.7,0.6,-,0.5,1.3,-,-,6.94,1,3,0.7,0.9,1.2,-,0.9,1,3,0.9,60.3,89.7,-,3.0,0.1
5,"76Naby KeïtaLiverpool, 27, M(C)","Naby Keïta Liverpool, 27, M(C)",9(9),814,1.7,0.6,0.5,-,0.1,0.8,-,-,6.94,2,3,0.7,0.8,0.6,0.1,0.5,0.8,3,0.8,37.7,88.8,-,0.8,0.2
6,"77Shkodran MustafiArsenal, 30, D(CR)","Shkodran Mustafi Arsenal, 30, D(CR)",13(2),1206,1.1,1.2,0.9,0.3,4.7,0.4,0.4,-,6.94,-,1,0.7,0.2,0.2,-,0.1,0.3,1,0.2,56.3,81.9,0.1,3.2,-
7,"78John EganSheff Utd, 29, D(C)","John Egan Sheff Utd, 29, D(C)",36,3189,1.2,1.6,0.9,0.4,4.6,0.6,0.8,-,6.93,2,-,0.8,-,0.6,-,-,0.4,-,-,35.8,80.2,-,3.1,-
8,"79Jack O'ConnellSheff Utd, 28, D(C)","Jack O'Connell Sheff Utd, 28, D(C)",32(1),2915,0.7,1.3,0.6,0.4,4.4,0.3,0.5,-,6.93,-,1,0.4,0.5,0.5,0.1,0.3,0.6,1,0.5,47.2,73.5,0.3,3.8,-
9,"80Jordan AyewCrystal Palace, 30, AM(CLR),FW","Jordan Ayew Crystal Palace, 30, AM(CLR),FW",37,3162,1.3,0.4,1.6,-,0.5,0.9,0.1,-,6.93,9,2,1.6,0.8,2.8,0.2,2.6,3.1,2,0.8,22.0,81.3,-,0.5,0.1
0,"61John McGinnAston Villa, 27, M(C)","John McGinn Aston Villa, 27, M(C)",27(1),2318,1.9,0.9,1.3,-,0.5,1.5,-,-,7.0,3,3,2,1.3,2.4,-,1.8,1.5,3,1.3,25.4,81.4,0.5,2.9,-
1,"62Aymeric LaporteMan City, 27, D(CL)","Aymeric Laporte Man City, 27, D(CL)",14(1),1104,0.9,1.3,0.6,0.7,1.7,0.3,0.3,-,7.0,1,-,0.3,0.2,0.6,-,0.1,0.1,-,0.2,76.5,92.5,-,3.9,-
2,"63Japhet TangangaTottenham, 23, D(CR)","Japhet Tanganga Tottenham, 23, D(CR)",6,526,2.8,1.8,1.3,0.3,4.8,1.2,1,-,7.0,-,-,0.5,0.2,0.7,-,0.8,2.2,-,0.2,33.5,81.1,-,1.0,-
3,"64Jarrod BowenWest Ham, 25, AM(CLR),FW","Jarrod Bowen West Ham, 25, AM(CLR),FW",11(2),922,1.5,1.2,0.3,-,0.3,1,-,-,6.99,1,4,1.8,1.2,1.5,0.1,1.1,1.5,4,1.2,16.4,77.0,1.2,1.0,-
4,"65Matt DohertyWolves, 30, D(LR),M(LR)","Matt Doherty Wolves, 30, D(LR),M(LR)",32(4),2841,1.5,1.1,0.8,0.1,1.3,0.4,0.1,-,6.99,4,3,1,0.6,0.5,0.1,0.4,1.3,3,0.6,41.0,74.9,0.2,1.3,-
5,"66Hugo LlorisTottenham, 35, GK","Hugo Lloris Tottenham, 35, GK",21,1808,-,-,-,-,0.6,-,-,-,6.98,-,-,-,-,-,-,-,-,-,-,22.6,67.1,-,5.8,-
6,"67Wilfried ZahaCrystal Palace, 29, AM(LR),FW","Wilfried Zaha Crystal Palace, 29, AM(LR),FW",37(1),3280,1.1,0.5,1.3,-,0.1,1,0.1,-,6.98,4,3,1.6,0.9,3.2,0.4,3.9,3.4,3,0.9,28.8,81.1,0.5,0.7,-
7,"68Chris BashamSheff Utd, 33, D(CR),M(CR)","Chris Basham Sheff Utd, 33, D(CR),M(CR)",38,3255,2.2,2,0.7,0.3,4.4,0.9,0.4,-,6.98,-,1,0.2,0.3,0.8,0.1,0.2,0.9,1,0.3,34.6,74.7,0.2,1.8,-
8,"69Jonjo ShelveyNewcastle, 30, M(C)","Jonjo Shelvey Newcastle, 30, M(C)",25(1),2124,1.1,0.9,0.7,-,1.3,1.2,0.2,-,6.97,6,2,1.7,1.7,0.2,-,0.4,0.9,2,1.7,40.2,76.9,0.8,5.5,0.1
9,"70Lucas MouraTottenham, 29, AM(CLR),FW","Lucas Moura Tottenham, 29, AM(CLR),FW",25(10),2249,1.6,0.4,0.9,-,0.7,1.2,0.1,-,6.96,4,4,1.6,1,1.8,0.1,2.1,1.7,4,1,22.1,73.5,0.1,0.3,0.1
0,"51Dwight McNeilBurnley, 22, M(LR)","Dwight McNeil Burnley, 22, M(LR)",38,3345,1.2,0.8,0.8,-,0.7,1.3,0.2,-,7.06,2,6,1.3,1.4,1,-,1.7,1.5,6,1.4,27.1,79.1,1.8,1.5,-
1,"52Diego RicoBournemouth, 29, D(CL),M(L)","Diego Rico Bournemouth, 29, D(CL),M(L)",27,2336,2.3,3.1,0.7,0.2,2.2,1.1,0.3,-,7.06,-,4,0.4,1.2,0.8,0.1,0.8,1,4,1.2,40.2,67.3,1.6,2.1,0.1
2,"53Troy DeeneyWatford, 33, FW","Troy Deeney Watford, 33, FW",26(1),2234,0.7,0.4,1.4,-,1.0,0.9,-,-,7.05,10,2,1.7,1.1,1.3,0.4,1,1.9,2,1.1,26.3,54.2,-,0.3,-
3,"54Çaglar SöyüncüLeicester, 25, D(C)","Çaglar Söyüncü Leicester, 25, D(C)",34,3037,1.8,1.3,0.9,0.6,4.4,0.6,0.6,-,7.04,1,1,0.5,0.1,0.6,-,0.1,0.5,1,0.1,68.2,89.6,-,3.3,-
4,"55Bernardo SilvaMan City, 27, M(CLR),FW","Bernardo Silva Man City, 27, M(CLR),FW",23(11),2031,1.1,0.7,0.7,-,0.4,0.9,-,-,7.03,6,7,1.5,1.5,0.6,0.1,0.6,0.7,7,1.5,40.4,90.2,0.5,1.1,-
5,"56Pierre-Emerick AubameyangArsenal, 32, M(CLR),FW","Pierre-Emerick Aubameyang Arsenal, 32, M(CLR),FW",35(1),3139,0.9,0.4,0.4,-,0.4,1.1,-,-,7.03,22,3,2.6,0.7,0.6,0.6,0.9,1.6,3,0.7,22.7,72.2,0.6,0.3,-
6,"57Emiliano MartínezArsenal, 29, GK","Emiliano Martínez Arsenal, 29, GK",8(1),770,-,-,-,-,0.2,-,-,-,7.02,-,-,-,-,-,-,-,-,-,-,27.2,67.3,-,3.7,-
7,"58João MoutinhoWolves, 35, M(C)","João Moutinho Wolves, 35, M(C)",34(4),3108,2.4,1.3,1.1,-,0.5,2.4,0.3,-,7.01,1,6,0.6,2,0.7,0.1,0.6,0.5,6,2,48.4,85.5,1.8,4.0,0.1
8,"59Declan RiceWest Ham, 23, D(C),DMC","Declan Rice West Ham, 23, D(C),DMC",38,3420,3.1,2,1.1,-,1.3,1.3,0.2,-,7.01,1,3,0.8,0.6,0.2,0.1,0.6,0.7,3,0.6,45.6,86.0,0.3,3.4,-
9,"60Nemanja MaticMan Utd, 33, DMC","Nemanja Matic Man Utd, 33, DMC",18(3),1613,2.2,1,1.3,-,1.2,1.1,0.4,-,7.0,-,2,0.3,0.7,0.9,-,0.8,0.9,2,0.7,60.2,87.0,0.1,2.2,-
0,"41Harry MaguireMan Utd, 29, D(C)","Harry Maguire Man Utd, 29, D(C)",38,3450,1.0,1.9,0.9,0.4,4.1,0.4,0.6,-,7.12,1,1,0.8,0.4,0.6,0.2,0.2,0.3,1,0.4,66.3,86.7,-,4.4,-
1,"42Danny IngsSouthampton, 29, AM(C),FW","Danny Ings Southampton, 29, AM(C),FW",32(6),2815,1.1,0.2,0.9,-,0.6,1.4,0.1,-,7.12,22,2,2.4,0.9,0.7,0.3,1.3,1.8,2,0.9,16.9,62.7,0.2,0.5,-
2,"43Andrew RobertsonLiverpool, 28, D(L),M(L)","Andrew Robertson Liverpool, 28, D(L),M(L)",34(2),3114,1.5,1.1,0.5,0.5,1.6,0.9,0.2,-,7.11,2,12,0.6,1.7,0.4,0.1,0.3,1.4,12,1.7,69.2,83.7,1.1,2.3,-
3,"44Dejan LovrenLiverpool, 32, D(C)","Dejan Lovren Liverpool, 32, D(C)",9(1),777,1.3,1.0,0.4,1.7,4.1,0.5,0.6,-,7.09,-,1,0.5,0.1,0.8,-,-,0.1,1,0.1,68.0,83.2,-,2.8,0.1
4,"45RodriMan City, 25, DMC","Rodri Man City, 25, DMC",29(6),2488,1.4,0.7,1.2,0.1,0.9,1.1,0.1,-,7.09,3,2,0.7,1.0,0.9,-,0.8,0.6,2,1.0,73.7,92.9,0.1,4.9,0.1
5,"46Sébastien HallerWest Ham, 27, FW","Sébastien Haller West Ham, 27, FW",24(8),2263,0.7,0.3,1.4,-,0.8,0.8,0.2,-,7.08,7,1,1.8,0.8,1.2,0.6,1.1,1.9,1,0.8,24.0,65.8,-,0.4,-
6,"47Emiliano BuendíaNorwich, 25, M(CLR)","Emiliano Buendía Norwich, 25, M(CLR)",28(8),2465,2.3,0.6,1.0,-,0.7,2.2,0.1,-,7.08,1,7,1.1,2.3,1.5,0.1,2.2,2.3,7,2.3,39.1,80.0,1.1,2.5,0.3
7,"48Luke ThomasLeicester, 20, D(L),M(L)","Luke Thomas Leicester, 20, D(L),M(L)",3,268,0.3,1.0,0.3,1.3,2.3,1.0,-,-,7.07,-,1,-,3.3,1.0,-,1,2.3,1,3.3,51.0,77.8,3,2.0,-
8,"49Nicolas PépéArsenal, 26, AM(LR),FW","Nicolas Pépé Arsenal, 26, AM(LR),FW",22(9),2016,1.0,0.3,0.5,-,0.1,0.3,0.1,-,7.06,5,6,1.6,1.3,1.2,0.1,1.7,2.0,6,1.3,22.8,81.4,0.9,0.5,0.1
9,"50Serge AurierTottenham, 29, D(CLR),M(R)","Serge Aurier Tottenham, 29, D(CLR),M(R)",31(2),2706,2.8,1.4,1.2,0.2,2.5,0.9,0.2,1,7.06,1,5,0.4,1.0,0.7,0.2,0.8,1.6,5,1.0,38.8,79.1,0.6,1.0,-
0,"31James TarkowskiBurnley, 29, D(C)","James Tarkowski Burnley, 29, D(C)",38,3420,1.7,1.7,1.3,0.4,5.3,0.6,1.2,-,7.19,2,2,0.6,0.4,0.8,0.1,0.1,0.4,2,0.4,35.5,70.8,-,2.8,-
1,"32Paul PogbaMan Utd, 29, M(CL)","Paul Pogba Man Utd, 29, M(CL)",13(3),1205,1.3,0.4,1.6,-,0.6,0.5,0.3,-,7.18,1,3,1.4,1.9,1.1,0.1,2.0,1.2,3,1.9,64.6,85.5,0.1,5.9,0.4
2,"33Christian PulisicChelsea, 23, M(CLR),FW","Christian Pulisic Chelsea, 23, M(CLR),FW",19(6),1727,0.9,0.2,0.6,-,0.3,0.7,-,-,7.18,9,4,2.5,1.2,1.2,0.1,2.5,2.1,4,1.2,26.7,79.9,0.2,0.8,-
3,"34Sergio AgüeroMan City, 33, AM(CL),FW","Sergio Agüero Man City, 33, AM(CL),FW",18(6),1460,0.3,0.1,0.4,-,0.1,0.3,-,-,7.16,16,3,3.2,0.8,0.4,0.3,1.3,1.4,3,0.8,14.8,80.5,-,-,-
4,"35Lucas DigneEverton, 28, D(CL),M(L)","Lucas Digne Everton, 28, D(CL),M(L)",35,3035,2.1,1.2,1.2,0.2,2.7,1.0,0.3,1,7.16,-,7,0.8,2.1,0.8,0.1,0.7,0.8,7,2.1,39.3,74.2,2.1,1.8,0.1
5,"36James Ward-ProwseSouthampton, 27, M(CR)","James Ward-Prowse Southampton, 27, M(CR)",38,3420,2.4,1.6,1.5,0.1,1.9,1.4,0.4,-,7.15,5,3,1.5,1.6,1.1,-,0.6,0.7,3,1.6,43.8,80.9,1.5,2.1,-
6,"37Jordan HendersonLiverpool, 31, D(C),M(CLR)","Jordan Henderson Liverpool, 31, D(C),M(CLR)",26(4),2244,2.1,1.0,1.0,0.1,0.6,1.1,0.1,-,7.15,4,5,0.7,0.9,0.4,-,0.2,0.8,5,0.9,61.9,84.5,0.3,4.2,0.1
7,"38Tomas SoucekWest Ham, 27, DMC","Tomas Soucek West Ham, 27, DMC",12(1),1041,2.2,1.7,0.8,-,2.6,1.0,0.1,1,7.14,3,-,1.5,0.4,0.7,-,0.1,0.8,-,0.4,30.3,70.1,-,1.2,-
8,"39Roberto FirminoLiverpool, 30, M(CLR),FW","Roberto Firmino Liverpool, 30, M(CLR),FW",34(4),3003,1.0,0.2,0.8,0.1,0.3,0.9,0.1,-,7.14,9,8,2.6,1.4,0.4,0.2,1.0,2.4,8,1.4,30.6,79.6,0.1,0.7,-
9,"40César AzpilicuetaChelsea, 32, D(CLR),M(R)","César Azpilicueta Chelsea, 32, D(CLR),M(R)",36,3230,2.4,1.9,1.1,0.1,2.3,0.9,0.6,-,7.12,2,6,0.8,1.3,0.4,0.1,0.4,0.8,6,1.3,67.6,80.7,0.8,2.2,-
0,"21Raúl JiménezWolves, 31, FW","Raúl Jiménez Wolves, 31, FW",37(1),3252,0.5,0.4,1.0,-,0.8,0.7,-,-,7.25,17,6,3.1,1.3,0.9,0.5,1.8,2.9,6,1.3,26.1,72.2,0.1,1.2,0.1
1,"22Son Heung-MinTottenham, 29, M(CLR),FW","Son Heung-Min Tottenham, 29, M(CLR),FW",28(2),2487,0.8,0.6,0.6,-,0.6,1.6,-,-,7.24,11,10,2.7,1.4,0.9,0.6,1.9,2.2,10,1.4,26.6,84.7,0.4,0.7,0.2
2,"23Jack GrealishAston Villa, 26, AM(CL),FW","Jack Grealish Aston Villa, 26, AM(CL),FW",36,3234,0.8,0.6,0.9,-,0.3,0.6,0.3,-,7.23,8,6,2.0,2.5,4.6,0.1,1.6,1.9,6,2.5,38.1,84.8,0.8,2.3,0.1
3,"24Wilfred NdidiLeicester, 25, D(C),DMC","Wilfred Ndidi Leicester, 25, D(C),DMC",29(3),2674,4.0,2.5,1.8,-,1.9,1.4,0.2,-,7.23,2,1,0.8,0.5,0.8,-,0.8,1.0,1,0.5,52.2,85.1,-,2.5,-
4,"25Jamie VardyLeicester, 35, AM(L),FW","Jamie Vardy Leicester, 35, AM(L),FW",34(1),3034,0.4,0.1,0.6,-,0.6,0.1,0.1,-,7.22,23,5,2.5,0.9,0.3,0.8,0.5,1.5,5,0.9,12.6,70.6,0.2,0.2,-
5,"26João CanceloMan City, 27, D(LR),M(R)","João Cancelo Man City, 27, D(LR),M(R)",13(4),1206,2.4,1.2,1.0,0.1,0.9,0.9,0.1,-,7.21,-,-,0.9,1.0,0.5,-,0.5,0.9,-,1.0,59.4,90.4,0.4,2.2,-
6,"27Trent Alexander-ArnoldLiverpool, 23, D(R),M(R)","Trent Alexander-Arnold Liverpool, 23, D(R),M(R)",35(3),3176,1.4,1.2,0.6,0.5,1.8,1.1,0.2,-,7.2,4,13,1.2,2.3,0.2,0.1,0.3,1.2,13,2.3,64.2,76.7,2.1,5.1,-
7,"28Aaron Wan-BissakaMan Utd, 24, D(R),M(R)","Aaron Wan-Bissaka Man Utd, 24, D(R),M(R)",34(1),3102,3.7,1.9,0.6,0.4,1.7,0.6,0.4,-,7.19,-,4,0.2,0.7,0.5,-,1.3,1.0,4,0.7,47.1,81.3,0.4,1.0,-
8,"29RicharlisonEverton, 25, AM(CLR),FW","Richarlison Everton, 25, AM(CLR),FW",36,3111,1.9,0.3,1.2,-,1.1,0.8,0.1,-,7.19,13,3,2.5,0.9,2.0,0.5,2.1,2.6,3,0.9,21.9,66.6,0.1,0.6,-
9,"30Willy BolyWolves, 31, D(C)","Willy Boly Wolves, 31, D(C)",22,1980,2.6,1.8,1.1,0.1,4.7,0.8,0.5,-,7.19,-,1,0.2,0.3,0.4,-,0.2,0.5,1,0.3,44.7,80.9,-,1.8,-
0,"11Harry KaneTottenham, 28, AM(C),FW","Harry Kane Tottenham, 28, AM(C),FW",29,2590,0.6,0.2,1.3,-,1.0,0.4,0.2,-,7.33,18,2,2.8,0.9,1.5,0.7,1.1,2.3,2,0.9,19.1,66.7,0.1,0.8,0.2
1,"12Virgil van DijkLiverpool, 30, D(C)","Virgil van Dijk Liverpool, 30, D(C)",38,3420,0.6,1.1,0.4,1,4.3,0.2,0.4,-,7.32,5,1,0.8,0.2,0.7,-,0.1,0.1,1,0.2,85.8,89.1,-,5.4,0.1
2,"13Anthony MartialMan Utd, 26, AM(LR),FW","Anthony Martial Man Utd, 26, AM(LR),FW",31(1),2640,0.5,0.2,0.9,-,0.5,0.5,-,-,7.31,17,6,2.5,0.9,1.3,0.4,1.9,2.3,6,0.9,22.3,80.6,0.1,0.3,0.1
3,"14WillianChelsea, 33, AM(CLR)","Willian Chelsea, 33, AM(CLR)",29(7),2605,1.3,0.6,0.5,-,0.2,0.8,-,-,7.31,9,7,2.0,2.1,1.3,0.1,0.8,1.7,7,2.1,39.9,82.7,1.4,1.8,0.1
4,"15Marcos AlonsoChelsea, 31, D(CL),M(L)","Marcos Alonso Chelsea, 31, D(CL),M(L)",15(3),1433,1.6,1.1,0.9,0.2,1.4,1.1,0.1,-,7.3,4,2,1.7,1.4,0.8,0.1,0.6,1.8,2,1.4,50.4,82.6,1.1,1.4,0.1
5,"16Michail AntonioWest Ham, 32, D(R),M(CLR),FW","Michail Antonio West Ham, 32, D(R),M(CLR),FW",19(5),1773,0.5,0.4,1.7,-,0.2,0.4,0.1,-,7.29,10,3,2.8,1.1,1.5,0.5,1.9,3.0,3,1.1,18.6,68.4,0.4,0.4,0.1
6,"17Allan Saint-MaximinNewcastle, 25, AM(CLR),FW","Allan Saint-Maximin Newcastle, 25, AM(CLR),FW",23(3),1874,0.5,0.3,0.7,-,0.2,0.5,0.1,-,7.29,3,4,1.8,1.3,1.8,0.1,2.0,2.8,4,1.3,16.6,79.1,0.3,0.8,-
7,"18Joel MatipLiverpool, 30, D(C)","Joel Matip Liverpool, 30, D(C)",8(1),704,1.4,1.3,0.8,1,4.1,0.8,0.4,-,7.29,1,-,0.4,0.1,0.7,-,0.2,0.3,-,0.1,61.4,84.3,-,2.9,-
8,"19David SilvaMan City, 36, M(CLR),FW","David Silva Man City, 36, M(CLR),FW",22(5),1833,1.0,0.5,0.7,-,0.2,0.7,0.1,-,7.29,6,10,1.7,1.8,0.7,0.1,0.7,1.3,10,1.8,54.9,89.3,0.1,1.1,0.1
9,"20Gabriel JesusMan City, 25, AM(LR),FW","Gabriel Jesus Man City, 25, AM(LR),FW",21(13),2026,0.5,0.3,0.8,-,0.2,0.5,-,-,7.26,14,7,3.0,0.9,0.9,0.6,1.0,1.4,7,0.9,17.9,86.5,0.1,0.6,-
0,"1Kevin De BruyneMan City, 30, M(CLR),FW","Kevin De Bruyne Man City, 30, M(CLR),FW",32(3),2800,1.3,0.5,0.7,-,0.7,1.4,0.1,-,7.97,13,20,2.8,3.9,0.8,0.1,0.9,1.3,20,3.9,54.5,81.5,2.1,3.5,0.4
1,"2Bruno FernandesMan Utd, 27, M(CLR)","Bruno Fernandes Man Utd, 27, M(CLR)",14,1223,1.6,0.8,0.6,-,1.0,2.4,-,-,7.73,8,7,3.1,2.1,1.0,0.1,0.9,2.1,7,2.1,55.5,75.7,1.0,3.3,0.3
2,"3Ricardo PereiraLeicester, 28, D(LR),M(R)","Ricardo Pereira Leicester, 28, D(LR),M(R)",28,2520,4.3,1.8,1.6,0.3,2.6,1.9,0.2,-,7.5,3,2,0.6,1.0,1.3,-,1.1,1.6,2,1.0,56.1,78.9,0.3,2.1,0.1
3,"4Adama TraoréWolves, 26, M(CLR),FW","Adama Traoré Wolves, 26, M(CLR),FW",27(10),2608,0.9,0.4,1.1,-,0.4,0.4,0.1,-,7.49,4,9,1.2,1.3,2.1,0.2,1.8,2.4,9,1.3,19.2,74.4,1.2,0.2,0.1
4,"5Riyad MahrezMan City, 31, AM(CLR),FW","Riyad Mahrez Man City, 31, AM(CLR),FW",21(12),1942,0.8,0.5,0.4,-,0.2,0.8,-,-,7.48,11,9,2.2,1.8,0.9,0.4,1.0,1.4,9,1.8,33.2,90.1,0.6,1.7,0.2
5,"6Sadio ManéLiverpool, 30, AM(CLR),FW","Sadio Mané Liverpool, 30, AM(CLR),FW",31(4),2756,1.3,0.4,1.3,-,0.2,0.8,-,-,7.45,18,7,2.2,1.7,1.5,0.4,1.6,2.9,7,1.7,31.5,81.6,0.3,1.0,0.1
6,"7Mohamed SalahLiverpool, 29, AM(CLR),FW","Mohamed Salah Liverpool, 29, AM(CLR),FW",33(1),2888,0.5,0.2,0.5,-,0.1,0.5,-,-,7.4,19,10,3.9,1.8,0.5,0.6,2.0,2.6,10,1.8,28.8,76.5,0.3,0.4,0.1
7,"8Raheem SterlingMan City, 27, M(CLR),FW","Raheem Sterling Man City, 27, M(CLR),FW",30(3),2661,0.8,0.5,0.9,-,0.1,0.7,0.1,-,7.35,20,1,3.0,1.5,1.2,0.4,1.8,2.0,1,1.5,35.4,82.8,0.2,0.3,0.1
8,"9Marcus RashfordMan Utd, 24, AM(CLR),FW","Marcus Rashford Man Utd, 24, AM(CLR),FW",31,2655,0.4,0.3,0.7,-,0.5,0.5,-,-,7.35,17,7,3.1,1.1,1.5,0.4,1.1,2.1,7,1.1,30.4,77.3,0.3,1.2,0.2
9,"10James MaddisonLeicester, 25, AM(CLR)","James Maddison Leicester, 25, AM(CLR)",29(2),2629,1.9,0.3,1.2,-,0.2,1.5,-,-,7.34,6,3,2.4,2.5,2.8,0.1,0.9,1.8,3,2.5,47.5,83.0,1.9,2.3,0.2
