Player,Player.1,Apps,Mins,Goals,Assists,SpG,KeyP,Drb,Fouled,Off,Disp,UnsTch,Rating
"541Sead KolasinacArsenal, 28, D(CL),DMC,M(L)","Sead Kolasinac Arsenal, 28, D(CL),DMC,M(L)",1(1),91,-,-,-,-,-,-,-,-,-,5.72
"542Jonas LösslBrentford, 33, GK","Jonas Lössl Brentford, 33, GK",2,180,-,-,-,-,-,-,-,-,-,5.55
"543Jed SteerAston Villa, 29, GK","Jed Steer Aston Villa, 29, GK",1,90,-,-,-,-,-,-,-,-,-,5.46
"531Cenk TosunEverton, 30, FW","Cenk Tosun Everton, 30, FW",0(1),6,-,-,-,-,-,-,-,-,1,5.96
"532Jaden Philogene-BidaceAston Villa, 20, AM(L)","Jaden Philogene-Bidace Aston Villa, 20, AM(L)",0(1),4,-,-,-,-,-,1,-,3,-,5.95
"533Folarin BalogunArsenal, 20, FW","Folarin Balogun Arsenal, 20, FW",1(1),70,-,-,1.5,-,-,0.5,0.5,-,2,5.95
"534Morgan Gibbs-WhiteWolves, 22, AM(CR),FW","Morgan Gibbs-White Wolves, 22, AM(CR),FW",0(2),7,-,-,1,-,-,-,-,-,-,5.94
"535Evan FergusonBrighton, 17, Forward","Evan Ferguson Brighton, 17, Forward",0(1),22,-,-,-,-,-,-,-,-,1,5.93
"536Keinan DavisAston Villa, 24, FW","Keinan Davis Aston Villa, 24, FW",0(1),11,-,-,-,-,-,1,-,1,2,5.92
"537Liam McCarronLeeds, 21, Midfielder","Liam McCarron Leeds, 21, Midfielder",0(1),9,-,-,-,-,-,-,-,-,-,5.91
"538Lewis BateLeeds, 19, Midfielder","Lewis Bate Leeds, 19, Midfielder",1(2),147,-,-,0.3,-,0.3,0.3,-,0.7,3,5.82
"539Freddie WoodmanNewcastle, 25, GK","Freddie Woodman Newcastle, 25, GK",4,360,-,-,-,-,-,-,-,-,-,5.81
"540Hannibal MejbriMan Utd, 19, Midfielder","Hannibal Mejbri Man Utd, 19, Midfielder",0(1),6,-,-,-,-,-,-,-,-,1,5.73
"521Alex KrálWest Ham, 24, DMC","Alex Král West Ham, 24, DMC",0(1),1,-,-,-,-,-,-,-,-,-,6.0
"522Daniel ChestersWest Ham, 20, Midfielder","Daniel Chesters West Ham, 20, Midfielder",0(1),1,-,-,-,-,-,-,-,-,-,6.0
"523Hélder CostaLeeds, 28, AM(CLR)","Hélder Costa Leeds, 28, AM(CLR)",0(1),20,-,-,1,-,-,2,-,-,1,6.0
"524Moise KeanEverton, 22, AM(L),FW","Moise Kean Everton, 22, AM(L),FW",0(1),1,-,-,-,-,-,-,-,1,-,6.0
"525Nohan KennehLeeds, 19, Midfielder","Nohan Kenneh Leeds, 19, Midfielder",1,1,-,-,-,-,-,-,-,-,-,6.0
"526Wesley MoraesAston Villa, 25, FW","Wesley Moraes Aston Villa, 25, FW",0(1),1,-,-,-,-,-,-,-,-,-,6.0
"527Stuart McKinstryLeeds, 19, Midfielder","Stuart McKinstry Leeds, 19, Midfielder",0(1),3,-,-,-,-,-,-,-,-,-,5.99
"528Lewis DobbinEverton, 19, Forward","Lewis Dobbin Everton, 19, Forward",0(3),30,-,-,-,-,-,0.3,-,0.3,0.3,5.99
"529Nathan FergusonCrystal Palace, 21, D(LR)","Nathan Ferguson Crystal Palace, 21, D(LR)",0(1),8,-,-,-,-,-,-,-,-,-,5.98
"530Nathan Young-CoombesBrentford, 19, Forward","Nathan Young-Coombes Brentford, 19, Forward",0(1),3,-,-,-,-,-,-,-,-,1,5.98
"511EmersonChelsea, 27, D(L),M(L)","Emerson Chelsea, 27, D(L),M(L)",0(1),4,-,-,-,-,-,-,-,-,-,6.03
"512TrézéguetAston Villa, 27, AM(LR)","Trézéguet Aston Villa, 27, AM(LR)",0(1),10,-,-,1,-,1,-,-,-,2,6.03
"513Dwight GayleNewcastle, 32, AM(LR),FW","Dwight Gayle Newcastle, 32, AM(LR),FW",0(8),34,-,-,0.3,0.3,-,0.3,-,-,0.1,6.02
"514Tyler OnyangoEverton, 19, Midfielder","Tyler Onyango Everton, 19, Midfielder",0(3),27,-,-,0.3,-,-,-,-,-,-,6.02
"515Cameron ArcherAston Villa, 20, FW","Cameron Archer Aston Villa, 20, FW",0(3),24,-,-,0.3,-,-,-,-,0.7,0.3,6.02
"516John RuddyWolves, 35, GK","John Ruddy Wolves, 35, GK",1,90,-,-,-,-,-,-,-,-,-,6.01
"517Kasey McAteerLeicester, 20, Midfielder","Kasey McAteer Leicester, 20, Midfielder",0(1),2,-,-,-,-,-,-,-,-,1,6.01
"518Dominic ThompsonBrentford, 21, D(L),M(L)","Dominic Thompson Brentford, 21, D(L),M(L)",2,148,-,-,0.5,-,-,-,-,-,1,6.01
"519Jeremy SarmientoBrighton, 19, Forward","Jeremy Sarmiento Brighton, 19, Forward",1(4),45,-,-,-,-,0.2,0.4,-,0.2,0.8,6.0
"520Alejandro GarnachoMan Utd, 17, Midfielder","Alejandro Garnacho Man Utd, 17, Midfielder",0(1),1,-,-,-,-,-,-,-,-,-,6.0
"501Jesurun Rak-SakyiCrystal Palace, 19, Midfielder","Jesurun Rak-Sakyi Crystal Palace, 19, Midfielder",0(1),14,-,-,-,-,-,-,-,1,-,6.06
"502Christos TzolisNorwich, 20, AM(L)","Christos Tzolis Norwich, 20, AM(L)",3(11),330,-,-,0.4,0.6,-,0.3,0.1,0.3,0.7,6.06
"503Mads BidstrupBrentford, 21, Midfielder","Mads Bidstrup Brentford, 21, Midfielder",0(4),38,-,-,-,-,-,-,-,0.3,0.5,6.06
"504Ozan TufanWatford, 27, D(R),M(CR)","Ozan Tufan Watford, 27, D(R),M(CR)",4(3),338,-,-,0.4,0.6,0.4,-,-,0.4,0.7,6.06
"505Ashley FletcherWatford, 26, AM(CL),FW","Ashley Fletcher Watford, 26, AM(CL),FW",0(3),28,-,-,0.7,-,-,-,-,0.3,0.3,6.05
"506Bali MumbaNorwich, 20, M(R)","Bali Mumba Norwich, 20, M(R)",0(1),45,-,-,-,-,-,-,-,-,-,6.05
"507Anwar El GhaziEverton, 27, AM(LR),FW","Anwar El Ghazi Everton, 27, AM(LR),FW",0(2),11,-,-,-,-,-,-,-,-,0.5,6.05
"508Jürgen LocadiaBrighton, 28, AM(LR),FW","Jürgen Locadia Brighton, 28, AM(LR),FW",0(1),22,-,-,1,-,-,1,-,1,1,6.04
"509Reiss NelsonArsenal, 22, M(LR)","Reiss Nelson Arsenal, 22, M(LR)",0(1),19,-,-,1,1,-,-,-,-,-,6.04
"510Cody DramehLeeds, 20, D(R)","Cody Drameh Leeds, 20, D(R)",1(2),126,-,-,-,0.3,0.7,-,-,-,1.7,6.03
"491Ryan BertrandLeicester, 32, D(CL),M(L)","Ryan Bertrand Leicester, 32, D(CL),M(L)",4,338,-,-,-,-,-,0.3,-,1,1.5,6.1
"492Aaron ConnollyBrighton, 22, FW","Aaron Connolly Brighton, 22, FW",1(3),155,-,-,0.5,0.3,-,1.5,-,0.5,0.5,6.1
"493Joe RodonTottenham, 24, D(C)","Joe Rodon Tottenham, 24, D(C)",0(3),87,-,-,-,-,-,0.3,-,-,-,6.09
"494KaykyMan City, 18, Forward","Kayky Man City, 18, Forward",0(1),6,-,-,-,-,-,-,-,-,1,6.09
"495Theo WalcottSouthampton, 33, M(CLR),FW","Theo Walcott Southampton, 33, M(CLR),FW",5(4),381,-,-,0.7,0.1,0.1,0.7,0.2,0.1,1.1,6.09
"496Fábio SilvaWolves, 19, FW","Fábio Silva Wolves, 19, FW",6(16),565,-,-,0.9,0.1,0.3,0.3,0.2,0.6,0.8,6.09
"497Kaide GordonLiverpool, 17, Forward","Kaide Gordon Liverpool, 17, Forward",0(1),8,-,-,1,-,-,-,-,1,-,6.08
"498Sonny PerkinsWest Ham, 18, Midfielder","Sonny Perkins West Ham, 18, Midfielder",0(1),3,-,-,-,-,-,-,-,-,-,6.08
"499Jean-Philippe GbaminEverton, 26, D(CR),DMC","Jean-Philippe Gbamin Everton, 26, D(CR),DMC",1(2),67,-,-,-,-,0.7,0.3,-,0.7,0.7,6.07
"500Christoph ZimmermannNorwich, 29, D(C)","Christoph Zimmermann Norwich, 29, D(C)",2,104,-,-,0.5,-,0.5,1,-,-,-,6.07
"481Bryan GilTottenham, 21, AM(CLR)","Bryan Gil Tottenham, 21, AM(CLR)",0(9),86,-,-,0.1,0.2,0.4,0.4,-,0.2,0.7,6.15
"482Josh DasilvaBrentford, 23, M(C)","Josh Dasilva Brentford, 23, M(C)",2(6),220,-,-,0.1,0.4,0.9,0.4,-,0.5,0.4,6.15
"483Taylor RichardsBrighton, 21, AM(C)","Taylor Richards Brighton, 21, AM(C)",0(2),23,-,-,0.5,0.5,-,0.5,-,-,-,6.14
"484Chem CampbellWolves, 19, Forward","Chem Campbell Wolves, 19, Forward",0(1),12,-,-,-,-,-,-,-,-,-,6.13
"485James McAteeMan City, 19, Midfielder","James McAtee Man City, 19, Midfielder",0(2),19,-,-,0.5,-,0.5,-,-,1,0.5,6.13
"486Calum ChambersArsenal, 27, D(CR),DMC","Calum Chambers Arsenal, 27, D(CR),DMC",2,171,-,-,1,0.5,-,0.5,-,0.5,0.5,6.13
"487Tony SpringettNorwich, 19, Midfielder","Tony Springett Norwich, 19, Midfielder",1(1),112,-,-,0.5,1,0.5,1,-,1.5,1,6.13
"488Tyler MortonLiverpool, 19, M(C)","Tyler Morton Liverpool, 19, M(C)",1(1),66,-,-,-,-,-,-,-,-,1,6.13
"489Jairo RiedewaldCrystal Palace, 25, D(CL),DMC","Jairo Riedewald Crystal Palace, 25, D(CL),DMC",1(2),117,-,-,-,0.7,0.3,-,-,0.3,0.3,6.12
"490Lewis BruntLeicester, 21, Midfielder","Lewis Brunt Leicester, 21, Midfielder",0(1),23,-,-,-,-,1,-,-,2,1,6.12
"471Salomón RondónEverton, 32, FW","Salomón Rondón Everton, 32, FW",8(12),783,1,1,1.1,0.4,0.2,0.2,0.3,0.5,1.3,6.19
"472Axel TuanzebeAston Villa, 24, D(CR)","Axel Tuanzebe Aston Villa, 24, D(CR)",6(3),506,-,-,0.2,-,-,0.3,-,-,0.3,6.18
"473André GomesEverton, 28, M(CLR)","André Gomes Everton, 28, M(CLR)",7(7),619,-,1,1,0.3,0.9,0.6,-,1.1,1.5,6.17
"474Ashley BarnesBurnley, 32, AM(CL),FW","Ashley Barnes Burnley, 32, AM(CL),FW",7(15),713,1,-,0.7,0.3,0.2,0.5,0.4,1,1.5,6.17
"475Harrison AshbyWest Ham, 20, Defender","Harrison Ashby West Ham, 20, Defender",0(1),6,-,-,-,-,-,-,-,-,-,6.17
"476Jonathan RoweNorwich, 19, Forward","Jonathan Rowe Norwich, 19, Forward",0(13),211,-,1,0.2,0.4,0.3,0.5,0.1,0.8,0.5,6.17
"477Dale StephensBurnley, 32, M(C)","Dale Stephens Burnley, 32, M(C)",1(2),123,-,-,0.3,0.3,-,-,-,-,0.7,6.17
"478Andriy YarmolenkoWest Ham, 32, AM(CR),FW","Andriy Yarmolenko West Ham, 32, AM(CR),FW",1(17),295,1,-,0.6,0.2,0.2,0.2,0.2,0.1,0.2,6.16
"479Ryan FredericksWest Ham, 29, D(R),M(R)","Ryan Fredericks West Ham, 29, D(R),M(R)",3(4),304,-,-,-,0.3,-,0.1,-,0.1,0.3,6.15
"480Marcus ForssBrentford, 22, FW","Marcus Forss Brentford, 22, FW",1(6),203,-,1,0.7,0.1,0.1,0.1,-,0.1,1.3,6.15
"461Karl DarlowNewcastle, 31, GK","Karl Darlow Newcastle, 31, GK",8,720,-,-,-,-,-,0.3,-,-,-,6.22
"462Ayoze PérezLeicester, 28, AM(CLR),FW","Ayoze Pérez Leicester, 28, AM(CLR),FW",6(7),417,-,3,0.7,0.8,0.7,0.5,-,0.9,1.2,6.22
"463Ellis SimmsEverton, 21, FW","Ellis Simms Everton, 21, FW",1,62,-,-,-,-,-,-,-,1,1,6.21
"464Jarrad BranthwaiteEverton, 19, D(C)","Jarrad Branthwaite Everton, 19, D(C)",3(2),298,1,-,0.6,-,-,0.6,-,0.2,0.8,6.21
"465Carney ChukwuemekaAston Villa, 18, Midfielder","Carney Chukwuemeka Aston Villa, 18, Midfielder",2(10),295,-,1,0.3,0.2,0.5,0.8,-,0.5,0.8,6.2
"466Mads Bech SørensenBrentford, 23, D(CL)","Mads Bech Sørensen Brentford, 23, D(CL)",8(2),764,-,-,0.2,0.5,-,0.3,-,-,0.2,6.2
"467Dane ScarlettTottenham, 18, Forward","Dane Scarlett Tottenham, 18, Forward",0(1),3,-,-,-,-,1,-,-,-,-,6.2
"468Przemyslaw PlachetaNorwich, 24, AM(LR)","Przemyslaw Placheta Norwich, 24, AM(LR)",6(6),506,-,-,0.7,0.3,0.8,0.5,-,0.9,0.6,6.2
"469Troy DeeneyWatford, 33, FW","Troy Deeney Watford, 33, FW",0(2),23,-,-,1,0.5,-,-,-,-,0.5,6.19
"470Charlie CresswellLeeds, 19, Defender","Charlie Cresswell Leeds, 19, Defender",1(4),131,-,-,0.2,-,-,-,0.2,-,0.2,6.19
"451Samuel KaluWatford, 24, M(LR)","Samuel Kalu Watford, 24, M(LR)",2(2),222,-,-,1,0.3,1,1,0.8,1.3,1.8,6.25
"452Nathan TellaSouthampton, 22, AM(LR),FW","Nathan Tella Southampton, 22, AM(LR),FW",10(4),811,-,1,0.9,0.5,0.7,1.6,0.2,1.6,2.9,6.25
"453Willy CaballeroSouthampton, 40, GK","Willy Caballero Southampton, 40, GK",2,180,-,-,-,-,-,-,-,-,-,6.25
"454Ciaran ClarkNewcastle, 32, D(CL)","Ciaran Clark Newcastle, 32, D(CL)",12(1),1015,-,1,0.5,0.3,0.3,0.4,0.1,0.2,0.2,6.24
"455Kieran DowellNorwich, 24, AM(CLR)","Kieran Dowell Norwich, 24, AM(CLR)",10(8),852,1,1,0.4,0.9,0.4,0.2,-,0.8,0.7,6.24
"456Jesse LingardMan Utd, 29, AM(CLR),FW","Jesse Lingard Man Utd, 29, AM(CLR),FW",2(14),356,2,-,0.5,0.5,0.1,0.3,0.1,0.3,0.8,6.24
"457Todd CantwellNorwich, 24, AM(CLR)","Todd Cantwell Norwich, 24, AM(CLR)",5(3),441,-,-,0.6,0.3,0.6,1.5,0.3,1,1.9,6.23
"458Crysencio SummervilleLeeds, 20, AM(R)","Crysencio Summerville Leeds, 20, AM(R)",0(6),126,-,-,0.3,0.3,0.7,0.2,-,0.3,0.7,6.23
"459Moussa DjenepoSouthampton, 23, AM(LR)","Moussa Djenepo Southampton, 23, AM(LR)",5(6),437,-,-,0.9,0.5,1.1,0.9,-,0.8,2.1,6.22
"460Nikola VlasicWest Ham, 24, AM(CLR),FW","Nikola Vlasic West Ham, 24, AM(CLR),FW",6(13),555,1,-,0.4,0.5,0.5,0.8,0.2,0.5,0.6,6.22
"441Eric BaillyMan Utd, 28, D(CR)","Eric Bailly Man Utd, 28, D(CR)",3(1),218,-,-,-,-,-,-,-,0.3,0.8,6.28
"442Ben FosterWatford, 39, GK","Ben Foster Watford, 39, GK",26,2340,-,1,-,-,-,0.2,-,-,-,6.27
"443Kevin LongBurnley, 31, D(C)","Kevin Long Burnley, 31, D(C)",3(2),318,-,-,0.8,-,-,0.4,-,-,0.4,6.27
"444Mads RoerslevBrentford, 22, D(R),M(R)","Mads Roerslev Brentford, 22, D(R),M(R)",12(9),1235,1,1,0.2,0.3,0.2,0.4,0.1,0.2,0.4,6.27
"445Dan GoslingWatford, 32, M(C)","Dan Gosling Watford, 32, M(C)",2(1),157,-,-,0.3,0.3,0.7,1.7,-,0.3,0.7,6.27
"446William Troost-EkongWatford, 28, D(C)","William Troost-Ekong Watford, 28, D(C)",15(2),1388,-,-,0.1,0.1,0.1,0.1,0.1,-,0.3,6.27
"447William SmallboneSouthampton, 22, M(R)","William Smallbone Southampton, 22, M(R)",2(1),133,-,-,0.3,0.3,-,0.3,-,-,1,6.26
"448Lukas RuppNorwich, 31, M(CR)","Lukas Rupp Norwich, 31, M(CR)",7(11),745,-,-,0.7,0.5,1,0.4,-,1.1,1.1,6.25
"449Steven BergwijnTottenham, 24, AM(CLR),FW","Steven Bergwijn Tottenham, 24, AM(CLR),FW",4(20),534,3,1,0.8,0.3,0.4,0.4,-,0.5,1.2,6.25
"450Mark NobleWest Ham, 35, M(C)","Mark Noble West Ham, 35, M(C)",3(7),318,1,-,0.2,-,0.3,0.4,-,0.3,-,6.25
"431Tom DaviesEverton, 23, M(C)","Tom Davies Everton, 23, M(C)",1(4),155,1,-,1.2,-,0.2,0.6,-,0.2,0.8,6.3
"432Donny van de BeekMan Utd, 25, M(C)","Donny van de Beek Man Utd, 25, M(C)",0(8),69,1,-,0.3,0.4,0.1,0.3,-,0.4,0.4,6.3
"433Jonjoe KennyEverton, 25, D(R),M(R)","Jonjoe Kenny Everton, 25, D(R),M(R)",10(4),927,-,1,0.4,0.7,0.3,0.3,0.1,0.2,0.6,6.3
"434Giovani Lo CelsoTottenham, 26, M(CR),FW","Giovani Lo Celso Tottenham, 26, M(CR),FW",2(7),233,-,-,1.0,0.6,1.0,0.7,0.1,0.3,1.2,6.3
"435Aaron LennonBurnley, 35, M(LR)","Aaron Lennon Burnley, 35, M(LR)",17(10),1531,2,-,0.4,0.3,0.5,0.7,0.1,0.5,0.9,6.29
"436Dele AlliEverton, 26, M(CL),FW","Dele Alli Everton, 26, M(CL),FW",0(10),265,-,-,0.3,0.6,0.4,0.7,0.2,0.4,1.3,6.29
"437Joe GelhardtLeeds, 20, Forward","Joe Gelhardt Leeds, 20, Forward",4(15),667,2,2,1.2,0.5,0.8,1.2,0.2,0.8,1.4,6.29
"438Tom CleverleyWatford, 32, M(CLR)","Tom Cleverley Watford, 32, M(CLR)",19(8),1536,-,2,0.4,0.7,0.1,0.7,0.1,0.6,0.6,6.28
"439Ken SemaWatford, 28, M(CLR)","Ken Sema Watford, 28, M(CLR)",6(11),756,-,-,0.1,0.6,0.7,0.4,-,1.2,1.1,6.28
"440Bertrand TraoréAston Villa, 26, AM(R),FW","Bertrand Traoré Aston Villa, 26, AM(R),FW",1(8),213,-,-,0.9,-,1.1,0.4,0.2,0.2,1.3,6.28
"421Matej VydraBurnley, 30, AM(CL),FW","Matej Vydra Burnley, 30, AM(CL),FW",5(17),668,2,3,0.9,0.3,0.3,0.4,0.2,0.4,1.4,6.33
"422Sam GreenwoodLeeds, 20, Forward","Sam Greenwood Leeds, 20, Forward",0(6),147,-,2,0.3,0.7,0.3,0.3,0.3,-,0.2,6.33
"423Anwar El GhaziAston Villa, 27, AM(LR),FW","Anwar El Ghazi Aston Villa, 27, AM(LR),FW",4(5),383,1,1,0.9,0.6,0.4,0.6,0.2,0.8,2.4,6.33
"424Tyler RobertsLeeds, 23, AM(C),FW","Tyler Roberts Leeds, 23, AM(C),FW",7(16),979,1,1,1.3,0.7,0.5,0.9,0.1,0.6,1.1,6.32
"425Joshua SargentNorwich, 22, AM(CR),FW","Joshua Sargent Norwich, 22, AM(CR),FW",18(8),1579,2,1,0.9,0.4,0.6,0.9,0.2,1,2.0,6.32
"426Shandon BaptisteBrentford, 24, M(C)","Shandon Baptiste Brentford, 24, M(C)",9(12),885,1,-,0.6,0.4,0.9,0.5,-,0.6,1.0,6.32
"427Peter EteboWatford, 26, M(CL),FW","Peter Etebo Watford, 26, M(CL),FW",4(5),398,-,-,0.3,0.2,0.7,0.3,-,0.2,0.3,6.31
"428Anthony MartialMan Utd, 26, AM(LR),FW","Anthony Martial Man Utd, 26, AM(LR),FW",2(6),210,1,-,0.6,-,0.5,0.5,0.3,0.5,0.8,6.31
"429Nampalys MendyLeicester, 29, M(C)","Nampalys Mendy Leicester, 29, M(C)",11(2),945,-,-,0.1,0.1,0.3,1.4,-,0.6,0.9,6.31
"430Ki-Jana HoeverWolves, 20, M(R)","Ki-Jana Hoever Wolves, 20, M(R)",4(4),307,-,-,0.1,0.1,0.5,0.5,0.1,0.5,0.3,6.31
"411Adam IdahNorwich, 21, FW","Adam Idah Norwich, 21, FW",6(11),620,1,1,0.8,0.3,0.7,0.6,0.6,0.8,1.4,6.35
"412Ben GibsonNorwich, 29, D(CL)","Ben Gibson Norwich, 29, D(CL)",28,2495,-,-,0.3,0.1,0.2,0.3,-,0.1,0.2,6.35
"413Marcus RashfordMan Utd, 24, AM(CLR),FW","Marcus Rashford Man Utd, 24, AM(CLR),FW",13(12),1233,4,2,0.9,0.4,0.9,0.7,0.6,1.0,1.6,6.35
"414Ainsley Maitland-NilesArsenal, 24, D(LR),M(CLR)","Ainsley Maitland-Niles Arsenal, 24, D(LR),M(CLR)",2(6),265,-,-,0.3,0.4,0.5,0.4,-,0.6,0.5,6.35
"415Donny van de BeekEverton, 25, M(C)","Donny van de Beek Everton, 25, M(C)",5(1),431,-,-,0.7,0.3,0.5,0.2,-,1.0,0.8,6.35
"416Morgan SansonAston Villa, 27, M(CLR)","Morgan Sanson Aston Villa, 27, M(CLR)",3(7),352,-,-,0.1,0.1,1.3,1.3,-,1.0,0.5,6.34
"417Jeff HendrickNewcastle, 30, M(CR)","Jeff Hendrick Newcastle, 30, M(CR)",0(3),70,1,-,0.3,0.3,-,-,-,0.3,0.7,6.34
"418Luke CundleWolves, 20, Midfielder","Luke Cundle Wolves, 20, Midfielder",2(2),180,-,-,-,0.5,-,0.3,-,0.3,0.5,6.34
"419Adam ForshawLeeds, 30, M(C)","Adam Forshaw Leeds, 30, M(C)",17(5),1530,-,1,0.6,0.6,0.5,0.7,0.1,0.5,1.1,6.33
"420Jamal LewisNewcastle, 24, D(L),M(L)","Jamal Lewis Newcastle, 24, D(L),M(L)",4(1),263,-,-,-,0.2,-,0.4,-,1.4,0.2,6.33
"401Pedro NetoWolves, 22, AM(CLR),FW","Pedro Neto Wolves, 22, AM(CLR),FW",4(8),444,-,1,1.3,1.0,0.9,0.5,0.1,0.8,1.8,6.37
"402Mateusz KlichLeeds, 31, M(C)","Mateusz Klich Leeds, 31, M(C)",26(6),2090,1,2,1.3,1.0,0.6,0.5,0.1,0.7,1.2,6.37
"403Craig CathcartWatford, 33, D(CR)","Craig Cathcart Watford, 33, D(CR)",27(4),2396,-,1,0.1,0.1,-,0.1,-,0.1,0.2,6.37
"404Pascal StruijkLeeds, 22, D(C),DMC","Pascal Struijk Leeds, 22, D(C),DMC",22(6),2034,1,-,0.4,0.4,0.1,0.3,-,0.2,0.6,6.37
"405Christian KabaseleWatford, 31, D(C)","Christian Kabasele Watford, 31, D(C)",11(4),1101,-,-,0.5,0.1,0.1,0.2,-,0.1,0.5,6.37
"406Federico FernándezNewcastle, 33, D(C)","Federico Fernández Newcastle, 33, D(C)",5(2),522,-,-,0.9,0.1,-,0.3,-,-,0.1,6.37
"407Frank OnyekaBrentford, 24, DMC","Frank Onyeka Brentford, 24, DMC",12(8),1051,-,-,0.8,0.2,0.6,1.3,-,0.7,1.1,6.37
"408Ozan KabakNorwich, 22, D(C)","Ozan Kabak Norwich, 22, D(C)",11,925,-,-,0.4,0.2,1.5,0.9,0.1,0.5,0.4,6.36
"409Juan MataMan Utd, 34, AM(CLR)","Juan Mata Man Utd, 34, AM(CLR)",2(4),204,-,-,0.8,0.3,0.5,0.5,0.2,0.3,0.7,6.36
"410Robin KochLeeds, 25, D(C),DMC","Robin Koch Leeds, 25, D(C),DMC",16(3),1485,-,-,0.7,0.3,0.3,0.5,-,0.3,0.7,6.35
"391Billy GilmourNorwich, 20, DMC","Billy Gilmour Norwich, 20, DMC",21(3),1858,-,1,0.8,1,0.6,0.9,-,0.5,1.2,6.39
"392Jacob MurphyNewcastle, 27, D(R),M(LR)","Jacob Murphy Newcastle, 27, D(R),M(LR)",13(19),1376,1,2,0.8,0.6,0.4,0.4,0.1,0.6,0.8,6.39
"393Sean LongstaffNewcastle, 24, DMC","Sean Longstaff Newcastle, 24, DMC",14(9),1371,1,1,0.7,0.3,0.3,0.7,-,0.8,0.8,6.39
"394Saúl ÑíguezChelsea, 27, D(CL),M(CLR)","Saúl Ñíguez Chelsea, 27, D(CL),M(CLR)",4(5),390,-,-,0.2,0.2,0.1,-,-,1,0.9,6.39
"395Adam ArmstrongSouthampton, 25, AM(CLR),FW","Adam Armstrong Southampton, 25, AM(CLR),FW",16(6),1352,2,2,2.1,0.6,0.7,0.3,0.1,0.5,2,6.39
"396Ibrahima DialloSouthampton, 23, DMC","Ibrahima Diallo Southampton, 23, DMC",10(13),1019,-,2,0.3,0.7,0.7,0.7,-,0.6,0.8,6.38
"397Shane LongSouthampton, 35, AM(R),FW","Shane Long Southampton, 35, AM(R),FW",3(9),296,1,-,0.8,0.2,0.1,0.6,0.3,0.9,0.9,6.38
"398CJ Egan-RileyMan City, 19, Defender","CJ Egan-Riley Man City, 19, Defender",0(1),3,-,-,-,-,-,-,-,-,-,6.38
"399Tariqe Fosu-HenryBrentford, 26, M(CLR)","Tariqe Fosu-Henry Brentford, 26, M(CLR)",0(1),16,-,-,1,-,-,1,-,-,-,6.38
"400Takumi MinaminoLiverpool, 27, AM(CLR),FW","Takumi Minamino Liverpool, 27, AM(CLR),FW",1(10),179,3,-,0.6,0.2,0.1,0.4,-,0.5,0.2,6.38
"381Matt RitchieNewcastle, 32, D(L),M(CLR)","Matt Ritchie Newcastle, 32, D(L),M(CLR)",14(3),1334,-,2,0.6,1.6,0.2,0.5,-,0.3,0.6,6.42
"382Nicolas PépéArsenal, 26, AM(LR),FW","Nicolas Pépé Arsenal, 26, AM(LR),FW",5(14),670,1,1,1.2,0.6,0.9,0.2,0.2,0.9,1.7,6.42
"383Mathias JensenBrentford, 26, M(C)","Mathias Jensen Brentford, 26, M(C)",18(12),1544,-,1,0.6,1.1,0.5,0.2,0.1,0.5,0.9,6.42
"384Bernd LenoArsenal, 30, GK","Bernd Leno Arsenal, 30, GK",4,360,-,-,-,-,-,-,-,-,-,6.41
"385Edinson CavaniMan Utd, 35, AM(LR),FW","Edinson Cavani Man Utd, 35, AM(LR),FW",6(8),675,2,1,1.2,0.4,0.3,0.3,0.4,0.3,0.9,6.41
"386Romain PerraudSouthampton, 24, D(L),M(L)","Romain Perraud Southampton, 24, D(L),M(L)",18(2),1625,-,1,1,0.4,0.4,0.8,-,0.5,1.6,6.41
"387Cédric SoaresArsenal, 30, D(LR),M(R)","Cédric Soares Arsenal, 30, D(LR),M(R)",15(5),1397,-,-,0.5,0.9,0.4,0.3,0.2,0.6,0.8,6.41
"388Jack CorkBurnley, 32, DMC","Jack Cork Burnley, 32, DMC",19,1586,1,-,0.3,0.3,0.4,0.5,0.1,1,0.9,6.41
"389Nuno TavaresArsenal, 22, D(L)","Nuno Tavares Arsenal, 22, D(L)",12(9),1081,1,1,1,0.4,0.9,0.5,-,0.5,1.4,6.41
"390Leon BaileyAston Villa, 24, M(LR),FW","Leon Bailey Aston Villa, 24, M(LR),FW",7(11),757,1,2,1.2,0.4,0.7,0.6,0.2,1.3,1.8,6.4
"371Wayne HennesseyBurnley, 35, GK","Wayne Hennessey Burnley, 35, GK",2,180,-,-,-,1.5,-,0.5,-,-,-,6.44
"372Mohamed ElnenyArsenal, 29, DMC","Mohamed Elneny Arsenal, 29, DMC",7(6),712,-,2,0.5,0.7,-,0.4,-,0.2,0.3,6.43
"373Ezri KonsaAston Villa, 24, D(CR)","Ezri Konsa Aston Villa, 24, D(CR)",29,2482,2,-,0.5,0.1,0.2,1.2,-,0.2,0.3,6.43
"374Cole PalmerMan City, 20, Midfielder","Cole Palmer Man City, 20, Midfielder",1(3),122,-,-,1,0.5,0.3,0.3,-,0.8,1.8,6.43
"375Milot RashicaNorwich, 25, AM(CLR),FW","Milot Rashica Norwich, 25, AM(CLR),FW",24(6),2150,1,2,1.4,1.1,0.5,1.5,0.4,1.2,2.2,6.42
"376Phil JonesMan Utd, 30, D(CR),DMC","Phil Jones Man Utd, 30, D(CR),DMC",2(2),163,-,-,-,-,0.3,0.5,-,-,0.3,6.42
"377James TomkinsCrystal Palace, 33, D(CR)","James Tomkins Crystal Palace, 33, D(CR)",6(2),546,1,-,0.5,0.3,0.1,0.3,-,-,0.3,6.42
"378Boubakary SoumaréLeicester, 23, DMC","Boubakary Soumaré Leicester, 23, DMC",12(7),1102,-,1,0.3,0.3,0.7,0.9,-,0.7,1.3,6.42
"379Ashley WestwoodBurnley, 32, DMC","Ashley Westwood Burnley, 32, DMC",26(1),2290,-,3,0.5,1.2,0.4,0.8,-,0.5,1.1,6.42
"380Steven AlzateBrighton, 23, DMC,M(L)","Steven Alzate Brighton, 23, DMC,M(L)",5(4),407,-,-,0.1,0.2,0.7,0.4,-,0.3,0.9,6.42
"361Danny RoseWatford, 31, D(L),M(L)","Danny Rose Watford, 31, D(L),M(L)",7(1),689,-,-,0.5,0.6,1.1,1.8,0.1,0.1,1.3,6.44
"362Jay RodriguezBurnley, 32, AM(CLR),FW","Jay Rodriguez Burnley, 32, AM(CLR),FW",13(16),1375,2,2,1.4,0.4,0.3,0.6,0.6,0.4,1,6.44
"363Harry WinksTottenham, 26, DMC","Harry Winks Tottenham, 26, DMC",9(9),891,-,1,0.2,0.6,0.4,0.7,-,0.3,0.8,6.44
"364Daniel JamesLeeds, 24, AM(LR),FW","Daniel James Leeds, 24, AM(LR),FW",29(3),2368,4,4,1.6,0.8,0.7,1.2,0.4,0.7,1.7,6.44
"365Luka MilivojevicCrystal Palace, 31, DMC","Luka Milivojevic Crystal Palace, 31, DMC",9(6),776,-,-,0.5,0.7,0.1,0.7,-,0.2,0.2,6.44
"366Jóhann GudmundssonBurnley, 31, AM(CLR)","Jóhann Gudmundsson Burnley, 31, AM(CLR)",13(5),1105,-,1,1.1,0.4,0.8,0.8,0.2,1.1,0.8,6.44
"367Miguel AlmirónNewcastle, 28, AM(CLR),FW","Miguel Almirón Newcastle, 28, AM(CLR),FW",18(11),1632,1,-,1.1,0.6,0.9,0.8,0.3,0.8,1.3,6.44
"368Tim KrulNorwich, 34, GK","Tim Krul Norwich, 34, GK",28,2520,-,-,-,-,-,-,-,-,-,6.44
"369Max AaronsNorwich, 22, D(R)","Max Aarons Norwich, 22, D(R)",31(2),2792,-,2,0.4,0.6,1,1.5,-,0.7,1.2,6.44
"370Isaac HaydenNewcastle, 27, D(C),DMC","Isaac Hayden Newcastle, 27, D(C),DMC",12(2),1003,1,-,0.4,0.1,0.6,0.6,-,0.6,1.1,6.44
"351Jeremy NgakiaWatford, 21, D(R)","Jeremy Ngakia Watford, 21, D(R)",9(7),900,-,-,0.3,0.3,0.6,0.4,-,0.3,0.6,6.45
"352Patson DakaLeicester, 23, FW","Patson Daka Leicester, 23, FW",13(10),1163,5,3,1.1,0.6,0.1,0.6,0.3,0.8,1.8,6.45
"353Jamie ShackletonLeeds, 22, D(R),DMC","Jamie Shackleton Leeds, 22, D(R),DMC",7(7),709,-,-,0.3,0.1,0.8,0.4,-,0.1,0.4,6.45
"354Jacob SørensenNorwich, 24, D(L),DMC","Jacob Sørensen Norwich, 24, D(L),DMC",5(4),511,-,-,0.6,-,0.3,0.1,-,0.2,0.2,6.45
"355Jack ButlandCrystal Palace, 29, GK","Jack Butland Crystal Palace, 29, GK",8(1),765,-,-,-,-,-,0.2,-,-,-,6.45
"356Jakub ModerBrighton, 23, M(CL)","Jakub Moder Brighton, 23, M(CL)",19(9),1702,-,3,1,0.6,0.4,0.4,-,0.7,1.8,6.45
"357Ashley YoungAston Villa, 36, D(LR),M(LR)","Ashley Young Aston Villa, 36, D(LR),M(LR)",10(13),1239,-,2,0.4,0.6,0.4,1.4,-,0.1,0.5,6.45
"358Jannik VestergaardLeicester, 29, D(C)","Jannik Vestergaard Leicester, 29, D(C)",6(4),564,-,-,0.1,0.1,0.4,0.1,-,-,0.4,6.44
"359Kiko FemeníaWatford, 31, D(LR),M(R)","Kiko Femenía Watford, 31, D(LR),M(R)",25(1),2060,-,5,0.1,1,0.3,0.5,0.1,0.3,1.6,6.44
"360Kenny McLeanNorwich, 30, M(C)","Kenny McLean Norwich, 30, M(C)",29(2),2707,1,-,1.1,0.3,0.6,1.2,0.1,0.5,1.3,6.44
"341ZankaBrentford, 32, D(C)","Zanka Brentford, 32, D(C)",6(2),517,1,-,0.3,0.4,-,0.1,-,0.4,0.1,6.47
"342Tim IroegbunamAston Villa, 18, Midfielder","Tim Iroegbunam Aston Villa, 18, Midfielder",1(2),91,-,-,0.3,-,-,-,-,-,-,6.46
"343LyancoSouthampton, 25, D(C)","Lyanco Southampton, 25, D(C)",8(6),816,-,-,0.4,0.2,0.3,0.5,-,0.1,0.2,6.46
"344Finley StevensBrentford, 19, Defender","Finley Stevens Brentford, 19, Defender",0(1),14,-,-,-,1,-,-,-,-,-,6.46
"345Álvaro FernándezBrentford, 24, GK","Álvaro Fernández Brentford, 24, GK",12,1080,-,-,-,-,-,0.3,-,-,0.1,6.46
"346Ryan FraserNewcastle, 28, M(CLR),FW","Ryan Fraser Newcastle, 28, M(CLR),FW",18(9),1471,2,3,0.9,0.9,-,0.9,0.1,0.4,0.8,6.46
"347Tanguy NdombeleTottenham, 25, M(C)","Tanguy Ndombele Tottenham, 25, M(C)",6(3),486,1,1,1,0.4,1.2,1,-,2.2,2.2,6.46
"348Saman GhoddosBrentford, 28, AM(CLR),FW","Saman Ghoddos Brentford, 28, AM(CLR),FW",4(13),528,1,1,0.5,0.4,0.3,0.6,-,0.2,0.8,6.46
"349Issa DiopWest Ham, 25, D(C)","Issa Diop West Ham, 25, D(C)",10(3),962,-,1,0.2,0.1,-,0.4,0.1,0.1,0.2,6.46
"350Leander DendonckerWolves, 27, D(C),M(C)","Leander Dendoncker Wolves, 27, D(C),M(C)",20(9),1858,2,2,0.7,0.4,0.2,0.2,-,0.3,0.9,6.46
"331Luke AylingLeeds, 30, D(CR),M(R)","Luke Ayling Leeds, 30, D(CR),M(R)",26,2275,2,2,0.7,0.5,0.9,0.7,0.1,0.4,1.6,6.48
"332Neal MaupayBrighton, 25, AM(C),FW","Neal Maupay Brighton, 25, AM(C),FW",25(6),2231,8,2,1.9,0.7,0.6,1,0.2,1.6,1.6,6.48
"333Junior FirpoLeeds, 25, D(L),M(L)","Junior Firpo Leeds, 25, D(L),M(L)",18(5),1626,-,2,0.4,1,0.7,0.6,-,0.3,0.7,6.48
"334Marvelous NakambaAston Villa, 28, DMC","Marvelous Nakamba Aston Villa, 28, DMC",10(5),887,-,-,-,0.1,0.9,0.6,-,0.6,0.9,6.48
"335Patrick BamfordLeeds, 28, AM(CLR),FW","Patrick Bamford Leeds, 28, AM(CLR),FW",7(2),560,2,2,2.2,0.6,0.4,0.6,0.6,0.3,2,6.48
"336Javier ManquilloNewcastle, 28, D(LR),M(R)","Javier Manquillo Newcastle, 28, D(LR),M(R)",15(4),1267,1,2,0.2,0.2,0.5,0.9,0.1,0.2,0.7,6.48
"337Rob HoldingArsenal, 26, D(CR)","Rob Holding Arsenal, 26, D(CR)",8(6),750,1,-,0.3,-,-,0.2,-,0.2,0.3,6.48
"338Daniel BachmannWatford, 27, GK","Daniel Bachmann Watford, 27, GK",11,990,-,-,-,-,0.1,0.1,-,-,-,6.47
"339Nicolas NkoulouWatford, 32, D(C)","Nicolas Nkoulou Watford, 32, D(C)",2(1),168,-,-,-,0.3,0.3,-,-,0.3,-,6.47
"340Daniel AmarteyLeicester, 27, D(CR),DMC","Daniel Amartey Leicester, 27, D(CR),DMC",23(4),2112,-,-,0.1,0.1,0.2,0.3,-,-,0.3,6.47
"321Albert Sambi LokongaArsenal, 22, DMC","Albert Sambi Lokonga Arsenal, 22, DMC",12(6),1106,-,-,1.1,0.9,0.2,0.8,-,0.4,0.7,6.5
"322Pierre Lees-MelouNorwich, 28, M(CLR)","Pierre Lees-Melou Norwich, 28, M(CLR)",26(6),2202,1,-,1,0.8,0.6,0.7,0.1,0.5,0.8,6.5
"323Callum WilsonNewcastle, 30, FW","Callum Wilson Newcastle, 30, FW",15(2),1305,6,-,1.8,0.5,0.6,1.2,1,1.5,3.3,6.5
"324Yoane WissaBrentford, 25, AM(L),FW","Yoane Wissa Brentford, 25, AM(L),FW",11(18),1185,7,-,1,0.2,0.7,0.7,0.2,0.2,1.1,6.5
"325AllanEverton, 31, DMC","Allan Everton, 31, DMC",25(3),2188,-,2,0.3,0.5,0.8,0.8,-,0.9,1.4,6.5
"326Teemu PukkiNorwich, 32, AM(C),FW","Teemu Pukki Norwich, 32, AM(C),FW",36,3171,11,3,1.9,0.7,0.8,0.7,0.3,1.1,1.9,6.49
"327Edo KayembeWatford, 23, DMC","Edo Kayembe Watford, 23, DMC",8(4),719,-,-,0.3,0.5,0.9,0.3,-,0.8,0.8,6.49
"328Liam DelapMan City, 19, Forward","Liam Delap Man City, 19, Forward",0(1),9,-,-,-,-,-,1.0,-,-,-,6.49
"329Victor LindelöfMan Utd, 27, D(CR)","Victor Lindelöf Man Utd, 27, D(CR)",25(2),2265,-,2,0.1,0.1,0.1,0.2,-,-,0.3,6.49
"330Jamaal LascellesNewcastle, 28, D(C)","Jamaal Lascelles Newcastle, 28, D(C)",21(4),1965,1,-,0.7,0.2,-,0.1,-,0.1,0.4,6.49
"311Will HughesCrystal Palace, 27, M(CLR)","Will Hughes Crystal Palace, 27, M(CLR)",12(3),975,-,1,0.4,0.6,0.5,1.0,-,0.6,0.8,6.53
"312Kelechi IheanachoLeicester, 25, AM(C),FW","Kelechi Iheanacho Leicester, 25, AM(C),FW",13(13),1263,4,5,1.2,0.7,0.6,0.4,0.3,0.8,2.0,6.52
"313Japhet TangangaTottenham, 23, D(CR)","Japhet Tanganga Tottenham, 23, D(CR)",10(1),740,-,-,0.6,0.2,0.5,0.7,0.1,0.5,0.6,6.52
"314Paul DummettNewcastle, 30, D(CL)","Paul Dummett Newcastle, 30, D(CL)",2(1),194,-,-,-,-,-,1.0,-,-,0.3,6.52
"315Sergi CanósBrentford, 25, M(LR)","Sergi Canós Brentford, 25, M(LR)",25(5),2077,2,2,1.1,0.6,0.8,0.5,0.2,0.8,1.6,6.52
"316Jack StephensSouthampton, 28, D(CR)","Jack Stephens Southampton, 28, D(CR)",8(2),721,-,-,-,0.4,0.2,0.2,-,-,0.1,6.52
"317Ben GodfreyEverton, 24, D(CLR)","Ben Godfrey Everton, 24, D(CLR)",23,2031,-,-,0.8,0.5,0.4,0.5,-,0.2,1.0,6.51
"318Stuart ArmstrongSouthampton, 30, AM(CLR)","Stuart Armstrong Southampton, 30, AM(CLR)",14(10),1380,2,-,1.6,1,1.1,0.7,-,1.1,1.5,6.51
"319Adam LallanaBrighton, 34, M(CLR)","Adam Lallana Brighton, 34, M(CLR)",18(6),1561,-,1,0.8,0.3,0.6,0.7,-,0.6,1.0,6.5
"320Sam ByramNorwich, 28, D(LR),M(R)","Sam Byram Norwich, 28, D(LR),M(R)",10(4),988,-,-,0.5,0.3,0.2,0.3,-,0.3,0.6,6.5
"301Imrân LouzaWatford, 23, M(CLR)","Imrân Louza Watford, 23, M(CLR)",17(3),1423,-,-,0.9,0.8,0.7,0.7,-,0.5,1.0,6.54
"302Brandon WilliamsNorwich, 21, D(L),M(L)","Brandon Williams Norwich, 21, D(L),M(L)",23(3),2123,-,1,0.2,0.8,0.8,1.7,-,0.7,1.5,6.54
"303Tariq LampteyBrighton, 21, D(R),M(R)","Tariq Lamptey Brighton, 21, D(R),M(R)",16(13),1542,-,2,0.6,0.7,1,1.7,0.1,0.7,1.6,6.53
"304Dele AlliTottenham, 26, M(CL),FW","Dele Alli Tottenham, 26, M(CL),FW",8(2),658,1,-,0.4,0.2,1.2,1.1,0.2,1.9,1.3,6.53
"305Timo WernerChelsea, 26, AM(CLR),FW","Timo Werner Chelsea, 26, AM(CLR),FW",15(6),1286,4,1,2.1,0.4,0.5,0.6,0.5,0.9,1.6,6.53
"306Cucho HernándezWatford, 23, AM(LR),FW","Cucho Hernández Watford, 23, AM(LR),FW",11(13),1125,5,2,1.4,0.8,0.8,0.5,-,0.6,1.0,6.53
"307Daniel JamesMan Utd, 24, AM(LR),FW","Daniel James Man Utd, 24, AM(LR),FW",2,128,-,-,2.0,1,-,-,1,1.5,2.0,6.53
"308Kalvin PhillipsLeeds, 26, D(C),DMC","Kalvin Phillips Leeds, 26, D(C),DMC",17(2),1506,-,1,0.8,0.4,0.3,0.9,-,0.8,1.5,6.53
"309Andrew OmobamideleNorwich, 19, D(C)","Andrew Omobamidele Norwich, 19, D(C)",4(1),381,1,-,0.4,-,-,1,-,-,1.2,6.53
"310Nathaniel ClyneCrystal Palace, 31, D(LR),M(R)","Nathaniel Clyne Crystal Palace, 31, D(LR),M(R)",14(1),1261,-,1,0.2,0.4,0.3,0.3,-,0.3,0.7,6.53
"291Alphonse AreolaWest Ham, 29, GK","Alphonse Areola West Ham, 29, GK",1,90,-,-,-,-,-,-,-,-,-,6.56
"292SamirWatford, 27, D(CL)","Samir Watford, 27, D(CL)",18,1586,-,-,0.4,0.1,0.1,0.8,-,0.2,0.3,6.56
"293Hwang Hee-ChanWolves, 26, AM(CLR),FW","Hwang Hee-Chan Wolves, 26, AM(CLR),FW",20(9),1754,5,1,0.8,0.6,1.1,1.4,0.1,0.8,1.4,6.56
"294Eddie NketiahArsenal, 22, FW","Eddie Nketiah Arsenal, 22, FW",7(13),758,4,1,1.3,0.6,0.7,0.7,0.3,0.5,1.3,6.55
"295ChiquinhoWolves, 22, AM(R)","Chiquinho Wolves, 22, AM(R)",1(7),204,-,3,0.6,0.6,1.3,1,-,0.8,1.1,6.55
"296Charlie GoodeBrentford, 26, D(C)","Charlie Goode Brentford, 26, D(C)",4(2),448,-,-,0.3,1.2,0.8,1.2,-,0.2,0.5,6.55
"297Willy BolyWolves, 31, D(C)","Willy Boly Wolves, 31, D(C)",9,810,-,-,0.2,0.1,0.3,0.2,0.1,0.3,0.3,6.55
"298Rico HenryBrentford, 24, D(L),M(L)","Rico Henry Brentford, 24, D(L),M(L)",32(1),2721,3,-,0.4,0.5,0.8,0.8,-,1,1.1,6.54
"299Marc AlbrightonLeicester, 32, D(R),M(LR)","Marc Albrighton Leicester, 32, D(R),M(LR)",11(6),1128,1,2,0.2,0.6,0.9,0.8,0.1,0.5,1.2,6.54
"300Yan ValerySouthampton, 23, D(CR),M(R)","Yan Valery Southampton, 23, D(CR),M(R)",3(2),369,-,-,0.4,0.2,0.2,0.6,-,0.4,0.2,6.54
"281Eberechi EzeCrystal Palace, 23, AM(CLR)","Eberechi Eze Crystal Palace, 23, AM(CLR)",6(6),592,1,1,0.8,0.9,1.2,0.9,-,0.8,1.7,6.57
"282Vladimir CoufalWest Ham, 29, D(R),M(R)","Vladimir Coufal West Ham, 29, D(R),M(R)",24(3),2130,-,4,0.4,0.7,0.6,0.6,0.1,0.6,1.1,6.57
"283Oliver SkippTottenham, 21, DMC","Oliver Skipp Tottenham, 21, DMC",14(4),1349,-,-,0.2,0.4,0.2,0.9,0.1,0.6,0.8,6.57
"284Jonjo ShelveyNewcastle, 30, M(C)","Jonjo Shelvey Newcastle, 30, M(C)",22(2),1986,2,1,1.3,0.7,0.4,0.3,-,0.2,0.8,6.57
"285Anthony ElangaMan Utd, 20, AM(LR)","Anthony Elanga Man Utd, 20, AM(LR)",13(7),1127,2,2,1,0.5,0.6,1.1,0.2,0.7,1.7,6.57
"286Harvey ElliottLiverpool, 19, AM(CR)","Harvey Elliott Liverpool, 19, AM(CR)",4(2),346,-,-,1.7,1.5,0.3,1,-,-,1.3,6.57
"287Mason HolgateEverton, 25, D(CR),DMC,M(R)","Mason Holgate Everton, 25, D(CR),DMC,M(R)",22(2),2044,2,1,0.3,0.1,-,0.6,-,0.3,0.1,6.56
"288Angus GunnNorwich, 26, GK","Angus Gunn Norwich, 26, GK",9,810,-,-,-,-,-,-,-,-,-,6.56
"289Alex Oxlade ChamberlainLiverpool, 28, M(CLR)","Alex Oxlade Chamberlain Liverpool, 28, M(CLR)",9(8),787,2,1,1.2,0.6,0.7,0.2,0.1,0.6,0.9,6.56
"290Joe GomezLiverpool, 24, D(CLR)","Joe Gomez Liverpool, 24, D(CLR)",4(4),331,-,1,0.1,0.4,0.5,0.3,-,0.3,0.6,6.56
"271Diego LlorenteLeeds, 28, D(C),DMC","Diego Llorente Leeds, 28, D(C),DMC",27,2254,3,-,0.4,0.1,0.3,0.7,-,0.1,0.7,6.59
"272Armando BrojaSouthampton, 20, FW","Armando Broja Southampton, 20, FW",21(11),1981,6,-,1.4,0.3,1.0,0.8,0.4,1.6,2.1,6.59
"273Joseph WillockNewcastle, 22, M(C)","Joseph Willock Newcastle, 22, M(C)",24(5),2047,2,-,1.2,0.6,1.2,0.9,-,0.7,1.9,6.59
"274Emil KrafthNewcastle, 27, D(CR)","Emil Krafth Newcastle, 27, D(CR)",18(2),1638,-,1,0.3,0.3,0.1,0.6,-,0.2,0.5,6.59
"275Matthew LowtonBurnley, 32, D(LR),M(R)","Matthew Lowton Burnley, 32, D(LR),M(R)",20(5),1772,1,2,0.4,0.7,0.4,0.2,-,0.2,0.5,6.59
"276Solly MarchBrighton, 27, M(CLR)","Solly March Brighton, 27, M(CLR)",16(14),1664,-,1,0.7,1.1,0.7,0.6,0.4,0.9,0.8,6.59
"277RodrigoLeeds, 31, M(CLR),FW","Rodrigo Leeds, 31, M(CLR),FW",26(4),2185,6,1,1.5,1.2,0.7,1.0,0.1,0.9,2.5,6.58
"278Ismaïla SarrWatford, 24, AM(LR),FW","Ismaïla Sarr Watford, 24, AM(LR),FW",21(1),1865,5,2,1.8,1,1.5,2.1,0.5,1.8,3.2,6.58
"279Kortney HauseAston Villa, 26, D(CL)","Kortney Hause Aston Villa, 26, D(CL)",4(3),397,1,-,0.3,-,0.4,0.3,0.1,0.1,0.6,6.58
"280Francisco SierraltaWatford, 25, D(C)","Francisco Sierralta Watford, 25, D(C)",5,428,-,-,0.2,-,0.4,0.6,-,-,0.2,6.57
"261Séamus ColemanEverton, 33, D(CR),M(R)","Séamus Coleman Everton, 33, D(CR),M(R)",30,2658,1,-,0.3,0.4,1.1,0.6,0.1,0.7,1,6.61
"262Mathias NormannNorwich, 25, M(C)","Mathias Normann Norwich, 25, M(C)",19(3),1563,1,2,1.1,0.6,0.8,1.3,-,0.8,1.2,6.61
"263Illan MeslierLeeds, 22, GK","Illan Meslier Leeds, 22, GK",37,3295,-,-,-,-,0.1,0.2,-,-,0.1,6.61
"264Jordan PickfordEverton, 28, GK","Jordan Pickford Everton, 28, GK",35,3150,-,-,-,0.1,-,0.2,-,-,-,6.6
"265Nathan RedmondSouthampton, 28, AM(CLR),FW","Nathan Redmond Southampton, 28, AM(CLR),FW",19(7),1751,1,5,1,1.3,0.7,0.5,0.1,0.5,1,6.6
"266Divock OrigiLiverpool, 27, AM(LR),FW","Divock Origi Liverpool, 27, AM(LR),FW",0(7),127,3,-,1.4,-,0.1,0.1,-,0.4,1.1,6.6
"267TrincãoWolves, 22, AM(CR)","Trincão Wolves, 22, AM(CR)",16(11),1339,2,1,1.2,0.5,1.6,0.8,-,0.7,1.7,6.6
"268Adam MasinaWatford, 28, D(L),M(L)","Adam Masina Watford, 28, D(L),M(L)",13(1),1065,-,-,0.4,0.4,0.6,0.3,-,0.1,0.7,6.6
"269Benjamin MendyMan City, 27, D(L),DMC,M(L)","Benjamin Mendy Man City, 27, D(L),DMC,M(L)",1,79,-,-,-,2,2,-,-,-,1,6.6
"270Hamza ChoudhuryLeicester, 24, DMC","Hamza Choudhury Leicester, 24, DMC",4(2),287,-,-,0.2,-,0.3,0.8,-,0.3,1.3,6.6
"251Connor RobertsBurnley, 26, D(LR),M(R)","Connor Roberts Burnley, 26, D(LR),M(R)",18(2),1647,1,1,0.3,0.7,0.3,1.4,0.1,0.3,0.5,6.63
"252Emiliano MartínezAston Villa, 29, GK","Emiliano Martínez Aston Villa, 29, GK",36,3240,-,-,-,-,-,0.2,-,-,-,6.63
"253Mohamed ElyounoussiSouthampton, 27, AM(CLR),FW","Mohamed Elyounoussi Southampton, 27, AM(CLR),FW",22(7),1974,4,2,1.5,0.9,1,0.6,-,1.1,2.1,6.63
"254Juraj KuckaWatford, 35, M(CLR)","Juraj Kucka Watford, 35, M(CLR)",22(4),1924,1,1,1.8,0.4,0.7,1.9,0.1,0.7,1.8,6.63
"255Danny WelbeckBrighton, 31, AM(CLR),FW","Danny Welbeck Brighton, 31, AM(CLR),FW",14(10),1387,5,1,1.6,0.6,0.4,0.5,0.2,0.8,2,6.63
"256Alexander IwobiEverton, 26, M(CLR)","Alexander Iwobi Everton, 26, M(CLR)",21(6),1947,2,2,0.9,1.3,1.1,0.2,0.1,1,1.6,6.63
"257James MilnerLiverpool, 36, D(LR),M(CLR)","James Milner Liverpool, 36, D(LR),M(CLR)",9(14),806,-,1,0.4,1,0.1,0.6,-,0.2,0.5,6.62
"258Jack HarrisonLeeds, 25, AM(CLR),FW","Jack Harrison Leeds, 25, AM(CLR),FW",31(3),2562,7,1,1.2,1.2,1.5,0.6,0.1,1.9,2.5,6.62
"259Yerry MinaEverton, 27, D(C)","Yerry Mina Everton, 27, D(C)",11(2),847,-,-,0.5,0.1,-,0.7,0.1,0.1,0.2,6.61
"260Fabian DelphEverton, 32, D(L),M(CL)","Fabian Delph Everton, 32, D(L),M(CL)",8(3),666,-,-,0.2,0.4,0.5,0.5,-,-,0.7,6.61
"241Édouard MendyChelsea, 30, GK","Édouard Mendy Chelsea, 30, GK",33,2970,-,-,-,-,-,0.1,-,-,0.1,6.65
"242Wout WeghorstBurnley, 29, FW","Wout Weghorst Burnley, 29, FW",17(2),1412,2,3,1.5,0.7,0.6,0.9,0.5,1.5,2.1,6.65
"243Robert SánchezBrighton, 24, GK","Robert Sánchez Brighton, 24, GK",36,3240,-,-,-,0.1,-,0.1,-,-,-,6.65
"244David de GeaMan Utd, 31, GK","David de Gea Man Utd, 31, GK",37,3330,-,-,-,-,-,-,-,-,-,6.64
"245Conor CoadyWolves, 29, D(CR),DMC","Conor Coady Wolves, 29, D(CR),DMC",37,3274,4,-,0.3,0.1,-,-,0.1,-,0.1,6.64
"246Jean-Philippe MatetaCrystal Palace, 24, FW","Jean-Philippe Mateta Crystal Palace, 24, FW",13(9),1152,5,1,1.7,0.3,0.5,0.3,0.6,1,1.3,6.64
"247Martin DúbravkaNewcastle, 33, GK","Martin Dúbravka Newcastle, 33, GK",25,2250,-,-,-,-,-,0.2,-,-,-,6.64
"248Raúl JiménezWolves, 31, FW","Raúl Jiménez Wolves, 31, FW",29(4),2550,6,3,1.7,1.1,1.1,1.5,0.7,1.7,2.9,6.64
"249Luke ShawMan Utd, 26, D(CL),M(L)","Luke Shaw Man Utd, 26, D(CL),M(L)",19(1),1603,-,3,0.3,2,0.4,0.8,0.2,0.7,0.6,6.64
"250Nemanja MaticMan Utd, 33, DMC","Nemanja Matic Man Utd, 33, DMC",16(7),1384,-,4,0.3,0.6,0.7,0.1,-,0.9,0.8,6.63
"231Aaron RamsdaleArsenal, 24, GK","Aaron Ramsdale Arsenal, 24, GK",33,2970,-,-,-,-,-,0.2,-,-,-,6.66
"232Ryan SessegnonTottenham, 22, D(L),M(LR)","Ryan Sessegnon Tottenham, 22, D(L),M(LR)",12(2),964,-,2,0.4,0.9,0.4,0.5,0.3,0.8,2.3,6.66
"233Michael OliseCrystal Palace, 20, AM(CLR)","Michael Olise Crystal Palace, 20, AM(CLR)",12(14),1138,2,5,0.7,0.9,1.1,1.0,-,0.8,1,6.66
"234Jadon SanchoMan Utd, 22, AM(CLR)","Jadon Sancho Man Utd, 22, AM(CLR)",20(9),1904,3,3,0.9,1.4,1.6,0.2,0.2,0.9,1.5,6.66
"235Odsonne ÉdouardCrystal Palace, 24, AM(L),FW","Odsonne Édouard Crystal Palace, 24, AM(L),FW",17(10),1488,6,3,1.5,0.7,1,0.2,0.1,1,2.2,6.66
"236Christian BentekeCrystal Palace, 31, FW","Christian Benteke Crystal Palace, 31, FW",11(14),1136,4,1,1.6,0.5,0.4,0.6,0.4,0.7,1.6,6.66
"237Joachim AndersenCrystal Palace, 25, D(C)","Joachim Andersen Crystal Palace, 25, D(C)",31(2),2825,-,3,0.2,0.6,0.2,0.2,-,0.2,0.2,6.66
"238Harry MaguireMan Utd, 29, D(C)","Harry Maguire Man Utd, 29, D(C)",27(2),2424,1,-,0.8,0.1,0.1,0.6,-,0.2,0.4,6.65
"239Maxwel CornetBurnley, 25, D(L),M(LR),FW","Maxwel Cornet Burnley, 25, D(L),M(LR),FW",20(5),1688,8,1,1.7,0.6,0.5,0.8,0.9,1.2,2.4,6.65
"240Pablo MaríArsenal, 28, D(C)","Pablo Marí Arsenal, 28, D(C)",2,180,-,-,0.5,0.5,-,0.5,-,-,1,6.65
"221Jordan AyewCrystal Palace, 30, AM(CLR),FW","Jordan Ayew Crystal Palace, 30, AM(CLR),FW",23(8),2024,3,3,1.1,0.7,1.1,2.1,0.1,2.5,2.7,6.67
"222Vicente GuaitaCrystal Palace, 35, GK","Vicente Guaita Crystal Palace, 35, GK",29,2566,-,-,-,-,-,0.1,-,-,-,6.67
"223Danny IngsAston Villa, 29, AM(C),FW","Danny Ings Aston Villa, 29, AM(C),FW",22(7),1899,7,6,1.7,0.5,0.3,0.4,0.4,0.7,1.7,6.67
"224Manuel LanziniWest Ham, 29, M(CLR)","Manuel Lanzini West Ham, 29, M(CLR)",18(11),1708,5,3,0.6,0.8,0.9,0.5,-,0.6,1.1,6.67
"225Granit XhakaArsenal, 29, D(L),M(C)","Granit Xhaka Arsenal, 29, D(L),M(C)",26,2268,1,2,1,1.2,0.7,0.7,0.1,0.8,0.9,6.67
"226Ademola LookmanLeicester, 24, AM(CLR),FW","Ademola Lookman Leicester, 24, AM(CLR),FW",16(9),1446,6,-,1,0.9,1.5,1.3,0.2,2.1,2.2,6.67
"227Ross BarkleyChelsea, 28, M(CLR)","Ross Barkley Chelsea, 28, M(CLR)",1(4),151,-,-,1.2,1.4,1.2,0.6,-,1.2,0.6,6.67
"228Dimitris GiannoulisNorwich, 26, D(L),M(L)","Dimitris Giannoulis Norwich, 26, D(L),M(L)",13(4),1079,-,1,0.1,0.5,1.7,1.2,-,0.6,1.2,6.67
"229Chris WoodBurnley, 30, FW","Chris Wood Burnley, 30, FW",17,1378,3,-,1.8,0.5,0.2,0.4,0.9,0.7,2.4,6.66
"230Angelo OgbonnaWest Ham, 33, D(C)","Angelo Ogbonna West Ham, 33, D(C)",11,922,1,-,0.3,-,0.1,0.3,-,0.1,0.2,6.66
"211Leo Fuhr HjeldeLeeds, 18, D(C)","Leo Fuhr Hjelde Leeds, 18, D(C)",0(2),148,-,-,-,0.5,-,-,-,-,1.0,6.7
"212Vitalii MykolenkoEverton, 22, D(CL),M(L)","Vitalii Mykolenko Everton, 22, D(CL),M(L)",12(1),1056,1,-,0.6,0.6,0.2,0.7,-,0.3,0.8,6.69
"213Ben JohnsonWest Ham, 22, D(LR),M(L)","Ben Johnson West Ham, 22, D(LR),M(L)",16(3),1392,1,-,0.3,0.5,0.4,0.2,-,0.5,1.2,6.69
"214Adam WebsterBrighton, 27, D(C)","Adam Webster Brighton, 27, D(C)",15(6),1342,2,-,0.3,-,0.5,0.1,-,-,0.4,6.69
"215Joel WardCrystal Palace, 32, D(LR),DMC,M(R)","Joel Ward Crystal Palace, 32, D(LR),DMC,M(R)",26(1),2396,-,-,0.3,0.3,0.7,0.8,-,0.7,1.1,6.69
"216Kiernan Dewsbury-HallLeicester, 23, M(C)","Kiernan Dewsbury-Hall Leicester, 23, M(C)",22(5),2043,1,2,0.8,1.3,1.1,1.1,-,1.7,2.1,6.69
"217Moussa SissokoWatford, 32, M(CR)","Moussa Sissoko Watford, 32, M(CR)",35,3131,2,1,0.7,1.1,1.4,0.3,0.1,1.4,1.4,6.68
"218Enock MwepuBrighton, 24, M(CR)","Enock Mwepu Brighton, 24, M(CR)",12(5),986,2,4,1.1,0.5,0.9,0.9,0.1,0.5,1.5,6.68
"219Arthur MasuakuWest Ham, 28, D(L),M(L)","Arthur Masuaku West Ham, 28, D(L),M(L)",6(7),645,1,1,0.3,0.2,0.8,0.3,-,0.7,0.6,6.68
"220Christian PulisicChelsea, 23, M(CLR),FW","Christian Pulisic Chelsea, 23, M(CLR),FW",13(9),1286,6,2,1.3,0.7,1.1,1.4,0.2,1.1,2.3,6.67
"201Anthony GordonEverton, 21, AM(LR)","Anthony Gordon Everton, 21, AM(LR)",25(9),2262,4,2,1.3,1,1.1,1.9,0.2,1.1,2.2,6.71
"202Vitaly JaneltBrentford, 24, DMC","Vitaly Janelt Brentford, 24, DMC",26(4),2219,4,-,1,0.8,0.4,0.8,0.1,0.4,1.1,6.71
"203Craig DawsonWest Ham, 32, D(CR)","Craig Dawson West Ham, 32, D(CR)",29(4),2664,2,2,0.8,0.1,0.1,0.4,-,0.2,0.3,6.71
"204Andros TownsendEverton, 30, AM(LR),FW","Andros Townsend Everton, 30, AM(LR),FW",17(4),1459,3,2,1,1.5,1.2,1.9,-,0.9,2.1,6.71
"205Erik PietersBurnley, 33, D(L),M(L)","Erik Pieters Burnley, 33, D(L),M(L)",8(4),727,-,1,0.6,0.2,0.3,0.4,-,0.2,1.2,6.71
"206João MoutinhoWolves, 35, M(C)","João Moutinho Wolves, 35, M(C)",33(1),2885,2,1,0.6,1.1,0.5,0.4,-,0.6,0.9,6.71
"207Joshua KingWatford, 30, AM(CLR),FW","Joshua King Watford, 30, AM(CLR),FW",26(5),2179,5,3,1.6,1.1,1,0.7,0.3,1.3,2.6,6.7
"208Fraser ForsterSouthampton, 34, GK","Fraser Forster Southampton, 34, GK",19,1710,-,-,-,-,-,0.2,-,-,-,6.7
"209Alex McCarthySouthampton, 32, GK","Alex McCarthy Southampton, 32, GK",16,1440,-,-,-,0.1,-,0.1,-,-,-,6.7
"210Fabian SchärNewcastle, 30, D(C)","Fabian Schär Newcastle, 30, D(C)",25,2161,2,2,0.8,0.4,0.2,0.4,0.1,0.2,0.5,6.7
"191JonnyWolves, 28, D(CLR),M(LR)","Jonny Wolves, 28, D(CLR),M(LR)",9(3),933,2,-,0.8,0.8,1.1,1.3,-,1.5,1.7,6.73
"192FernandinhoMan City, 37, D(CR),DMC","Fernandinho Man City, 37, D(CR),DMC",9(9),914,2,1,0.9,0.6,0.5,0.6,-,0.4,0.3,6.73
"193Kyle WalkerMan City, 31, D(CR),M(R)","Kyle Walker Man City, 31, D(CR),M(R)",20,1756,-,2,0.4,0.6,0.4,0.6,0.1,0.3,0.8,6.73
"194EdersonMan City, 28, GK","Ederson Man City, 28, GK",36,3240,-,-,-,-,-,0.1,-,-,-,6.73
"195Pascal GroßBrighton, 30, M(CR),FW","Pascal Groß Brighton, 30, M(CR),FW",23(5),1953,1,3,0.8,2,0.3,0.2,0.1,0.4,1,6.73
"196Gabriel MagalhãesArsenal, 24, D(C)","Gabriel Magalhães Arsenal, 24, D(C)",34,2978,4,-,0.8,0.3,0.1,1.1,-,0.1,0.5,6.73
"197Timothy CastagneLeicester, 26, D(CLR),M(LR)","Timothy Castagne Leicester, 26, D(CLR),M(LR)",21(5),2056,1,-,0.2,0.5,0.2,0.3,-,0.4,1,6.73
"198Jeffrey SchluppCrystal Palace, 29, D(L),M(CLR)","Jeffrey Schlupp Crystal Palace, 29, D(L),M(CLR)",19(12),1756,4,1,1,0.5,1.1,0.6,-,1.1,1.3,6.72
"199James JustinLeicester, 24, D(CLR),M(LR)","James Justin Leicester, 24, D(CLR),M(LR)",10(2),907,-,-,0.4,0.8,0.3,0.9,0.1,0.8,0.3,6.72
"200Matt TargettAston Villa, 26, D(L),M(L)","Matt Targett Aston Villa, 26, D(L),M(L)",17,1434,1,1,0.4,1.2,0.1,0.6,-,0.2,0.5,6.71
"181Che AdamsSouthampton, 25, AM(CL),FW","Che Adams Southampton, 25, AM(CL),FW",23(6),2016,7,3,1.7,0.9,0.7,1.4,0.2,1.2,2.0,6.75
"182Alexis Mac AllisterBrighton, 23, M(CL),FW","Alexis Mac Allister Brighton, 23, M(CL),FW",21(11),2028,5,2,1.8,0.9,0.6,1.2,0.1,0.7,1.3,6.74
"183Luke ThomasLeicester, 20, D(L),M(L)","Luke Thomas Leicester, 20, D(L),M(L)",21(1),1912,-,1,0.2,0.5,0.7,0.7,-,0.9,1.5,6.74
"184Emile Smith RoweArsenal, 21, AM(CL)","Emile Smith Rowe Arsenal, 21, AM(CL)",21(12),1922,10,2,1.2,0.9,1.0,0.6,0.1,0.8,1.2,6.74
"185Pierre-Emerick AubameyangArsenal, 32, M(CLR),FW","Pierre-Emerick Aubameyang Arsenal, 32, M(CLR),FW",12(2),1040,4,1,2.5,0.6,0.1,0.6,0.7,0.3,1.1,6.74
"186Bryan MbeumoBrentford, 22, AM(LR),FW","Bryan Mbeumo Brentford, 22, AM(LR),FW",33(1),2826,4,7,2.2,1.0,1.1,1.1,0.4,1.6,2.5,6.74
"187Çaglar SöyüncüLeicester, 25, D(C)","Çaglar Söyüncü Leicester, 25, D(C)",28,2498,1,-,0.3,0.1,0.1,0.5,-,0.1,0.3,6.74
"188Jonny EvansLeicester, 34, D(CL)","Jonny Evans Leicester, 34, D(CL)",15(2),1260,1,1,0.2,0.2,0.1,0.6,-,-,0.2,6.74
"189Lewis DunkBrighton, 30, D(C)","Lewis Dunk Brighton, 30, D(C)",28,2484,1,-,0.7,0.1,0.1,0.1,-,0.1,0.4,6.73
"190Valentino LivramentoSouthampton, 19, D(R)","Valentino Livramento Southampton, 19, D(R)",25(3),2203,1,1,0.4,0.7,1.1,1.3,-,0.7,1.9,6.73
"171Eric DierTottenham, 28, D(CR),DMC","Eric Dier Tottenham, 28, D(CR),DMC",34,2982,-,-,0.4,0.2,-,0.3,-,0.1,0.1,6.76
"172Grant HanleyNorwich, 30, D(C)","Grant Hanley Norwich, 30, D(C)",32,2809,1,-,0.6,0.2,-,0.7,0.1,-,0.3,6.76
"173Cheikhou KouyatéCrystal Palace, 32, D(CR),DMC","Cheikhou Kouyaté Crystal Palace, 32, D(CR),DMC",23(3),1955,-,1,0.3,0.2,0.5,0.8,-,0.4,1.2,6.76
"174Abdoulaye DoucouréEverton, 29, M(C)","Abdoulaye Doucouré Everton, 29, M(C)",28(1),2501,2,4,1.2,0.7,0.7,0.6,-,0.8,1.5,6.75
"175Tyrone MingsAston Villa, 29, D(CL)","Tyrone Mings Aston Villa, 29, D(CL)",34(1),3098,1,3,0.6,0.3,0.3,0.7,-,0.1,0.5,6.75
"176MarçalWolves, 33, D(CL),M(L)","Marçal Wolves, 33, D(CL),M(L)",17(1),1453,-,-,0.6,0.6,0.4,0.5,0.1,0.3,1.4,6.75
"177Chris WoodNewcastle, 30, FW","Chris Wood Newcastle, 30, FW",15(1),1310,2,-,1.3,0.6,0.1,0.6,0.6,0.5,2.8,6.75
"178Kasper SchmeichelLeicester, 35, GK","Kasper Schmeichel Leicester, 35, GK",36,3240,-,-,-,-,-,0.1,-,-,0.1,6.75
"179Ben DaviesTottenham, 29, D(CL),M(L)","Ben Davies Tottenham, 29, D(CL),M(L)",27(1),2450,1,1,0.6,0.4,0.3,0.6,0.2,0.4,0.8,6.75
"180Michael KeaneEverton, 29, D(CR)","Michael Keane Everton, 29, D(CR)",30(1),2703,3,2,0.6,0.3,0.2,0.2,-,0.1,0.2,6.75
"161Pontus JanssonBrentford, 31, D(C)","Pontus Jansson Brentford, 31, D(C)",36,3232,3,1,0.6,0.1,0.1,0.2,0.1,0.1,0.3,6.77
"162Lukasz FabianskiWest Ham, 37, GK","Lukasz Fabianski West Ham, 37, GK",36,3240,-,-,-,-,-,0.2,-,-,-,6.77
"163Kieran TierneyArsenal, 24, D(CL),M(L)","Kieran Tierney Arsenal, 24, D(CL),M(L)",22,1919,1,3,0.7,0.9,0.4,0.7,-,0.4,0.8,6.77
"164Marc GuéhiCrystal Palace, 21, D(C)","Marc Guéhi Crystal Palace, 21, D(C)",36,3223,2,1,0.5,0.2,0.3,0.9,-,0.2,0.4,6.76
"165Joël VeltmanBrighton, 30, D(CR),M(R)","Joël Veltman Brighton, 30, D(CR),M(R)",32(1),2791,-,1,0.3,0.5,0.5,1.1,-,0.2,0.8,6.76
"166Tyrick MitchellCrystal Palace, 22, D(L)","Tyrick Mitchell Crystal Palace, 22, D(L)",34(1),3013,-,2,0.1,0.6,0.5,0.4,0.1,0.7,1.2,6.76
"167Alexandre LacazetteArsenal, 30, M(CLR),FW","Alexandre Lacazette Arsenal, 30, M(CLR),FW",20(9),1766,4,7,1.5,1,0.7,1.0,0.2,0.9,1.5,6.76
"168Aaron CresswellWest Ham, 32, D(CL),M(L)","Aaron Cresswell West Ham, 32, D(CL),M(L)",30,2638,2,3,0.5,1,0.3,0.3,0.1,0.1,0.4,6.76
"169Kristoffer AjerBrentford, 24, D(CR),DMC","Kristoffer Ajer Brentford, 24, D(CR),DMC",22(1),1911,1,3,0.3,0.3,0.6,0.7,-,0.3,1.1,6.76
"170Emiliano BuendíaAston Villa, 25, M(CLR)","Emiliano Buendía Aston Villa, 25, M(CLR)",21(13),1814,4,6,1.3,1.4,1.1,1.3,0.1,1.2,1.2,6.76
"151Asmir BegovicEverton, 34, GK","Asmir Begovic Everton, 34, GK",2,180,-,-,-,-,-,-,-,-,-,6.79
"152Raphaël VaraneMan Utd, 29, D(C)","Raphaël Varane Man Utd, 29, D(C)",20(2),1829,1,1,0.4,0.2,0.1,0.3,-,-,0.3,6.78
"153Stuart DallasLeeds, 31, D(LR),M(CLR)","Stuart Dallas Leeds, 31, D(LR),M(CLR)",34,2929,1,1,0.9,0.9,0.9,0.9,0.1,0.7,1.1,6.78
"154João PedroWatford, 20, AM(L),FW","João Pedro Watford, 20, AM(L),FW",14(13),1549,3,1,1.7,0.7,2.1,1.1,0.2,2,2.3,6.78
"155Kurt ZoumaWest Ham, 27, D(CR)","Kurt Zouma West Ham, 27, D(CR)",23,1990,1,-,0.3,0.1,-,0.2,-,-,0.3,6.78
"156Calum ChambersAston Villa, 27, D(CR),DMC","Calum Chambers Aston Villa, 27, D(CR),DMC",8(2),739,1,-,0.3,0.2,-,0.2,-,0.1,0.3,6.78
"157Daniel PodenceWolves, 26, AM(CLR),FW","Daniel Podence Wolves, 26, AM(CLR),FW",15(11),1486,2,3,1.3,1.4,1.3,1,0.1,1.3,1.3,6.78
"158Benjamin WhiteArsenal, 24, D(CR),DMC","Benjamin White Arsenal, 24, D(CR),DMC",32,2880,-,-,0.4,0.4,0.3,0.8,-,0.3,0.6,6.78
"159Harvey BarnesLeicester, 24, AM(CL)","Harvey Barnes Leicester, 24, AM(CL)",23(8),2030,6,9,2.1,0.9,1,0.6,0.3,1.3,1.8,6.77
"160Callum Hudson-OdoiChelsea, 21, M(CLR)","Callum Hudson-Odoi Chelsea, 21, M(CLR)",11(4),966,1,2,1.2,1.7,1.1,1.1,0.3,1.3,1.5,6.77
"141Jan BednarekSouthampton, 26, D(C)","Jan Bednarek Southampton, 26, D(C)",30(1),2633,4,-,0.6,0.2,-,0.5,-,0.1,0.2,6.81
"142Demarai GrayEverton, 25, AM(CLR),FW","Demarai Gray Everton, 25, AM(CLR),FW",27(6),2262,5,4,1.9,1.3,1.6,0.9,0.1,1,2.0,6.81
"143Naby KeïtaLiverpool, 27, M(C)","Naby Keïta Liverpool, 27, M(C)",13(9),1105,3,1,1.1,0.6,0.7,0.4,-,0.5,1.3,6.81
"144Douglas LuizAston Villa, 24, M(C)","Douglas Luiz Aston Villa, 24, M(C)",30(3),2630,2,3,0.7,1.1,0.7,1.2,-,0.5,1.5,6.8
"145Dan BurnBrighton, 30, D(CL),M(L)","Dan Burn Brighton, 30, D(CL),M(L)",12(1),1023,1,-,0.5,0.2,-,-,-,0.1,0.5,6.8
"146César AzpilicuetaChelsea, 32, D(CLR),M(R)","César Azpilicueta Chelsea, 32, D(CLR),M(R)",23(3),1985,1,2,0.4,0.7,0.5,0.2,0.1,0.4,0.8,6.8
"147Lucas DigneEverton, 28, D(CL),M(L)","Lucas Digne Everton, 28, D(CL),M(L)",13,1170,-,-,0.7,1.7,0.6,0.7,-,0.5,0.7,6.8
"148Gabriel MartinelliArsenal, 20, AM(L),FW","Gabriel Martinelli Arsenal, 20, AM(L),FW",20(8),1776,5,5,1.7,1.1,1.5,0.7,0.4,1.1,2.0,6.8
"149Jacob RamseyAston Villa, 20, AM(C)","Jacob Ramsey Aston Villa, 20, AM(C)",28(5),2394,6,1,1,0.6,0.9,1.3,-,1.1,1.7,6.79
"150Hugo LlorisTottenham, 35, GK","Hugo Lloris Tottenham, 35, GK",37,3330,-,-,-,0.1,-,0.1,-,-,0.1,6.79
"131David RayaBrentford, 26, GK","David Raya Brentford, 26, GK",23,2070,-,-,-,-,-,0.1,-,-,0.1,6.83
"132Roberto FirminoLiverpool, 30, M(CLR),FW","Roberto Firmino Liverpool, 30, M(CLR),FW",10(9),967,5,3,1.5,0.7,0.8,0.3,0.2,1.3,1.7,6.83
"133Romelu LukakuChelsea, 29, AM(R),FW","Romelu Lukaku Chelsea, 29, AM(R),FW",16(10),1586,8,-,1.7,0.9,0.5,0.5,0.5,1,1.4,6.83
"134Pablo FornalsWest Ham, 26, M(CLR)","Pablo Fornals West Ham, 26, M(CLR)",31(4),2723,6,3,1.2,1.3,0.7,0.8,0.2,0.8,1.3,6.82
"135José SáWolves, 29, GK","José Sá Wolves, 29, GK",36,3240,-,1,-,0.1,0.1,0.3,-,-,0.1,6.82
"136Nélson SemedoWolves, 28, D(LR),M(R)","Nélson Semedo Wolves, 28, D(LR),M(R)",25,2137,-,1,0.8,0.7,1.6,1.0,0.2,1.1,2,6.82
"137Malang SarrChelsea, 23, D(CL)","Malang Sarr Chelsea, 23, D(CL)",6(1),515,-,-,0.1,0.3,-,0.1,-,0.3,0.9,6.82
"138Nick PopeBurnley, 30, GK","Nick Pope Burnley, 30, GK",35,3150,-,-,-,0.1,-,0.1,-,-,-,6.82
"139Lucas MouraTottenham, 29, AM(CLR),FW","Lucas Moura Tottenham, 29, AM(CLR),FW",19(14),1752,2,5,1.1,1,1.7,1.1,0.1,1,1.8,6.81
"140Kai HavertzChelsea, 22, M(CR),FW","Kai Havertz Chelsea, 22, M(CR),FW",21(7),1726,7,3,1.8,0.7,0.6,0.8,0.4,1.1,2.3,6.81
"121Hassane KamaraWatford, 28, D(L),M(L)","Hassane Kamara Watford, 28, D(L),M(L)",17(1),1547,1,-,0.3,0.6,0.8,0.8,-,0.3,0.8,6.85
"122Wesley FofanaLeicester, 21, D(C)","Wesley Fofana Leicester, 21, D(C)",6,540,-,-,0.3,0.3,0.5,0.8,-,0.2,0.7,6.85
"123AlissonLiverpool, 29, GK","Alisson Liverpool, 29, GK",35,3150,-,1,-,-,-,0.1,-,-,-,6.85
"124Mohammed SalisuSouthampton, 23, D(CL)","Mohammed Salisu Southampton, 23, D(CL)",32(1),2882,-,-,0.7,0.3,0.4,0.2,-,0.3,0.5,6.85
"125JoelintonNewcastle, 25, AM(CLR),FW","Joelinton Newcastle, 25, AM(CLR),FW",29(5),2548,4,1,1.3,0.9,1.1,1.0,0.1,1.8,2.5,6.85
"126Davinson SánchezTottenham, 25, D(C)","Davinson Sánchez Tottenham, 25, D(C)",16(6),1536,2,-,0.6,0.2,0.2,0.5,-,-,0.4,6.84
"127Romain SaïssWolves, 32, D(C),DMC","Romain Saïss Wolves, 32, D(C),DMC",31,2709,2,-,0.6,0.2,0.2,0.5,0.1,0.2,0.3,6.84
"128Charlie TaylorBurnley, 28, D(L),M(L)","Charlie Taylor Burnley, 28, D(L),M(L)",29(1),2641,-,3,0.2,0.6,0.9,1.4,-,0.5,1,6.84
"129Antonio RüdigerChelsea, 29, D(CR)","Antonio Rüdiger Chelsea, 29, D(CR)",33,2970,3,-,1.5,0.4,0.2,0.4,-,0.2,0.6,6.84
"130Takehiro TomiyasuArsenal, 23, D(CR)","Takehiro Tomiyasu Arsenal, 23, D(CR)",20(1),1682,-,1,0.5,0.6,0.4,0.6,-,0.6,1.3,6.83
"111Maximilian KilmanWolves, 24, D(C)","Maximilian Kilman Wolves, 24, D(C)",30,2689,1,-,0.4,0.1,0.6,0.4,-,0.2,0.7,6.87
"112Josh BrownhillBurnley, 26, M(CR)","Josh Brownhill Burnley, 26, M(CR)",31(3),2880,2,3,0.9,1.1,0.4,0.6,-,0.5,1.1,6.87
"113Jordan HendersonLiverpool, 31, D(C),M(CLR)","Jordan Henderson Liverpool, 31, D(C),M(CLR)",28(6),2514,2,5,0.9,1.1,0.5,0.2,0.1,0.4,0.8,6.87
"114Ruben Loftus-CheekChelsea, 26, M(CLR)","Ruben Loftus-Cheek Chelsea, 26, M(CLR)",13(11),1388,-,2,0.8,0.8,1.8,1.7,0.1,1.4,1.1,6.87
"115Saïd BenrahmaWest Ham, 26, AM(CLR)","Saïd Benrahma West Ham, 26, AM(CLR)",26(6),2184,8,6,2.0,1.0,1.2,0.5,0.3,0.9,1.9,6.87
"116Martin ØdegaardArsenal, 23, AM(CR)","Martin Ødegaard Arsenal, 23, AM(CR)",31(4),2703,6,4,1.4,2.1,0.7,0.6,0.1,1.3,1.0,6.86
"117Kyle Walker-PetersSouthampton, 25, D(LR),M(R)","Kyle Walker-Peters Southampton, 25, D(LR),M(R)",28(3),2542,1,2,0.8,0.7,2.0,1.5,0.1,1.3,1.3,6.86
"118Rúben NevesWolves, 25, DMC","Rúben Neves Wolves, 25, DMC",30(2),2573,4,2,1.3,0.7,0.8,0.3,-,0.5,1.0,6.86
"119Curtis JonesLiverpool, 21, AM(C)","Curtis Jones Liverpool, 21, AM(C)",10(5),856,1,1,1.3,0.7,1.7,1.3,0.1,1.2,1.1,6.86
"120Emerson RoyalTottenham, 23, D(R),M(R)","Emerson Royal Tottenham, 23, D(R),M(R)",25(5),2218,1,1,0.5,0.9,0.6,1.4,0.1,0.6,0.9,6.86
"101Andreas ChristensenChelsea, 26, D(C),DMC","Andreas Christensen Chelsea, 26, D(C),DMC",17(2),1496,-,-,0.3,0.3,0.2,0.4,-,0.1,0.2,6.89
"102Alex TellesMan Utd, 29, D(L),M(L)","Alex Telles Man Utd, 29, D(L),M(L)",17(3),1570,-,4,0.5,1.3,0.5,0.5,0.1,0.5,0.7,6.89
"103Lucas DigneAston Villa, 28, D(CL),M(L)","Lucas Digne Aston Villa, 28, D(CL),M(L)",15,1182,-,3,0.6,1.9,0.2,1.1,0.2,0.8,0.8,6.89
"104Liam CooperLeeds, 30, D(C)","Liam Cooper Leeds, 30, D(C)",20,1725,-,1,0.3,0.2,0.2,0.5,0.1,0.1,0.5,6.89
"105Emmanuel DennisWatford, 24, M(LR),FW","Emmanuel Dennis Watford, 24, M(LR),FW",30(3),2591,10,6,1.8,1.0,2.1,1.2,0.4,1.9,3.2,6.89
"106Dominic Calvert-LewinEverton, 25, AM(L),FW","Dominic Calvert-Lewin Everton, 25, AM(L),FW",14(2),1196,5,1,2.0,0.5,0.1,0.9,0.3,0.8,3.1,6.88
"107Oriol RomeuSouthampton, 30, DMC","Oriol Romeu Southampton, 30, DMC",33(2),2809,2,2,0.7,1.1,0.8,0.6,-,0.5,1.2,6.88
"108Shane DuffyBrighton, 30, D(C)","Shane Duffy Brighton, 30, D(C)",15(3),1434,1,-,1.2,0.2,0.1,0.3,0.1,-,0.4,6.88
"109Diogo DalotMan Utd, 23, D(LR),M(R)","Diogo Dalot Man Utd, 23, D(LR),M(R)",18(5),1720,-,-,0.6,0.7,0.7,0.2,-,0.3,1.0,6.88
"110James McArthurCrystal Palace, 34, M(CLR)","James McArthur Crystal Palace, 34, M(CLR)",15(5),1431,-,3,0.5,0.8,1.1,1.0,0.2,0.7,1.1,6.87
"91Ben MeeBurnley, 32, D(CL)","Ben Mee Burnley, 32, D(CL)",21,1840,3,-,0.9,0.2,0.2,0.3,0.1,-,0.2,6.91
"92Ollie WatkinsAston Villa, 26, AM(LR),FW","Ollie Watkins Aston Villa, 26, AM(LR),FW",32(2),2865,11,1,2.2,1.0,1.1,1.1,0.4,1.6,2.4,6.91
"93Aaron Wan-BissakaMan Utd, 24, D(R),M(R)","Aaron Wan-Bissaka Man Utd, 24, D(R),M(R)",20,1794,-,-,0.3,0.7,1.8,0.7,0.1,0.7,1.2,6.91
"94Jamie VardyLeicester, 35, AM(L),FW","Jamie Vardy Leicester, 35, AM(L),FW",19(5),1716,14,2,2.1,0.8,0.3,0.5,0.8,0.3,1,6.91
"95Matthew CashAston Villa, 24, D(R),M(CLR)","Matthew Cash Aston Villa, 24, D(R),M(CLR)",37,3290,3,3,1,0.8,0.9,1,0.1,0.8,1.5,6.91
"96Scott McTominayMan Utd, 25, D(C),DMC","Scott McTominay Man Utd, 25, D(C),DMC",27(2),2303,1,1,0.9,0.8,1.2,1,-,1.1,1.5,6.9
"97Neco WilliamsLiverpool, 21, D(R)","Neco Williams Liverpool, 21, D(R)",0(1),7,-,1,-,1.0,1.0,-,-,-,-,6.9
"98Ricardo PereiraLeicester, 28, D(LR),M(R)","Ricardo Pereira Leicester, 28, D(LR),M(R)",13,974,1,2,0.8,0.7,0.8,1.2,-,0.5,0.9,6.9
"99Leandro TrossardBrighton, 27, M(CLR),FW","Leandro Trossard Brighton, 27, M(CLR),FW",32(2),2812,8,3,2.2,1.4,1.6,0.8,0.4,2.1,2.7,6.9
"100FredMan Utd, 29, M(C)","Fred Man Utd, 29, M(C)",23(4),1961,4,4,0.6,1.0,0.8,1,-,0.9,1.4,6.9
"81Adama TraoréWolves, 26, M(CLR),FW","Adama Traoré Wolves, 26, M(CLR),FW",10(10),1065,1,-,1.2,0.9,4.2,1.3,0.5,1.5,2.3,6.94
"82Michail AntonioWest Ham, 32, D(R),M(CLR),FW","Michail Antonio West Ham, 32, D(R),M(CLR),FW",33(2),2891,9,8,2.3,1.3,1.4,1.4,0.4,2,3.8,6.93
"83Aymeric LaporteMan City, 27, D(CL)","Aymeric Laporte Man City, 27, D(CL)",32,2746,4,-,1.1,0.3,0.2,0.3,0.1,0.2,0.1,6.93
"84Youri TielemansLeicester, 25, M(C)","Youri Tielemans Leicester, 25, M(C)",28(3),2544,6,4,1.9,1.2,0.8,1.2,-,0.9,1.4,6.92
"85Cristian RomeroTottenham, 24, D(C)","Cristian Romero Tottenham, 24, D(C)",21(1),1846,1,-,0.3,0.3,0.4,0.7,0.1,0.2,0.6,6.92
"86Marc CucurellaBrighton, 23, D(CL),M(L)","Marc Cucurella Brighton, 23, D(CL),M(L)",34,3002,1,1,0.5,1.2,0.8,0.8,0.1,0.4,1.1,6.92
"87Philippe CoutinhoAston Villa, 29, M(CLR)","Philippe Coutinho Aston Villa, 29, M(CLR)",15(3),1267,4,3,2.3,1.3,1.2,1.1,0.2,1.1,1.9,6.92
"88Hakim ZiyechChelsea, 29, M(CLR)","Hakim Ziyech Chelsea, 29, M(CLR)",13(9),1227,4,3,2.3,1.3,1.2,1.3,0.2,1,2,6.92
"89Jason SteeleBrighton, 31, GK","Jason Steele Brighton, 31, GK",1,90,-,-,-,-,-,-,-,-,-,6.92
"90Nathan AkéMan City, 27, D(CL),DMC","Nathan Aké Man City, 27, D(CL),DMC",10(4),921,2,-,0.4,0.1,-,0.1,-,0.2,0.3,6.92
"71RicharlisonEverton, 25, AM(CLR),FW","Richarlison Everton, 25, AM(CLR),FW",28(2),2528,10,5,2.4,1.0,1.3,2.3,0.7,1.8,3.1,6.96
"72JorginhoChelsea, 30, DMC","Jorginho Chelsea, 30, DMC",26(3),2279,6,2,0.6,0.9,0.6,1.3,-,0.7,0.8,6.96
"73Rúben DiasMan City, 25, D(C)","Rúben Dias Man City, 25, D(C)",27(2),2404,2,4,0.6,0.5,0.1,0.3,0.1,0.1,0.3,6.96
"74Thomas ParteyArsenal, 28, D(R),M(CR)","Thomas Partey Arsenal, 28, D(R),M(CR)",23(1),2032,2,1,1.8,0.7,1.5,0.7,-,0.7,1.4,6.96
"75Matt TargettNewcastle, 26, D(L),M(L)","Matt Targett Newcastle, 26, D(L),M(L)",15,1350,-,-,0.4,1.2,0.5,0.8,0.1,0.3,0.7,6.95
"76Sergio ReguilónTottenham, 25, D(L),M(L)","Sergio Reguilón Tottenham, 25, D(L),M(L)",22(3),1923,2,3,0.8,1.2,0.8,1.0,-,0.5,1.2,6.95
"77Wilfred NdidiLeicester, 25, D(C),DMC","Wilfred Ndidi Leicester, 25, D(C),DMC",18(1),1619,-,-,0.7,0.1,0.6,1.2,0.1,0.8,1.3,6.95
"78Dan BurnNewcastle, 30, D(CL),M(L)","Dan Burn Newcastle, 30, D(CL),M(L)",15,1350,-,1,0.7,0.3,-,0.3,0.3,0.1,0.3,6.95
"79RaphinhaLeeds, 25, AM(LR),FW","Raphinha Leeds, 25, AM(LR),FW",33(1),2833,10,3,2.4,1.9,1.8,1.3,0.4,1.0,2.9,6.94
"80Nathan CollinsBurnley, 21, D(CR)","Nathan Collins Burnley, 21, D(CR)",17(1),1580,2,-,0.8,0.3,0.2,0.7,0.2,0.1,0.5,6.94
"61Paul PogbaMan Utd, 29, M(CL)","Paul Pogba Man Utd, 29, M(CL)",16(4),1355,1,9,1.6,1.2,2.0,1.5,-,1.4,2.1,7.0
"62N'Golo KantéChelsea, 31, DMC","N'Golo Kanté Chelsea, 31, DMC",20(5),1688,2,4,0.7,0.9,1.4,0.4,-,1.1,1.4,6.99
"63Ibrahima KonatéLiverpool, 22, D(C)","Ibrahima Konaté Liverpool, 22, D(C)",10,900,-,-,0.4,-,0.2,0.3,-,0.1,0.4,6.99
"64Mason GreenwoodMan Utd, 20, AM(R),FW","Mason Greenwood Man Utd, 20, AM(R),FW",16(2),1281,5,1,2.7,0.9,1.8,0.9,0.2,0.9,1.4,6.98
"65James TarkowskiBurnley, 29, D(C)","James Tarkowski Burnley, 29, D(C)",34,3017,1,2,0.6,0.3,0.1,0.5,0.1,0.1,0.4,6.98
"66Ethan PinnockBrentford, 28, D(C)","Ethan Pinnock Brentford, 28, D(C)",32,2698,1,1,0.5,0.3,0.3,0.4,-,0.2,0.4,6.97
"67Rayan Aït-NouriWolves, 20, D(L),M(L)","Rayan Aït-Nouri Wolves, 20, D(L),M(L)",19(3),1738,1,2,0.5,0.8,1.9,0.9,0.1,1.2,1.9,6.97
"68Wilfried ZahaCrystal Palace, 29, AM(LR),FW","Wilfried Zaha Crystal Palace, 29, AM(LR),FW",30(2),2671,13,1,2.1,1.4,2.3,3.0,0.7,3.3,3.8,6.96
"69Matt DohertyTottenham, 30, D(LR),M(LR)","Matt Doherty Tottenham, 30, D(LR),M(LR)",9(6),874,2,4,1.1,1,0.4,0.3,-,0.4,1.1,6.96
"70Dwight McNeilBurnley, 22, M(LR)","Dwight McNeil Burnley, 22, M(LR)",34(3),3024,-,1,1.3,1.2,2.4,1.0,-,1.3,2.1,6.96
"51Trevoh ChalobahChelsea, 22, D(CR),DMC","Trevoh Chalobah Chelsea, 22, D(CR),DMC",17(3),1451,3,1,0.5,0.2,0.5,0.7,-,0.4,0.5,7.03
"52Konstantinos TsimikasLiverpool, 26, D(L)","Konstantinos Tsimikas Liverpool, 26, D(L)",9(4),874,-,2,0.6,1.9,0.6,0.5,-,0.4,0.6,7.03
"53James Ward-ProwseSouthampton, 27, M(CR)","James Ward-Prowse Southampton, 27, M(CR)",35,3127,9,5,1.5,2,0.3,0.4,-,0.7,0.6,7.03
"54Caoimhin KelleherLiverpool, 23, GK","Caoimhin Kelleher Liverpool, 23, GK",2,180,-,-,-,-,-,0.5,-,-,-,7.02
"55Oleksandr ZinchenkoMan City, 25, D(L),M(CLR)","Oleksandr Zinchenko Man City, 25, D(L),M(CLR)",10(4),1000,-,3,0.9,1,0.3,0.1,0.1,0.4,0.7,7.02
"56Kepa ArrizabalagaChelsea, 27, GK","Kepa Arrizabalaga Chelsea, 27, GK",4,360,-,-,-,-,-,0.3,-,-,-,7.02
"57Riyad MahrezMan City, 31, AM(CLR),FW","Riyad Mahrez Man City, 31, AM(CLR),FW",14(13),1437,11,5,2.2,1.4,0.9,0.6,0.1,0.7,1.5,7.01
"58Tomas SoucekWest Ham, 27, DMC","Tomas Soucek West Ham, 27, DMC",33(1),2972,5,1,1.3,0.6,0.3,0.5,0.1,0.5,1.2,7.0
"59Christian NørgaardBrentford, 28, D(C),DMC","Christian Nørgaard Brentford, 28, D(C),DMC",35,3059,3,4,0.8,0.8,0.5,0.9,-,0.7,0.7,7.0
"60FabinhoLiverpool, 28, D(CR),DMC","Fabinho Liverpool, 28, D(CR),DMC",26(3),2316,5,1,0.7,0.6,0.4,1.0,-,0.4,0.8,7.0
"41Bruno FernandesMan Utd, 27, M(CLR)","Bruno Fernandes Man Utd, 27, M(CLR)",34(1),3030,10,6,2.4,2.5,0.7,1.3,0.1,1.0,1.2,7.08
"42TotiWolves, 23, Defender","Toti Wolves, 23, Defender",3,270,-,-,0.3,-,1.0,0.7,0.3,0.7,1.0,7.08
"43Conor GallagherCrystal Palace, 22, AM(C)","Conor Gallagher Crystal Palace, 22, AM(C)",32(1),2761,8,3,1.5,1.1,1.3,1.8,0.1,1.5,1.9,7.08
"44Thiago SilvaChelsea, 37, D(C)","Thiago Silva Chelsea, 37, D(C)",27(4),2561,3,-,0.6,0.2,0.2,0.4,-,0.1,0.2,7.06
"45Bukayo SakaArsenal, 20, D(L),M(CLR)","Bukayo Saka Arsenal, 20, D(L),M(CLR)",35(2),2918,11,6,2.5,1.8,1.1,1.6,0.4,1.3,2.3,7.05
"46Dejan KulusevskiTottenham, 22, AM(CR),FW","Dejan Kulusevski Tottenham, 22, AM(CR),FW",13(4),1199,3,8,1.4,1.4,1.2,0.8,0.2,1.1,2.1,7.05
"47Bruno GuimarãesNewcastle, 24, DMC","Bruno Guimarães Newcastle, 24, DMC",10(6),944,5,1,1.3,0.8,1.4,2.1,0.3,1.7,1.3,7.05
"48Mateo KovacicChelsea, 28, M(CL)","Mateo Kovacic Chelsea, 28, M(CL)",16(9),1557,2,5,0.9,1.1,1.5,0.8,-,0.9,0.7,7.04
"49Yves BissoumaBrighton, 25, M(C)","Yves Bissouma Brighton, 25, M(C)",24(1),2071,1,2,0.8,0.3,1.4,0.8,-,1.0,1.2,7.04
"50James MaddisonLeicester, 25, AM(CLR)","James Maddison Leicester, 25, AM(CLR)",27(7),2386,11,7,2.1,1.3,0.9,1.9,0.1,0.9,1.1,7.03
"31Zack SteffenMan City, 27, GK","Zack Steffen Man City, 27, GK",1,90,-,-,-,-,-,-,-,-,-,7.16
"32Rodrigo BentancurTottenham, 24, M(C)","Rodrigo Bentancur Tottenham, 24, M(C)",15(1),1294,-,2,0.9,0.8,0.9,0.8,-,0.8,0.8,7.15
"33Pierre-Emile HøjbjergTottenham, 26, M(C)","Pierre-Emile Højbjerg Tottenham, 26, M(C)",35,3109,2,2,0.9,0.7,1.1,1,-,0.6,0.9,7.14
"34John StonesMan City, 27, D(CR)","John Stones Man City, 27, D(CR)",11(2),1028,1,-,0.5,0.2,0.6,0.5,-,0.1,0.2,7.13
"35Diogo JotaLiverpool, 25, AM(CLR),FW","Diogo Jota Liverpool, 25, AM(CLR),FW",26(8),2315,15,4,2.6,1.2,0.8,1.2,0.1,0.9,1.8,7.11
"36Cristiano RonaldoMan Utd, 37, M(L),FW","Cristiano Ronaldo Man Utd, 37, M(L),FW",27(3),2459,18,3,3.7,0.9,0.7,0.6,1.1,1,1.7,7.11
"37Allan Saint-MaximinNewcastle, 25, AM(CLR),FW","Allan Saint-Maximin Newcastle, 25, AM(CLR),FW",30(4),2740,5,4,1.9,1.4,4.4,1.4,0.4,2.6,3.5,7.11
"38ThiagoLiverpool, 31, M(C)","Thiago Liverpool, 31, M(C)",16(8),1492,1,3,1,1.2,0.8,0.5,-,0.5,0.6,7.09
"39Declan RiceWest Ham, 23, D(C),DMC","Declan Rice West Ham, 23, D(C),DMC",34(1),3088,1,4,0.7,0.7,1.4,0.3,-,0.5,0.7,7.09
"40Marcos AlonsoChelsea, 31, D(CL),M(L)","Marcos Alonso Chelsea, 31, D(CL),M(L)",25(3),2173,4,4,1.5,1.5,0.5,1,0.1,0.9,1.5,7.09
"21Gabriel JesusMan City, 25, AM(LR),FW","Gabriel Jesus Man City, 25, AM(LR),FW",20(7),1790,8,8,2.3,1.3,1.6,0.9,0.3,0.9,2.2,7.22
"22Ilkay GündoganMan City, 31, M(C)","Ilkay Gündogan Man City, 31, M(C)",20(6),1834,6,4,2.0,1.5,0.9,0.4,0.1,0.7,1.0,7.21
"23Andrew RobertsonLiverpool, 28, D(L),M(L)","Andrew Robertson Liverpool, 28, D(L),M(L)",28,2451,2,10,0.6,2.0,0.4,0.3,0.1,0.5,0.8,7.21
"24Raheem SterlingMan City, 27, M(CLR),FW","Raheem Sterling Man City, 27, M(CLR),FW",23(6),2093,13,4,2.0,1.4,1.8,1.3,0.3,1.8,2.1,7.21
"25John McGinnAston Villa, 27, M(C)","John McGinn Aston Villa, 27, M(C)",34,3002,3,4,1.3,1.5,1.3,2.3,-,0.8,1.4,7.21
"26Mason MountChelsea, 23, M(CLR)","Mason Mount Chelsea, 23, M(CLR)",26(5),2276,11,10,2.3,1.8,0.5,0.7,0.2,1.1,2.2,7.2
"27Jarrod BowenWest Ham, 25, AM(CLR),FW","Jarrod Bowen West Ham, 25, AM(CLR),FW",33(2),2903,12,10,2.2,1.2,1.4,1.2,0.4,1.4,1.9,7.19
"28Virgil van DijkLiverpool, 30, D(C)","Virgil van Dijk Liverpool, 30, D(C)",34,3060,3,1,1.0,0.3,0.2,0.2,-,0.1,0.1,7.18
"29Jack GrealishMan City, 26, AM(CL),FW","Jack Grealish Man City, 26, AM(CL),FW",22(4),1917,3,3,1.7,2.0,1.5,2.1,0.2,1.1,1.2,7.17
"30Moisés CaicedoBrighton, 20, M(C)","Moisés Caicedo Brighton, 20, M(C)",7,585,1,1,1.1,0.4,1.0,1.4,0.1,1.3,1.3,7.16
"11Harry KaneTottenham, 28, AM(C),FW","Harry Kane Tottenham, 28, AM(C),FW",35(1),3142,16,8,3.5,1.3,1.4,1.4,0.4,1.7,2.7,7.4
"12Joel MatipLiverpool, 30, D(C)","Joel Matip Liverpool, 30, D(C)",30,2700,3,2,1.1,0.3,0.3,0.4,-,0.2,0.4,7.32
"13Bernardo SilvaMan City, 27, M(CLR),FW","Bernardo Silva Man City, 27, M(CLR),FW",32(2),2793,8,4,1.4,1.7,1.6,1,0.3,0.7,1.6,7.31
"14Ivan ToneyBrentford, 26, FW","Ivan Toney Brentford, 26, FW",31(1),2818,12,5,2.6,1.3,0.7,2.4,0.8,1.4,3.3,7.3
"15Phil FodenMan City, 21, AM(CLR),FW","Phil Foden Man City, 21, AM(CLR),FW",23(4),2043,9,5,2,1.4,1.2,0.7,0.5,1.3,1.6,7.28
"16Kristoffer KlaessonLeeds, 21, Goalkeeper","Kristoffer Klaesson Leeds, 21, Goalkeeper",0(1),35,-,-,-,-,-,-,-,-,-,7.27
"17Sadio ManéLiverpool, 30, AM(CLR),FW","Sadio Mané Liverpool, 30, AM(CLR),FW",31(2),2735,15,2,2.9,1.1,1.4,1.5,0.5,1.7,3.1,7.26
"18Reece JamesChelsea, 22, D(CR),DMC,M(R)","Reece James Chelsea, 22, D(CR),DMC,M(R)",21(4),1778,5,8,1.5,1.8,1.4,1.2,0.2,0.8,1,7.25
"19Danny WardLeicester, 28, GK","Danny Ward Leicester, 28, GK",1,90,-,-,-,-,-,-,-,-,-,7.25
"20Ferran TorresMan City, 22, AM(LR),FW","Ferran Torres Man City, 22, AM(LR),FW",4,305,2,1,3.3,0.3,1,0.3,0.3,0.5,1,7.23
"1Ben ChilwellChelsea, 25, D(L),M(L)","Ben Chilwell Chelsea, 25, D(L),M(L)",6,540,3,1,2.2,1.7,0.5,2.5,0.3,0.5,2.2,7.65
"2Kevin De BruyneMan City, 30, M(CLR),FW","Kevin De Bruyne Man City, 30, M(CLR),FW",24(5),2115,15,7,2.6,2.8,1.1,0.9,0.1,0.7,1.3,7.64
"3Mohamed SalahLiverpool, 29, AM(CLR),FW","Mohamed Salah Liverpool, 29, AM(CLR),FW",30(4),2731,22,13,3.9,1.9,1.6,0.6,0.4,2.4,2.9,7.55
"4Trent Alexander-ArnoldLiverpool, 23, D(R),M(R)","Trent Alexander-Arnold Liverpool, 23, D(R),M(R)",31,2764,2,12,1.5,2.7,0.5,0.2,0.3,0.5,1.3,7.5
"5Kieran TrippierNewcastle, 31, D(R),M(R)","Kieran Trippier Newcastle, 31, D(R),M(R)",4(1),340,2,-,0.4,1.4,-,0.6,-,0.2,0.2,7.5
"6Son Heung-MinTottenham, 29, M(CLR),FW","Son Heung-Min Tottenham, 29, M(CLR),FW",34,2931,21,7,2.3,2.1,1.5,1.0,0.5,1.3,2.1,7.48
"7Luis DíazLiverpool, 25, AM(L)","Luis Díaz Liverpool, 25, AM(L)",10(2),874,4,3,2.9,1.4,2.3,1.2,0.3,2.0,2.0,7.45
"8João CanceloMan City, 27, D(LR),M(R)","João Cancelo Man City, 27, D(LR),M(R)",35,3138,1,7,2.2,1.1,1.5,0.7,0.1,0.6,1.2,7.44
"9Christian EriksenBrentford, 30, M(CLR)","Christian Eriksen Brentford, 30, M(CLR)",9(1),848,1,4,2.1,2.6,0.6,0.2,-,0.8,1.5,7.42
"10RodriMan City, 25, DMC","Rodri Man City, 25, DMC",32,2797,6,2,1.3,0.9,0.4,0.6,-,0.7,0.6,7.42
