,Player,Player.1,Apps,Mins,Tackles,Inter,Fouls,Offsides,Clear,Drb,Blocks,OwnG,Rating
0,"541Sead KolasinacArsenal, 28, D(CL),DMC,M(L)","Sead Kolasinac Arsenal, 28, D(CL),DMC,M(L)",1(1),91,-,2,1,-,0.5,-,-,-,5.72
1,"542Jonas LösslBrentford, 33, GK","Jonas Lössl Brentford, 33, GK",2,180,-,-,-,-,0.5,-,-,-,5.55
2,"543Jed SteerAston Villa, 29, GK","Jed Steer Aston Villa, 29, GK",1,90,-,-,-,-,-,-,-,-,5.46
0,"531Cenk TosunEverton, 30, FW","Cenk Tosun Everton, 30, FW",0(1),6,-,-,-,-,-,-,-,-,5.96
1,"532Jaden Philogene-BidaceAston Villa, 20, AM(L)","Jaden Philogene-Bidace Aston Villa, 20, AM(L)",0(1),4,-,-,-,-,-,-,-,-,5.95
2,"533Folarin BalogunArsenal, 20, FW","Folarin Balogun Arsenal, 20, FW",1(1),70,0.5,-,-,-,0.5,-,-,-,5.95
3,"534Morgan Gibbs-WhiteWolves, 22, AM(CR),FW","Morgan Gibbs-White Wolves, 22, AM(CR),FW",0(2),7,-,-,1,-,-,-,-,-,5.94
4,"535Evan FergusonBrighton, 17, Forward","Evan Ferguson Brighton, 17, Forward",0(1),22,-,-,-,-,-,-,-,-,5.93
5,"536Keinan DavisAston Villa, 24, FW","Keinan Davis Aston Villa, 24, FW",0(1),11,-,-,-,-,-,-,-,-,5.92
6,"537Liam McCarronLeeds, 21, Midfielder","Liam McCarron Leeds, 21, Midfielder",0(1),9,-,-,-,-,-,-,-,-,5.91
7,"538Lewis BateLeeds, 19, Midfielder","Lewis Bate Leeds, 19, Midfielder",1(2),147,0.3,0.3,1,-,0.3,2.7,-,-,5.82
8,"539Freddie WoodmanNewcastle, 25, GK","Freddie Woodman Newcastle, 25, GK",4,360,-,-,-,-,-,-,-,-,5.81
9,"540Hannibal MejbriMan Utd, 19, Midfielder","Hannibal Mejbri Man Utd, 19, Midfielder",0(1),6,-,-,1,-,-,-,-,-,5.73
0,"521Alex KrálWest Ham, 24, DMC","Alex Král West Ham, 24, DMC",0(1),1,-,-,-,-,-,-,-,-,6
1,"522Daniel ChestersWest Ham, 20, Midfielder","Daniel Chesters West Ham, 20, Midfielder",0(1),1,-,-,-,-,-,-,-,-,6
2,"523Hélder CostaLeeds, 28, AM(CLR)","Hélder Costa Leeds, 28, AM(CLR)",0(1),20,-,-,1,-,-,-,-,-,6
3,"524Moise KeanEverton, 22, AM(L),FW","Moise Kean Everton, 22, AM(L),FW",0(1),1,-,-,-,-,-,-,-,-,6
4,"525Nohan KennehLeeds, 19, Midfielder","Nohan Kenneh Leeds, 19, Midfielder",1,1,-,-,-,-,-,-,-,-,6
5,"526Wesley MoraesAston Villa, 25, FW","Wesley Moraes Aston Villa, 25, FW",0(1),1,-,-,1,-,-,-,-,-,6
6,"527Stuart McKinstryLeeds, 19, Midfielder","Stuart McKinstry Leeds, 19, Midfielder",0(1),3,-,-,-,1,-,-,-,-,5.99
7,"528Lewis DobbinEverton, 19, Forward","Lewis Dobbin Everton, 19, Forward",0(3),30,0.7,-,0.3,-,-,0.3,-,-,5.99
8,"529Nathan FergusonCrystal Palace, 21, D(LR)","Nathan Ferguson Crystal Palace, 21, D(LR)",0(1),8,-,-,-,-,-,-,-,-,5.98
9,"530Nathan Young-CoombesBrentford, 19, Forward","Nathan Young-Coombes Brentford, 19, Forward",0(1),3,-,-,1,-,-,-,-,-,5.98
0,"511EmersonChelsea, 27, D(L),M(L)","Emerson Chelsea, 27, D(L),M(L)",0(1),4,-,-,-,-,-,-,-,-,6.03
1,"512TrézéguetAston Villa, 27, AM(LR)","Trézéguet Aston Villa, 27, AM(LR)",0(1),10,-,-,-,-,-,-,-,-,6.03
2,"513Dwight GayleNewcastle, 32, AM(LR),FW","Dwight Gayle Newcastle, 32, AM(LR),FW",0(8),34,0.1,0.1,0.3,-,-,0.1,-,-,6.02
3,"514Tyler OnyangoEverton, 19, Midfielder","Tyler Onyango Everton, 19, Midfielder",0(3),27,-,-,-,-,0.3,-,-,-,6.02
4,"515Cameron ArcherAston Villa, 20, FW","Cameron Archer Aston Villa, 20, FW",0(3),24,-,-,1,-,-,-,-,-,6.02
5,"516John RuddyWolves, 35, GK","John Ruddy Wolves, 35, GK",1,90,-,-,-,-,1,-,-,-,6.01
6,"517Kasey McAteerLeicester, 20, Midfielder","Kasey McAteer Leicester, 20, Midfielder",0(1),2,-,-,-,-,-,-,-,-,6.01
7,"518Dominic ThompsonBrentford, 21, D(L),M(L)","Dominic Thompson Brentford, 21, D(L),M(L)",2,148,0.5,1,0.5,-,1.5,0.5,1,-,6.01
8,"519Jeremy SarmientoBrighton, 19, Forward","Jeremy Sarmiento Brighton, 19, Forward",1(4),45,0.2,-,-,-,-,0.4,-,-,6
9,"520Alejandro GarnachoMan Utd, 17, Midfielder","Alejandro Garnacho Man Utd, 17, Midfielder",0(1),1,-,-,-,-,-,-,-,-,6
0,"501Jesurun Rak-SakyiCrystal Palace, 19, Midfielder","Jesurun Rak-Sakyi Crystal Palace, 19, Midfielder",0(1),14,-,-,-,-,-,-,-,-,6.06
1,"502Christos TzolisNorwich, 20, AM(L)","Christos Tzolis Norwich, 20, AM(L)",3(11),330,0.4,0.1,0.1,-,0.1,0.5,-,-,6.06
2,"503Mads BidstrupBrentford, 21, Midfielder","Mads Bidstrup Brentford, 21, Midfielder",0(4),38,0.3,0.3,0.3,-,0.5,0.8,-,-,6.06
3,"504Ozan TufanWatford, 27, D(R),M(CR)","Ozan Tufan Watford, 27, D(R),M(CR)",4(3),338,0.4,0.3,1.3,-,0.4,0.6,-,-,6.06
4,"505Ashley FletcherWatford, 26, AM(CL),FW","Ashley Fletcher Watford, 26, AM(CL),FW",0(3),28,0.7,-,0.3,-,-,-,0.3,-,6.05
5,"506Bali MumbaNorwich, 20, M(R)","Bali Mumba Norwich, 20, M(R)",0(1),45,1,-,-,-,5,-,-,-,6.05
6,"507Anwar El GhaziEverton, 27, AM(LR),FW","Anwar El Ghazi Everton, 27, AM(LR),FW",0(2),11,0.5,-,-,-,-,-,-,-,6.05
7,"508Jürgen LocadiaBrighton, 28, AM(LR),FW","Jürgen Locadia Brighton, 28, AM(LR),FW",0(1),22,-,-,1,-,-,-,-,-,6.04
8,"509Reiss NelsonArsenal, 22, M(LR)","Reiss Nelson Arsenal, 22, M(LR)",0(1),19,1,-,-,-,-,1,-,-,6.04
9,"510Cody DramehLeeds, 20, D(R)","Cody Drameh Leeds, 20, D(R)",1(2),126,1.3,0.3,0.7,0.3,1,0.7,-,-,6.03
0,"491Ryan BertrandLeicester, 32, D(CL),M(L)","Ryan Bertrand Leicester, 32, D(CL),M(L)",4,338,2,0.3,0.8,0.3,1.5,0.8,0.8,-,6.1
1,"492Aaron ConnollyBrighton, 22, FW","Aaron Connolly Brighton, 22, FW",1(3),155,-,-,-,-,-,0.3,-,-,6.1
2,"493Joe RodonTottenham, 24, D(C)","Joe Rodon Tottenham, 24, D(C)",0(3),87,-,-,-,-,2.3,-,0.3,-,6.09
3,"494KaykyMan City, 18, Forward","Kayky Man City, 18, Forward",0(1),6,-,-,1,-,-,-,-,-,6.09
4,"495Theo WalcottSouthampton, 33, M(CLR),FW","Theo Walcott Southampton, 33, M(CLR),FW",5(4),381,0.4,0.6,0.1,-,0.2,0.4,-,-,6.09
5,"496Fábio SilvaWolves, 19, FW","Fábio Silva Wolves, 19, FW",6(16),565,0.1,-,0.6,-,-,0.4,-,-,6.09
6,"497Kaide GordonLiverpool, 17, Forward","Kaide Gordon Liverpool, 17, Forward",0(1),8,1,-,1,-,-,-,-,-,6.08
7,"498Sonny PerkinsWest Ham, 18, Midfielder","Sonny Perkins West Ham, 18, Midfielder",0(1),3,-,-,-,-,-,-,-,-,6.08
8,"499Jean-Philippe GbaminEverton, 26, D(CR),DMC","Jean-Philippe Gbamin Everton, 26, D(CR),DMC",1(2),67,0.3,0.3,-,-,0.3,0.7,-,-,6.07
9,"500Christoph ZimmermannNorwich, 29, D(C)","Christoph Zimmermann Norwich, 29, D(C)",2,104,2,0.5,-,-,1.5,-,-,-,6.07
0,"481Bryan GilTottenham, 21, AM(CLR)","Bryan Gil Tottenham, 21, AM(CLR)",0(9),86,0.3,-,0.1,-,-,0.1,-,-,6.15
1,"482Josh DasilvaBrentford, 23, M(C)","Josh Dasilva Brentford, 23, M(C)",2(6),220,0.3,0.1,0.4,-,0.5,-,-,-,6.15
2,"483Taylor RichardsBrighton, 21, AM(C)","Taylor Richards Brighton, 21, AM(C)",0(2),23,0.5,-,0.5,-,-,0.5,-,-,6.14
3,"484Chem CampbellWolves, 19, Forward","Chem Campbell Wolves, 19, Forward",0(1),12,1,-,-,-,-,-,-,-,6.13
4,"485James McAteeMan City, 19, Midfielder","James McAtee Man City, 19, Midfielder",0(2),19,-,-,0.5,-,-,1,-,-,6.13
5,"486Calum ChambersArsenal, 27, D(CR),DMC","Calum Chambers Arsenal, 27, D(CR),DMC",2,171,2.5,-,1,-,4.5,0.5,1.5,-,6.13
6,"487Tony SpringettNorwich, 19, Midfielder","Tony Springett Norwich, 19, Midfielder",1(1),112,1,-,-,-,0.5,1.5,-,-,6.13
7,"488Tyler MortonLiverpool, 19, M(C)","Tyler Morton Liverpool, 19, M(C)",1(1),66,-,1.5,0.5,-,-,1,-,-,6.13
8,"489Jairo RiedewaldCrystal Palace, 25, D(CL),DMC","Jairo Riedewald Crystal Palace, 25, D(CL),DMC",1(2),117,0.3,0.3,0.3,-,0.3,0.3,-,-,6.12
9,"490Lewis BruntLeicester, 21, Midfielder","Lewis Brunt Leicester, 21, Midfielder",0(1),23,-,-,-,-,-,-,-,-,6.12
0,"471Salomón RondónEverton, 32, FW","Salomón Rondón Everton, 32, FW",8(12),783,0.3,-,0.6,-,0.5,0.5,-,-,6.19
1,"472André GomesEverton, 28, M(CLR)","André Gomes Everton, 28, M(CLR)",7(7),619,1.2,0.1,1.7,-,0.5,1.7,0.1,-,6.18
2,"473Axel TuanzebeAston Villa, 24, D(CR)","Axel Tuanzebe Aston Villa, 24, D(CR)",6(3),506,0.6,0.6,0.3,0.4,1.3,0.3,0.4,-,6.18
3,"474Ashley BarnesBurnley, 32, AM(CL),FW","Ashley Barnes Burnley, 32, AM(CL),FW",7(15),713,0.5,0.1,0.9,-,0.2,0.3,-,-,6.17
4,"475Harrison AshbyWest Ham, 20, Defender","Harrison Ashby West Ham, 20, Defender",0(1),6,-,1,-,-,1,-,-,-,6.17
5,"476Jonathan RoweNorwich, 19, Forward","Jonathan Rowe Norwich, 19, Forward",0(13),211,0.2,0.2,0.2,-,0.1,0.1,-,-,6.17
6,"477Dale StephensBurnley, 32, M(C)","Dale Stephens Burnley, 32, M(C)",1(2),123,1.3,0.3,1.7,-,0.3,1.7,0.3,-,6.17
7,"478Andriy YarmolenkoWest Ham, 32, AM(CR),FW","Andriy Yarmolenko West Ham, 32, AM(CR),FW",1(17),295,0.2,-,0.1,-,0.1,0.3,0.1,-,6.16
8,"479Ryan FredericksWest Ham, 29, D(R),M(R)","Ryan Fredericks West Ham, 29, D(R),M(R)",3(4),304,0.3,0.6,0.4,-,0.7,0.1,0.1,-,6.15
9,"480Marcus ForssBrentford, 22, FW","Marcus Forss Brentford, 22, FW",1(6),203,0.4,0.1,0.4,-,-,0.3,-,-,6.15
0,"461Karl DarlowNewcastle, 31, GK","Karl Darlow Newcastle, 31, GK",8,720,-,-,0.1,-,1,-,-,-,6.22
1,"462Ellis SimmsEverton, 21, FW","Ellis Simms Everton, 21, FW",1,62,-,-,-,-,1,-,1,-,6.21
2,"463Jarrad BranthwaiteEverton, 19, D(C)","Jarrad Branthwaite Everton, 19, D(C)",3(2),298,0.6,0.2,0.6,0.4,2.8,0.6,0.2,-,6.21
3,"464Ayoze PérezLeicester, 28, AM(CLR),FW","Ayoze Pérez Leicester, 28, AM(CLR),FW",6(7),417,0.2,0.2,0.5,-,0.3,1,0.1,-,6.21
4,"465Carney ChukwuemekaAston Villa, 18, Midfielder","Carney Chukwuemeka Aston Villa, 18, Midfielder",2(10),295,0.6,0.2,0.3,-,0.2,0.2,-,-,6.2
5,"466Mads Bech SørensenBrentford, 23, D(CL)","Mads Bech Sørensen Brentford, 23, D(CL)",8(2),764,0.6,0.3,0.8,0.1,2.3,0.1,0.6,-,6.2
6,"467Dane ScarlettTottenham, 18, Forward","Dane Scarlett Tottenham, 18, Forward",0(1),3,-,-,-,-,-,-,-,-,6.2
7,"468Przemyslaw PlachetaNorwich, 24, AM(LR)","Przemyslaw Placheta Norwich, 24, AM(LR)",6(6),506,0.3,0.2,0.1,-,0.3,0.4,0.1,-,6.2
8,"469Troy DeeneyWatford, 33, FW","Troy Deeney Watford, 33, FW",0(2),23,-,-,-,-,1,0.5,-,-,6.19
9,"470Charlie CresswellLeeds, 19, Defender","Charlie Cresswell Leeds, 19, Defender",1(4),131,1,0.4,0.6,-,1.2,-,0.2,-,6.19
0,"451Samuel KaluWatford, 24, M(LR)","Samuel Kalu Watford, 24, M(LR)",2(2),222,0.5,0.8,-,-,0.5,-,-,-,6.25
1,"452Nathan TellaSouthampton, 22, AM(LR),FW","Nathan Tella Southampton, 22, AM(LR),FW",10(4),811,0.9,0.4,1.2,-,0.6,0.9,-,-,6.25
2,"453Willy CaballeroSouthampton, 40, GK","Willy Caballero Southampton, 40, GK",2,180,-,-,-,-,1.5,-,-,-,6.25
3,"454Ciaran ClarkNewcastle, 32, D(CL)","Ciaran Clark Newcastle, 32, D(CL)",12(1),1015,1,1,0.5,0.4,3.2,0.4,0.8,-,6.24
4,"455Kieran DowellNorwich, 24, AM(CLR)","Kieran Dowell Norwich, 24, AM(CLR)",10(8),852,1,0.4,1.1,-,0.2,1.3,0.1,-,6.24
5,"456Jesse LingardMan Utd, 29, AM(CLR),FW","Jesse Lingard Man Utd, 29, AM(CLR),FW",2(14),356,0.6,-,0.3,-,0.1,0.3,-,-,6.24
6,"457Todd CantwellNorwich, 24, AM(CLR)","Todd Cantwell Norwich, 24, AM(CLR)",5(3),441,1.9,0.4,0.5,-,0.3,1.4,-,-,6.23
7,"458Crysencio SummervilleLeeds, 20, AM(R)","Crysencio Summerville Leeds, 20, AM(R)",0(6),126,0.8,0.3,0.2,-,-,0.2,-,-,6.23
8,"459Moussa DjenepoSouthampton, 23, AM(LR)","Moussa Djenepo Southampton, 23, AM(LR)",5(6),437,0.8,0.2,0.8,-,0.5,0.5,0.1,-,6.22
9,"460Nikola VlasicWest Ham, 24, AM(CLR),FW","Nikola Vlasic West Ham, 24, AM(CLR),FW",6(13),555,0.6,0.1,0.4,-,0.1,0.8,-,-,6.22
0,"441Kevin LongBurnley, 31, D(C)","Kevin Long Burnley, 31, D(C)",3(2),318,0.6,-,0.8,0.4,3.4,0.2,0.2,-,6.28
1,"442Eric BaillyMan Utd, 28, D(CR)","Eric Bailly Man Utd, 28, D(CR)",3(1),218,1.3,0.8,0.5,0.5,2.5,0.3,0.5,1,6.28
2,"443Ben FosterWatford, 39, GK","Ben Foster Watford, 39, GK",26,2340,-,-,-,-,0.6,0.1,-,-,6.27
3,"444Mads RoerslevBrentford, 22, D(R),M(R)","Mads Roerslev Brentford, 22, D(R),M(R)",12(9),1235,1.1,0.8,0.9,0.1,1.2,0.9,0.2,-,6.27
4,"445Dan GoslingWatford, 32, M(C)","Dan Gosling Watford, 32, M(C)",2(1),157,0.3,-,0.7,-,1,1.3,-,-,6.27
5,"446William Troost-EkongWatford, 28, D(C)","William Troost-Ekong Watford, 28, D(C)",15(2),1388,1.1,0.4,0.8,0.6,4.8,0.3,0.8,-,6.27
6,"447William SmallboneSouthampton, 22, M(R)","William Smallbone Southampton, 22, M(R)",2(1),133,1.3,0.7,0.7,-,-,0.7,-,-,6.26
7,"448Lukas RuppNorwich, 31, M(CR)","Lukas Rupp Norwich, 31, M(CR)",7(11),745,0.5,0.5,0.4,-,0.3,0.6,0.1,-,6.25
8,"449Steven BergwijnTottenham, 24, AM(CLR),FW","Steven Bergwijn Tottenham, 24, AM(CLR),FW",4(20),534,0.1,-,0.3,-,0.3,0.4,-,-,6.25
9,"450Mark NobleWest Ham, 35, M(C)","Mark Noble West Ham, 35, M(C)",3(7),318,0.8,0.4,0.3,-,0.2,0.6,0.1,-,6.25
0,"431Tom DaviesEverton, 23, M(C)","Tom Davies Everton, 23, M(C)",1(4),155,0.6,0.4,0.4,-,0.6,0.4,-,-,6.3
1,"432Donny van de BeekMan Utd, 25, M(C)","Donny van de Beek Man Utd, 25, M(C)",0(8),69,0.8,0.3,0.3,-,0.1,0.1,0.1,-,6.3
2,"433Jonjoe KennyEverton, 25, D(R),M(R)","Jonjoe Kenny Everton, 25, D(R),M(R)",10(4),927,1,1.4,0.6,0.1,1.6,0.5,0.1,-,6.3
3,"434Giovani Lo CelsoTottenham, 26, M(CR),FW","Giovani Lo Celso Tottenham, 26, M(CR),FW",2(7),233,0.9,0.1,0.2,-,-,0.7,0.1,-,6.3
4,"435Aaron LennonBurnley, 35, M(LR)","Aaron Lennon Burnley, 35, M(LR)",17(10),1531,1.2,0.3,0.7,-,0.3,0.9,0.1,-,6.29
5,"436Dele AlliEverton, 26, M(CL),FW","Dele Alli Everton, 26, M(CL),FW",0(10),265,0.7,0.6,0.9,-,0.7,0.4,0.1,-,6.29
6,"437Joe GelhardtLeeds, 20, Forward","Joe Gelhardt Leeds, 20, Forward",4(15),667,0.2,-,0.8,-,0.2,0.4,-,-,6.29
7,"438Tom CleverleyWatford, 32, M(CLR)","Tom Cleverley Watford, 32, M(CLR)",19(8),1536,1.2,0.6,1,-,0.6,0.5,0.2,-,6.28
8,"439Ken SemaWatford, 28, M(CLR)","Ken Sema Watford, 28, M(CLR)",6(11),756,0.9,0.3,0.8,-,0.5,0.6,-,-,6.28
9,"440Bertrand TraoréAston Villa, 26, AM(R),FW","Bertrand Traoré Aston Villa, 26, AM(R),FW",1(8),213,0.3,-,-,-,0.1,0.1,-,-,6.28
0,"421Matej VydraBurnley, 30, AM(CL),FW","Matej Vydra Burnley, 30, AM(CL),FW",5(17),668,0.5,-,0.4,-,0.4,0.2,-,-,6.33
1,"422Sam GreenwoodLeeds, 20, Forward","Sam Greenwood Leeds, 20, Forward",0(6),147,1,0.2,0.7,-,-,0.3,-,-,6.33
2,"423Anwar El GhaziAston Villa, 27, AM(LR),FW","Anwar El Ghazi Aston Villa, 27, AM(LR),FW",4(5),383,0.4,0.1,0.9,-,0.2,0.6,-,-,6.33
3,"424Tyler RobertsLeeds, 23, AM(C),FW","Tyler Roberts Leeds, 23, AM(C),FW",7(16),979,0.7,0.2,0.6,-,0.4,0.3,-,-,6.32
4,"425Joshua SargentNorwich, 22, AM(CR),FW","Joshua Sargent Norwich, 22, AM(CR),FW",18(8),1579,1,0.4,0.3,-,0.7,1,0.1,-,6.32
5,"426Shandon BaptisteBrentford, 24, M(C)","Shandon Baptiste Brentford, 24, M(C)",9(12),885,0.7,0.4,0.3,-,0.5,0.4,-,-,6.32
6,"427Nampalys MendyLeicester, 29, M(C)","Nampalys Mendy Leicester, 29, M(C)",11(2),945,0.9,0.8,1.1,-,0.8,0.8,0.3,-,6.32
7,"428Peter EteboWatford, 26, M(CL),FW","Peter Etebo Watford, 26, M(CL),FW",4(5),398,1.2,0.6,0.9,0.1,0.4,0.6,0.1,-,6.31
8,"429Anthony MartialMan Utd, 26, AM(LR),FW","Anthony Martial Man Utd, 26, AM(LR),FW",2(6),210,-,-,-,-,0.1,0.1,-,-,6.31
9,"430Ki-Jana HoeverWolves, 20, M(R)","Ki-Jana Hoever Wolves, 20, M(R)",4(4),307,1.3,0.8,0.6,0.3,0.9,0.6,-,-,6.31
0,"411Adam IdahNorwich, 21, FW","Adam Idah Norwich, 21, FW",6(11),620,0.5,0.2,0.4,-,0.4,0.1,0.1,-,6.35
1,"412Ben GibsonNorwich, 29, D(CL)","Ben Gibson Norwich, 29, D(CL)",28,2495,0.8,1,0.4,0.1,4.9,0.2,1.1,-,6.35
2,"413Marcus RashfordMan Utd, 24, AM(CLR),FW","Marcus Rashford Man Utd, 24, AM(CLR),FW",13(12),1233,0.2,0.2,0.5,-,0.2,0.4,-,-,6.35
3,"414Ainsley Maitland-NilesArsenal, 24, D(LR),M(CLR)","Ainsley Maitland-Niles Arsenal, 24, D(LR),M(CLR)",2(6),265,1,0.5,0.5,-,0.4,0.3,-,-,6.35
4,"415Donny van de BeekEverton, 25, M(C)","Donny van de Beek Everton, 25, M(C)",5(1),431,2,0.8,1.2,-,0.7,1.2,0.3,-,6.35
5,"416Morgan SansonAston Villa, 27, M(CLR)","Morgan Sanson Aston Villa, 27, M(CLR)",3(7),352,1.2,1,0.3,-,0.2,0.4,-,-,6.34
6,"417Jeff HendrickNewcastle, 30, M(CR)","Jeff Hendrick Newcastle, 30, M(CR)",0(3),70,0.3,-,0.3,-,0.3,-,-,-,6.34
7,"418Luke CundleWolves, 20, Midfielder","Luke Cundle Wolves, 20, Midfielder",2(2),180,1,0.3,0.8,-,0.3,-,-,-,6.34
8,"419Adam ForshawLeeds, 30, M(C)","Adam Forshaw Leeds, 30, M(C)",17(5),1530,2.4,0.9,1.2,0.1,0.5,1.5,-,-,6.33
9,"420Jamal LewisNewcastle, 24, D(L),M(L)","Jamal Lewis Newcastle, 24, D(L),M(L)",4(1),263,1.6,0.6,0.4,-,1.6,0.2,0.4,-,6.33
0,"401Pedro NetoWolves, 22, AM(CLR),FW","Pedro Neto Wolves, 22, AM(CLR),FW",4(8),444,0.3,0.5,0.2,-,0.1,0.8,-,-,6.37
1,"402Mateusz KlichLeeds, 31, M(C)","Mateusz Klich Leeds, 31, M(C)",26(6),2090,1.5,0.3,1.3,-,0.6,1.3,0.1,-,6.37
2,"403Craig CathcartWatford, 33, D(CR)","Craig Cathcart Watford, 33, D(CR)",27(4),2396,1,0.9,0.4,0.4,4.2,0.5,1,-,6.37
3,"404Pascal StruijkLeeds, 22, D(C),DMC","Pascal Struijk Leeds, 22, D(C),DMC",22(6),2034,2.2,1.2,0.9,0.2,2,0.7,0.8,-,6.37
4,"405Christian KabaseleWatford, 31, D(C)","Christian Kabasele Watford, 31, D(C)",11(4),1101,0.4,0.9,0.3,0.3,4.2,0.2,0.9,-,6.37
5,"406Federico FernándezNewcastle, 33, D(C)","Federico Fernández Newcastle, 33, D(C)",5(2),522,0.4,0.6,0.1,0.6,3.9,0.4,1.4,-,6.37
6,"407Frank OnyekaBrentford, 24, DMC","Frank Onyeka Brentford, 24, DMC",12(8),1051,1.3,0.7,1.7,-,0.7,1,0.1,-,6.37
7,"408Ozan KabakNorwich, 22, D(C)","Ozan Kabak Norwich, 22, D(C)",11,925,0.9,1.5,0.9,0.3,2.3,0.4,1,-,6.36
8,"409Juan MataMan Utd, 34, AM(CLR)","Juan Mata Man Utd, 34, AM(CLR)",2(4),204,0.8,0.2,0.2,-,0.2,0.3,-,-,6.36
9,"410Robin KochLeeds, 25, D(C),DMC","Robin Koch Leeds, 25, D(C),DMC",16(3),1485,1.1,0.9,1.1,0.1,2.3,1.3,0.5,-,6.35
0,"391Billy GilmourNorwich, 20, DMC","Billy Gilmour Norwich, 20, DMC",21(3),1858,1.7,0.7,1.2,-,1.2,1.6,0.2,-,6.39
1,"392Jacob MurphyNewcastle, 27, D(R),M(LR)","Jacob Murphy Newcastle, 27, D(R),M(LR)",13(19),1376,1.4,0.7,0.5,0.1,0.5,0.4,0.1,-,6.39
2,"393Sean LongstaffNewcastle, 24, DMC","Sean Longstaff Newcastle, 24, DMC",14(9),1371,2.1,0.4,0.6,-,0.7,1.6,0.3,-,6.39
3,"394Saúl ÑíguezChelsea, 27, D(CL),M(CLR)","Saúl Ñíguez Chelsea, 27, D(CL),M(CLR)",4(5),390,1.3,0.8,0.9,-,1,0.6,0.2,-,6.39
4,"395Adam ArmstrongSouthampton, 25, AM(CLR),FW","Adam Armstrong Southampton, 25, AM(CLR),FW",16(6),1352,0.4,0.1,0.5,-,0.3,0.3,-,-,6.39
5,"396Ibrahima DialloSouthampton, 23, DMC","Ibrahima Diallo Southampton, 23, DMC",10(13),1019,1,0.4,0.3,-,0.4,0.6,-,-,6.38
6,"397Shane LongSouthampton, 35, AM(R),FW","Shane Long Southampton, 35, AM(R),FW",3(9),296,0.8,-,0.8,-,0.1,-,-,-,6.38
7,"398CJ Egan-RileyMan City, 19, Defender","CJ Egan-Riley Man City, 19, Defender",0(1),3,1,-,-,-,-,-,-,-,6.38
8,"399Tariqe Fosu-HenryBrentford, 26, M(CLR)","Tariqe Fosu-Henry Brentford, 26, M(CLR)",0(1),16,-,-,-,-,-,-,-,-,6.38
9,"400Takumi MinaminoLiverpool, 27, AM(CLR),FW","Takumi Minamino Liverpool, 27, AM(CLR),FW",1(10),179,0.3,0.1,0.4,-,0.2,0.5,-,-,6.38
0,"381Matt RitchieNewcastle, 32, D(L),M(CLR)","Matt Ritchie Newcastle, 32, D(L),M(CLR)",14(3),1334,1.3,0.7,0.8,-,1.4,1,0.1,-,6.42
1,"382Nicolas PépéArsenal, 26, AM(LR),FW","Nicolas Pépé Arsenal, 26, AM(LR),FW",5(14),670,0.4,0.4,0.4,-,0.1,0.3,0.1,-,6.42
2,"383Mathias JensenBrentford, 26, M(C)","Mathias Jensen Brentford, 26, M(C)",18(12),1544,1.1,0.7,0.6,-,0.3,1.3,0.1,-,6.42
3,"384Bernd LenoArsenal, 30, GK","Bernd Leno Arsenal, 30, GK",4,360,0.3,-,-,-,1.3,-,-,-,6.41
4,"385Edinson CavaniMan Utd, 35, AM(LR),FW","Edinson Cavani Man Utd, 35, AM(LR),FW",6(8),675,0.3,0.1,0.4,-,0.4,0.4,-,-,6.41
5,"386Romain PerraudSouthampton, 24, D(L),M(L)","Romain Perraud Southampton, 24, D(L),M(L)",18(2),1625,1.7,0.9,1.6,0.1,1.9,0.7,0.3,-,6.41
6,"387Cédric SoaresArsenal, 30, D(LR),M(R)","Cédric Soares Arsenal, 30, D(LR),M(R)",15(5),1397,1.8,0.7,0.8,0.1,1.4,0.5,0.4,-,6.41
7,"388Jack CorkBurnley, 32, DMC","Jack Cork Burnley, 32, DMC",19,1586,1.1,0.9,1.6,0.1,1.4,0.7,0.2,-,6.41
8,"389Nuno TavaresArsenal, 22, D(L)","Nuno Tavares Arsenal, 22, D(L)",12(9),1081,0.9,0.4,1,0.1,1.4,0.4,0.2,-,6.41
9,"390Leon BaileyAston Villa, 24, M(LR),FW","Leon Bailey Aston Villa, 24, M(LR),FW",7(11),757,0.9,0.1,0.7,-,0.1,0.4,0.1,-,6.4
0,"371Luka MilivojevicCrystal Palace, 31, DMC","Luka Milivojevic Crystal Palace, 31, DMC",9(6),776,1.1,0.7,1.1,-,1,0.4,0.1,1,6.43
1,"372Mohamed ElnenyArsenal, 29, DMC","Mohamed Elneny Arsenal, 29, DMC",7(6),712,1.2,1.1,0.4,-,0.8,0.3,-,-,6.43
2,"373Ezri KonsaAston Villa, 24, D(CR)","Ezri Konsa Aston Villa, 24, D(CR)",29,2482,0.9,0.5,0.6,0.2,2.8,0.1,0.8,-,6.43
3,"374Cole PalmerMan City, 20, Midfielder","Cole Palmer Man City, 20, Midfielder",1(3),122,0.5,0.3,0.3,-,-,0.5,-,-,6.43
4,"375Milot RashicaNorwich, 25, AM(CLR),FW","Milot Rashica Norwich, 25, AM(CLR),FW",24(6),2150,0.9,0.5,0.7,-,0.7,0.6,0.1,-,6.42
5,"376Phil JonesMan Utd, 30, D(CR),DMC","Phil Jones Man Utd, 30, D(CR),DMC",2(2),163,1.3,0.8,-,0.3,2,0.3,1,-,6.42
6,"377James TomkinsCrystal Palace, 33, D(CR)","James Tomkins Crystal Palace, 33, D(CR)",6(2),546,1,0.5,0.9,0.5,2.3,0.3,1,-,6.42
7,"378Boubakary SoumaréLeicester, 23, DMC","Boubakary Soumaré Leicester, 23, DMC",12(7),1102,1,0.7,0.8,-,0.9,0.5,0.1,-,6.42
8,"379Ashley WestwoodBurnley, 32, DMC","Ashley Westwood Burnley, 32, DMC",26(1),2290,0.8,1.1,1.1,-,0.6,0.8,0.3,-,6.42
9,"380Steven AlzateBrighton, 23, DMC,M(L)","Steven Alzate Brighton, 23, DMC,M(L)",5(4),407,1.1,1.1,0.7,-,0.9,0.3,0.1,-,6.42
0,"361Danny RoseWatford, 31, D(L),M(L)","Danny Rose Watford, 31, D(L),M(L)",7(1),689,2,1.8,1.3,0.3,1.1,1.8,0.6,-,6.44
1,"362Jay RodriguezBurnley, 32, AM(CLR),FW","Jay Rodriguez Burnley, 32, AM(CLR),FW",13(16),1375,0.7,0.1,1.1,0.1,0.4,0.3,-,-,6.44
2,"363Harry WinksTottenham, 26, DMC","Harry Winks Tottenham, 26, DMC",9(9),891,0.8,0.9,0.6,-,0.4,0.7,0.2,-,6.44
3,"364Daniel JamesLeeds, 24, AM(LR),FW","Daniel James Leeds, 24, AM(LR),FW",29(3),2368,0.8,0.3,0.9,-,0.3,0.4,-,-,6.44
4,"365Jóhann GudmundssonBurnley, 31, AM(CLR)","Jóhann Gudmundsson Burnley, 31, AM(CLR)",13(5),1105,0.9,0.7,0.9,-,1.1,0.8,0.1,-,6.44
5,"366Miguel AlmirónNewcastle, 28, AM(CLR),FW","Miguel Almirón Newcastle, 28, AM(CLR),FW",18(11),1632,1.6,0.6,0.6,-,0.3,1.1,-,-,6.44
6,"367Tim KrulNorwich, 34, GK","Tim Krul Norwich, 34, GK",28,2520,-,-,-,-,1,0.1,-,1,6.44
7,"368Max AaronsNorwich, 22, D(R)","Max Aarons Norwich, 22, D(R)",31(2),2792,1.9,0.8,0.8,0.4,2.1,0.5,0.5,1,6.44
8,"369Isaac HaydenNewcastle, 27, D(C),DMC","Isaac Hayden Newcastle, 27, D(C),DMC",12(2),1003,2,1,1,0.1,1.6,1.2,0.6,-,6.44
9,"370Wayne HennesseyBurnley, 35, GK","Wayne Hennessey Burnley, 35, GK",2,180,-,0.5,-,-,0.5,-,-,-,6.44
0,"351Jeremy NgakiaWatford, 21, D(R)","Jeremy Ngakia Watford, 21, D(R)",9(7),900,1.9,0.8,0.6,-,1.9,0.9,0.3,-,6.45
1,"352Patson DakaLeicester, 23, FW","Patson Daka Leicester, 23, FW",13(10),1163,0.7,0.1,0.7,-,0.3,0.7,-,-,6.45
2,"353Jamie ShackletonLeeds, 22, D(R),DMC","Jamie Shackleton Leeds, 22, D(R),DMC",7(7),709,1.9,0.6,0.9,0.1,0.7,0.9,0.5,-,6.45
3,"354Jacob SørensenNorwich, 24, D(L),DMC","Jacob Sørensen Norwich, 24, D(L),DMC",5(4),511,2.3,0.8,0.7,0.1,1.9,0.9,0.3,-,6.45
4,"355Jack ButlandCrystal Palace, 29, GK","Jack Butland Crystal Palace, 29, GK",8(1),765,-,-,-,-,0.9,-,-,-,6.45
5,"356Jakub ModerBrighton, 23, M(CL)","Jakub Moder Brighton, 23, M(CL)",19(9),1702,1.5,0.4,0.7,0.1,0.7,0.7,0.1,-,6.45
6,"357Ashley YoungAston Villa, 36, D(LR),M(LR)","Ashley Young Aston Villa, 36, D(LR),M(LR)",10(13),1239,0.8,0.6,0.7,-,1,0.2,0.2,1,6.45
7,"358Jannik VestergaardLeicester, 29, D(C)","Jannik Vestergaard Leicester, 29, D(C)",6(4),564,1.5,0.7,0.4,0.3,3.5,0.7,0.8,-,6.44
8,"359Kiko FemeníaWatford, 31, D(LR),M(R)","Kiko Femenía Watford, 31, D(LR),M(R)",25(1),2060,1.3,1.3,0.5,0.2,1.9,0.6,0.3,-,6.44
9,"360Kenny McLeanNorwich, 30, M(C)","Kenny McLean Norwich, 30, M(C)",29(2),2707,1.4,1.1,0.5,0.1,1.6,1.4,0.2,-,6.44
0,"341ZankaBrentford, 32, D(C)","Zanka Brentford, 32, D(C)",6(2),517,1.3,1.3,1.3,-,1.6,0.4,0.1,-,6.47
1,"342Tim IroegbunamAston Villa, 18, Midfielder","Tim Iroegbunam Aston Villa, 18, Midfielder",1(2),91,1.7,0.7,0.7,-,0.3,-,-,-,6.46
2,"343LyancoSouthampton, 25, D(C)","Lyanco Southampton, 25, D(C)",8(6),816,0.9,0.9,0.9,0.6,3.3,0.5,0.9,-,6.46
3,"344Finley StevensBrentford, 19, Defender","Finley Stevens Brentford, 19, Defender",0(1),14,3,-,-,-,-,-,-,-,6.46
4,"345Álvaro FernándezBrentford, 24, GK","Álvaro Fernández Brentford, 24, GK",12,1080,-,-,-,-,0.8,-,-,1,6.46
5,"346Ryan FraserNewcastle, 28, M(CLR),FW","Ryan Fraser Newcastle, 28, M(CLR),FW",18(9),1471,0.4,0.4,0.4,-,0.3,0.3,-,-,6.46
6,"347Tanguy NdombeleTottenham, 25, M(C)","Tanguy Ndombele Tottenham, 25, M(C)",6(3),486,1.1,0.1,0.3,-,0.1,0.8,-,-,6.46
7,"348Saman GhoddosBrentford, 28, AM(CLR),FW","Saman Ghoddos Brentford, 28, AM(CLR),FW",4(13),528,1,0.2,0.7,0.1,0.6,0.4,-,-,6.46
8,"349Issa DiopWest Ham, 25, D(C)","Issa Diop West Ham, 25, D(C)",10(3),962,0.8,0.5,0.4,0.2,3.2,0.5,1,-,6.46
9,"350Leander DendonckerWolves, 27, D(C),M(C)","Leander Dendoncker Wolves, 27, D(C),M(C)",20(9),1858,1.3,0.3,0.4,-,1.1,0.9,0.3,-,6.46
0,"331Luke AylingLeeds, 30, D(CR),M(R)","Luke Ayling Leeds, 30, D(CR),M(R)",26,2275,2.8,1.1,0.8,0.2,1.9,1.8,1,-,6.48
1,"332Neal MaupayBrighton, 25, AM(C),FW","Neal Maupay Brighton, 25, AM(C),FW",25(6),2231,0.5,-,1,-,-,0.5,0.1,-,6.48
2,"333Junior FirpoLeeds, 25, D(L),M(L)","Junior Firpo Leeds, 25, D(L),M(L)",18(5),1626,2.6,0.9,1.7,0.1,1.4,1.1,0.2,1,6.48
3,"334Marvelous NakambaAston Villa, 28, DMC","Marvelous Nakamba Aston Villa, 28, DMC",10(5),887,1.9,0.7,0.9,0.1,0.9,1.5,0.3,-,6.48
4,"335Patrick BamfordLeeds, 28, AM(CLR),FW","Patrick Bamford Leeds, 28, AM(CLR),FW",7(2),560,0.1,0.2,0.6,-,0.9,0.3,0.2,-,6.48
5,"336Javier ManquilloNewcastle, 28, D(LR),M(R)","Javier Manquillo Newcastle, 28, D(LR),M(R)",15(4),1267,2.1,0.5,0.5,0.3,1.4,0.8,0.3,-,6.48
6,"337Rob HoldingArsenal, 26, D(CR)","Rob Holding Arsenal, 26, D(CR)",8(6),750,0.9,0.7,0.6,0.4,2.9,0.1,1.3,-,6.48
7,"338Daniel BachmannWatford, 27, GK","Daniel Bachmann Watford, 27, GK",11,990,-,0.1,0.1,-,0.7,-,-,-,6.47
8,"339Nicolas NkoulouWatford, 32, D(C)","Nicolas Nkoulou Watford, 32, D(C)",2(1),168,0.3,0.7,0.3,0.3,2.7,-,0.3,-,6.47
9,"340Daniel AmarteyLeicester, 27, D(CR),DMC","Daniel Amartey Leicester, 27, D(CR),DMC",23(4),2112,1,0.8,0.5,0.6,3.4,0.4,0.8,-,6.47
0,"321Albert Sambi LokongaArsenal, 22, DMC","Albert Sambi Lokonga Arsenal, 22, DMC",12(6),1106,1.2,0.7,0.7,0.1,0.5,0.1,0.4,-,6.5
1,"322Pierre Lees-MelouNorwich, 28, M(CLR)","Pierre Lees-Melou Norwich, 28, M(CLR)",26(6),2202,1.8,0.8,1.1,-,0.6,2.1,0.3,-,6.5
2,"323Callum WilsonNewcastle, 30, FW","Callum Wilson Newcastle, 30, FW",15(2),1305,0.5,0.2,1.5,-,0.6,0.2,0.1,-,6.5
3,"324Yoane WissaBrentford, 25, AM(L),FW","Yoane Wissa Brentford, 25, AM(L),FW",11(18),1185,0.4,0.2,0.3,-,0.1,0.5,0.1,-,6.5
4,"325AllanEverton, 31, DMC","Allan Everton, 31, DMC",25(3),2188,2.6,0.8,1.1,-,1.3,2.5,0.3,-,6.5
5,"326Teemu PukkiNorwich, 32, AM(C),FW","Teemu Pukki Norwich, 32, AM(C),FW",36,3171,0.6,0.1,0.9,-,0.1,0.6,-,-,6.49
6,"327Edo KayembeWatford, 23, DMC","Edo Kayembe Watford, 23, DMC",8(4),719,1.6,0.7,0.3,0.1,1.1,0.5,0.1,-,6.49
7,"328Liam DelapMan City, 19, Forward","Liam Delap Man City, 19, Forward",0(1),9,-,-,1,-,-,-,-,-,6.49
8,"329Victor LindelöfMan Utd, 27, D(CR)","Victor Lindelöf Man Utd, 27, D(CR)",25(2),2265,0.6,0.8,0.6,0.4,3.4,0.2,0.6,-,6.49
9,"330Jamaal LascellesNewcastle, 28, D(C)","Jamaal Lascelles Newcastle, 28, D(C)",21(4),1965,0.6,0.9,0.6,0.5,4.6,0.3,1.1,2,6.49
0,"311Andrew OmobamideleNorwich, 19, D(C)","Andrew Omobamidele Norwich, 19, D(C)",4(1),381,1.6,1,0.6,0.4,2.6,1.2,1.6,-,6.53
1,"312Kelechi IheanachoLeicester, 25, AM(C),FW","Kelechi Iheanacho Leicester, 25, AM(C),FW",13(13),1263,0.4,0.2,0.7,-,0.4,0.4,-,-,6.52
2,"313Japhet TangangaTottenham, 23, D(CR)","Japhet Tanganga Tottenham, 23, D(CR)",10(1),740,1.3,0.8,1.7,-,2.7,0.9,0.5,-,6.52
3,"314Paul DummettNewcastle, 30, D(CL)","Paul Dummett Newcastle, 30, D(CL)",2(1),194,2.3,1,1,0.3,1.7,1,-,-,6.52
4,"315Sergi CanósBrentford, 25, M(LR)","Sergi Canós Brentford, 25, M(LR)",25(5),2077,1.9,0.7,0.9,0.1,1.2,0.9,0.1,1,6.52
5,"316Jack StephensSouthampton, 28, D(CR)","Jack Stephens Southampton, 28, D(CR)",8(2),721,1.6,1.4,0.8,0.3,3.9,1,0.7,-,6.52
6,"317Ben GodfreyEverton, 24, D(CLR)","Ben Godfrey Everton, 24, D(CLR)",23,2031,2,0.7,0.7,0.3,4,0.7,0.8,-,6.51
7,"318Stuart ArmstrongSouthampton, 30, AM(CLR)","Stuart Armstrong Southampton, 30, AM(CLR)",14(10),1380,1,0.3,0.5,-,0.5,0.5,-,-,6.51
8,"319Adam LallanaBrighton, 34, M(CLR)","Adam Lallana Brighton, 34, M(CLR)",18(6),1561,1.4,0.7,0.5,-,0.5,1.2,0.3,-,6.5
9,"320Sam ByramNorwich, 28, D(LR),M(R)","Sam Byram Norwich, 28, D(LR),M(R)",10(4),988,1.6,1.4,0.8,0.2,3.1,0.6,0.8,-,6.5
0,"301Imrân LouzaWatford, 23, M(CLR)","Imrân Louza Watford, 23, M(CLR)",17(3),1423,2.1,2.1,1.2,-,1,1.1,0.3,-,6.54
1,"302Brandon WilliamsNorwich, 21, D(L),M(L)","Brandon Williams Norwich, 21, D(L),M(L)",23(3),2123,2.1,1.7,0.9,0.2,1.7,1.1,0.2,-,6.54
2,"303Tariq LampteyBrighton, 21, D(R),M(R)","Tariq Lamptey Brighton, 21, D(R),M(R)",16(13),1542,1.2,0.7,0.9,-,0.7,0.3,0.1,-,6.53
3,"304Will HughesCrystal Palace, 27, M(CLR)","Will Hughes Crystal Palace, 27, M(CLR)",12(3),975,2,0.4,1.1,-,0.5,0.6,0.5,-,6.53
4,"305Dele AlliTottenham, 26, M(CL),FW","Dele Alli Tottenham, 26, M(CL),FW",8(2),658,1.4,0.6,1.2,-,1.4,1.2,0.5,-,6.53
5,"306Timo WernerChelsea, 26, AM(CLR),FW","Timo Werner Chelsea, 26, AM(CLR),FW",15(6),1286,0.4,0.1,0.5,-,0.2,0.9,-,-,6.53
6,"307Cucho HernándezWatford, 23, AM(LR),FW","Cucho Hernández Watford, 23, AM(LR),FW",11(13),1125,0.5,0.2,0.5,-,0.4,0.9,-,1,6.53
7,"308Daniel JamesMan Utd, 24, AM(LR),FW","Daniel James Man Utd, 24, AM(LR),FW",2,128,1,-,0.5,-,0.5,-,-,-,6.53
8,"309Kalvin PhillipsLeeds, 26, D(C),DMC","Kalvin Phillips Leeds, 26, D(C),DMC",17(2),1506,2.7,1.1,1.7,0.2,0.8,1.7,0.5,-,6.53
9,"310Nathaniel ClyneCrystal Palace, 31, D(LR),M(R)","Nathaniel Clyne Crystal Palace, 31, D(LR),M(R)",14(1),1261,1.4,0.9,0.2,0.3,1.6,0.7,0.1,-,6.53
0,"291Alphonse AreolaWest Ham, 29, GK","Alphonse Areola West Ham, 29, GK",1,90,-,-,-,-,1,-,-,-,6.56
1,"292SamirWatford, 27, D(CL)","Samir Watford, 27, D(CL)",18,1586,1.3,2.4,0.9,0.4,4.4,0.6,0.6,-,6.56
2,"293Hwang Hee-ChanWolves, 26, AM(CLR),FW","Hwang Hee-Chan Wolves, 26, AM(CLR),FW",20(9),1754,0.9,0.4,1,-,0.2,1,-,-,6.56
3,"294Eddie NketiahArsenal, 22, FW","Eddie Nketiah Arsenal, 22, FW",7(13),758,0.5,0.2,0.8,-,0.3,0.2,0.1,-,6.55
4,"295ChiquinhoWolves, 22, AM(R)","Chiquinho Wolves, 22, AM(R)",1(7),204,1.1,0.3,1.1,-,0.1,0.1,-,-,6.55
5,"296Charlie GoodeBrentford, 26, D(C)","Charlie Goode Brentford, 26, D(C)",4(2),448,1.2,0.3,0.8,0.5,1.3,-,0.3,-,6.55
6,"297Willy BolyWolves, 31, D(C)","Willy Boly Wolves, 31, D(C)",9,810,2.4,1.3,0.8,1,2.6,0.7,0.4,-,6.55
7,"298Rico HenryBrentford, 24, D(L),M(L)","Rico Henry Brentford, 24, D(L),M(L)",32(1),2721,0.8,0.7,0.6,0.2,1.7,0.7,0.3,-,6.54
8,"299Marc AlbrightonLeicester, 32, D(R),M(LR)","Marc Albrighton Leicester, 32, D(R),M(LR)",11(6),1128,1.8,0.8,0.4,-,0.8,2.2,0.2,-,6.54
9,"300Yan ValerySouthampton, 23, D(CR),M(R)","Yan Valery Southampton, 23, D(CR),M(R)",3(2),369,1.6,1.2,0.6,0.4,3.2,1,0.6,-,6.54
0,"281Vladimir CoufalWest Ham, 29, D(R),M(R)","Vladimir Coufal West Ham, 29, D(R),M(R)",24(3),2130,1.6,0.8,1.1,-,2.1,0.7,0.3,1,6.57
1,"282Eberechi EzeCrystal Palace, 23, AM(CLR)","Eberechi Eze Crystal Palace, 23, AM(CLR)",6(6),592,0.8,0.4,0.4,-,0.1,0.3,0.1,-,6.57
2,"283Oliver SkippTottenham, 21, DMC","Oliver Skipp Tottenham, 21, DMC",14(4),1349,1.8,0.7,0.9,-,0.4,0.9,0.4,-,6.57
3,"284Jonjo ShelveyNewcastle, 30, M(C)","Jonjo Shelvey Newcastle, 30, M(C)",22(2),1986,1.3,0.9,0.8,-,0.8,0.8,0.3,-,6.57
4,"285Anthony ElangaMan Utd, 20, AM(LR)","Anthony Elanga Man Utd, 20, AM(LR)",13(7),1127,1.2,0.3,0.4,-,0.3,0.7,0.1,-,6.57
5,"286Harvey ElliottLiverpool, 19, AM(CR)","Harvey Elliott Liverpool, 19, AM(CR)",4(2),346,0.5,0.7,0.3,-,0.3,1,0.2,-,6.57
6,"287Mason HolgateEverton, 25, D(CR),DMC,M(R)","Mason Holgate Everton, 25, D(CR),DMC,M(R)",22(2),2044,1.3,1.1,1,0.2,3.8,0.6,0.7,1,6.56
7,"288Angus GunnNorwich, 26, GK","Angus Gunn Norwich, 26, GK",9,810,-,-,-,-,1.4,-,-,-,6.56
8,"289Alex Oxlade ChamberlainLiverpool, 28, M(CLR)","Alex Oxlade Chamberlain Liverpool, 28, M(CLR)",9(8),787,0.9,0.4,0.6,-,0.3,0.6,0.1,-,6.56
9,"290Joe GomezLiverpool, 24, D(CLR)","Joe Gomez Liverpool, 24, D(CLR)",4(4),331,1.3,0.6,0.6,0.3,0.8,0.5,0.1,-,6.56
0,"271Diego LlorenteLeeds, 28, D(C),DMC","Diego Llorente Leeds, 28, D(C),DMC",27,2254,2,1.4,0.8,0.3,2.8,0.5,0.6,-,6.59
1,"272Armando BrojaSouthampton, 20, FW","Armando Broja Southampton, 20, FW",21(11),1981,0.4,0.1,0.9,-,0.3,0.2,-,-,6.59
2,"273Joseph WillockNewcastle, 22, M(C)","Joseph Willock Newcastle, 22, M(C)",24(5),2047,2.2,0.7,1.2,-,0.3,1.3,0.2,-,6.59
3,"274Emil KrafthNewcastle, 27, D(CR)","Emil Krafth Newcastle, 27, D(CR)",18(2),1638,1.9,1.3,1.1,0.4,2.5,0.5,0.5,-,6.59
4,"275Matthew LowtonBurnley, 32, D(LR),M(R)","Matthew Lowton Burnley, 32, D(LR),M(R)",20(5),1772,1.5,1,0.5,0.1,2.5,0.7,0.4,-,6.59
5,"276Solly MarchBrighton, 27, M(CLR)","Solly March Brighton, 27, M(CLR)",16(14),1664,1,0.6,1,-,0.8,0.5,0.1,-,6.59
6,"277RodrigoLeeds, 31, M(CLR),FW","Rodrigo Leeds, 31, M(CLR),FW",26(4),2185,0.7,0.4,0.7,-,0.9,0.9,-,-,6.58
7,"278Ismaïla SarrWatford, 24, AM(LR),FW","Ismaïla Sarr Watford, 24, AM(LR),FW",21(1),1865,0.5,0.4,0.8,-,0.4,0.6,-,-,6.58
8,"279Kortney HauseAston Villa, 26, D(CL)","Kortney Hause Aston Villa, 26, D(CL)",4(3),397,0.4,0.9,0.9,0.3,1.7,0.1,0.7,-,6.58
9,"280Francisco SierraltaWatford, 25, D(C)","Francisco Sierralta Watford, 25, D(C)",5,428,1.4,1.2,0.8,0.6,6.8,0.6,0.4,1,6.57
0,"261Mathias NormannNorwich, 25, M(C)","Mathias Normann Norwich, 25, M(C)",19(3),1563,1.5,0.9,1.6,-,1.8,1.2,0.4,-,6.61
1,"262Séamus ColemanEverton, 33, D(CR),M(R)","Séamus Coleman Everton, 33, D(CR),M(R)",30,2658,2,1,0.5,0.2,2.5,0.6,0.4,1,6.61
2,"263Illan MeslierLeeds, 22, GK","Illan Meslier Leeds, 22, GK",37,3295,-,-,-,-,1.2,-,-,-,6.61
3,"264Nathan RedmondSouthampton, 28, AM(CLR),FW","Nathan Redmond Southampton, 28, AM(CLR),FW",19(7),1751,0.8,0.3,0.5,-,0.5,0.9,0.1,-,6.6
4,"265Jordan PickfordEverton, 28, GK","Jordan Pickford Everton, 28, GK",35,3150,-,-,-,-,1,-,-,-,6.6
5,"266Divock OrigiLiverpool, 27, AM(LR),FW","Divock Origi Liverpool, 27, AM(LR),FW",0(7),127,-,0.1,0.3,-,0.3,0.3,-,-,6.6
6,"267TrincãoWolves, 22, AM(CR)","Trincão Wolves, 22, AM(CR)",16(11),1339,1,0.4,0.5,-,-,0.6,-,-,6.6
7,"268Adam MasinaWatford, 28, D(L),M(L)","Adam Masina Watford, 28, D(L),M(L)",13(1),1065,1.6,1.3,1,0.2,2.9,1.2,0.4,-,6.6
8,"269Benjamin MendyMan City, 27, D(L),DMC,M(L)","Benjamin Mendy Man City, 27, D(L),DMC,M(L)",1,79,2,-,2,-,-,4,-,-,6.6
9,"270Hamza ChoudhuryLeicester, 24, DMC","Hamza Choudhury Leicester, 24, DMC",4(2),287,1.5,2,0.7,-,1.7,0.3,-,-,6.6
0,"251Connor RobertsBurnley, 26, D(LR),M(R)","Connor Roberts Burnley, 26, D(LR),M(R)",18(2),1647,0.9,1.1,0.3,0.2,2.6,0.3,0.3,-,6.63
1,"252Emiliano MartínezAston Villa, 29, GK","Emiliano Martínez Aston Villa, 29, GK",36,3240,-,-,-,-,0.3,0.1,-,-,6.63
2,"253Alexander IwobiEverton, 26, M(CLR)","Alexander Iwobi Everton, 26, M(CLR)",21(6),1947,1.3,0.7,0.6,-,0.8,1.1,0.1,-,6.63
3,"254Mohamed ElyounoussiSouthampton, 27, AM(CLR),FW","Mohamed Elyounoussi Southampton, 27, AM(CLR),FW",22(7),1974,1.2,0.4,0.9,-,0.9,1,0.1,-,6.63
4,"255Juraj KuckaWatford, 35, M(CLR)","Juraj Kucka Watford, 35, M(CLR)",22(4),1924,2.3,1,1.8,-,1.7,1.8,0.3,1,6.63
5,"256Danny WelbeckBrighton, 31, AM(CLR),FW","Danny Welbeck Brighton, 31, AM(CLR),FW",14(10),1387,0.5,0.2,0.7,0.1,0.7,0.3,0.1,-,6.63
6,"257James MilnerLiverpool, 36, D(LR),M(CLR)","James Milner Liverpool, 36, D(LR),M(CLR)",9(14),806,1.2,0.7,0.7,-,0.8,0.7,0.2,-,6.62
7,"258Jack HarrisonLeeds, 25, AM(CLR),FW","Jack Harrison Leeds, 25, AM(CLR),FW",31(3),2562,1.6,0.6,0.8,0.1,0.5,1.3,-,-,6.62
8,"259Yerry MinaEverton, 27, D(C)","Yerry Mina Everton, 27, D(C)",11(2),847,0.9,0.8,0.4,0.2,2.8,0.2,0.7,-,6.61
9,"260Fabian DelphEverton, 32, D(L),M(CL)","Fabian Delph Everton, 32, D(L),M(CL)",8(3),666,1.6,1.3,0.7,-,0.9,1.2,0.5,-,6.61
0,"241Édouard MendyChelsea, 30, GK","Édouard Mendy Chelsea, 30, GK",33,2970,-,-,-,-,0.7,0.1,-,-,6.65
1,"242Wout WeghorstBurnley, 29, FW","Wout Weghorst Burnley, 29, FW",17(2),1412,0.9,0.3,1.6,-,0.7,0.7,0.3,-,6.65
2,"243Robert SánchezBrighton, 24, GK","Robert Sánchez Brighton, 24, GK",36,3240,0.1,-,-,-,0.6,-,-,-,6.65
3,"244David de GeaMan Utd, 31, GK","David de Gea Man Utd, 31, GK",37,3330,-,-,-,-,0.5,-,-,-,6.64
4,"245Conor CoadyWolves, 29, D(CR),DMC","Conor Coady Wolves, 29, D(CR),DMC",37,3274,0.8,0.7,0.5,0.9,3.5,0.3,0.9,-,6.64
5,"246Martin DúbravkaNewcastle, 33, GK","Martin Dúbravka Newcastle, 33, GK",25,2250,-,-,-,-,0.5,-,-,-,6.64
6,"247Raúl JiménezWolves, 31, FW","Raúl Jiménez Wolves, 31, FW",29(4),2550,0.8,0.4,1.3,-,0.8,0.7,0.1,-,6.64
7,"248Luke ShawMan Utd, 26, D(CL),M(L)","Luke Shaw Man Utd, 26, D(CL),M(L)",19(1),1603,1.1,0.5,1.6,0.2,0.9,0.5,0.6,-,6.64
8,"249Jean-Philippe MatetaCrystal Palace, 24, FW","Jean-Philippe Mateta Crystal Palace, 24, FW",13(9),1152,0.3,0.2,0.7,-,0.6,0.7,0.1,-,6.64
9,"250Nemanja MaticMan Utd, 33, DMC","Nemanja Matic Man Utd, 33, DMC",16(7),1384,1.3,1.3,1.1,0.1,0.8,0.7,0.3,-,6.63
0,"231Aaron RamsdaleArsenal, 24, GK","Aaron Ramsdale Arsenal, 24, GK",33,2970,-,-,-,-,1.1,-,-,-,6.66
1,"232Ryan SessegnonTottenham, 22, D(L),M(LR)","Ryan Sessegnon Tottenham, 22, D(L),M(LR)",12(2),964,1.8,0.5,1.4,0.1,1.6,0.7,0.1,-,6.66
2,"233Michael OliseCrystal Palace, 20, AM(CLR)","Michael Olise Crystal Palace, 20, AM(CLR)",12(14),1138,0.8,0.2,0.6,-,0.2,0.7,-,-,6.66
3,"234Jadon SanchoMan Utd, 22, AM(CLR)","Jadon Sancho Man Utd, 22, AM(CLR)",20(9),1904,0.5,0.5,0.1,-,0.2,0.5,-,-,6.66
4,"235Odsonne ÉdouardCrystal Palace, 24, AM(L),FW","Odsonne Édouard Crystal Palace, 24, AM(L),FW",17(10),1488,0.6,-,0.9,-,0.6,0.5,0.2,-,6.66
5,"236Christian BentekeCrystal Palace, 31, FW","Christian Benteke Crystal Palace, 31, FW",11(14),1136,0.1,0.1,0.6,-,1.3,0.2,0.1,-,6.66
6,"237Joachim AndersenCrystal Palace, 25, D(C)","Joachim Andersen Crystal Palace, 25, D(C)",31(2),2825,0.9,1.1,0.6,0.2,3.6,0.3,0.5,1,6.66
7,"238Harry MaguireMan Utd, 29, D(C)","Harry Maguire Man Utd, 29, D(C)",27(2),2424,1.1,1,0.6,0.4,3.4,0.4,1,1,6.65
8,"239Maxwel CornetBurnley, 25, D(L),M(LR),FW","Maxwel Cornet Burnley, 25, D(L),M(LR),FW",20(5),1688,0.6,0.4,0.8,-,0.5,0.3,0.2,-,6.65
9,"240Pablo MaríArsenal, 28, D(C)","Pablo Marí Arsenal, 28, D(C)",2,180,2.5,1.5,0.5,0.5,5,1.5,2,-,6.65
0,"221Vicente GuaitaCrystal Palace, 35, GK","Vicente Guaita Crystal Palace, 35, GK",29,2566,-,-,-,-,0.8,-,-,-,6.67
1,"222Jordan AyewCrystal Palace, 30, AM(CLR),FW","Jordan Ayew Crystal Palace, 30, AM(CLR),FW",23(8),2024,1.5,0.5,1.2,-,0.4,0.5,0.1,-,6.67
2,"223Danny IngsAston Villa, 29, AM(C),FW","Danny Ings Aston Villa, 29, AM(C),FW",22(7),1899,0.8,0.2,0.6,-,0.7,0.8,0.1,-,6.67
3,"224Manuel LanziniWest Ham, 29, M(CLR)","Manuel Lanzini West Ham, 29, M(CLR)",18(11),1708,1,0.7,0.4,-,0.3,0.8,-,-,6.67
4,"225Granit XhakaArsenal, 29, D(L),M(C)","Granit Xhaka Arsenal, 29, D(L),M(C)",26,2268,1.2,0.8,1.1,0.1,1.1,0.9,0.2,-,6.67
5,"226Ademola LookmanLeicester, 24, AM(CLR),FW","Ademola Lookman Leicester, 24, AM(CLR),FW",16(9),1446,1.3,0.4,1,-,0.1,0.7,-,-,6.67
6,"227Ross BarkleyChelsea, 28, M(CLR)","Ross Barkley Chelsea, 28, M(CLR)",1(4),151,-,0.2,0.4,-,-,0.2,-,-,6.67
7,"228Dimitris GiannoulisNorwich, 26, D(L),M(L)","Dimitris Giannoulis Norwich, 26, D(L),M(L)",13(4),1079,1.9,0.9,0.7,0.2,1.9,0.6,0.4,-,6.67
8,"229Chris WoodBurnley, 30, FW","Chris Wood Burnley, 30, FW",17,1378,0.4,-,0.8,0.1,0.2,0.4,0.2,-,6.66
9,"230Angelo OgbonnaWest Ham, 33, D(C)","Angelo Ogbonna West Ham, 33, D(C)",11,922,0.6,1,0.5,0.4,2.4,0.4,0.4,-,6.66
0,"211Leo Fuhr HjeldeLeeds, 18, D(C)","Leo Fuhr Hjelde Leeds, 18, D(C)",0(2),148,2.5,2,0.5,0.5,3.5,-,1.5,-,6.7
1,"212Ben JohnsonWest Ham, 22, D(LR),M(L)","Ben Johnson West Ham, 22, D(LR),M(L)",16(3),1392,1.7,1.2,0.5,0.1,2.6,0.4,0.4,-,6.69
2,"213Vitalii MykolenkoEverton, 22, D(CL),M(L)","Vitalii Mykolenko Everton, 22, D(CL),M(L)",12(1),1056,1.9,1.2,1,0.2,2.1,0.7,0.2,-,6.69
3,"214Adam WebsterBrighton, 27, D(C)","Adam Webster Brighton, 27, D(C)",15(6),1342,1.2,0.8,0.8,0.5,2.6,0.3,0.7,-,6.69
4,"215Joel WardCrystal Palace, 32, D(LR),DMC,M(R)","Joel Ward Crystal Palace, 32, D(LR),DMC,M(R)",26(1),2396,1.6,1.1,0.8,0.2,3.4,1,0.4,-,6.69
5,"216Kiernan Dewsbury-HallLeicester, 23, M(C)","Kiernan Dewsbury-Hall Leicester, 23, M(C)",22(5),2043,1.4,0.8,0.7,-,0.9,0.8,0.3,-,6.69
6,"217Moussa SissokoWatford, 32, M(CR)","Moussa Sissoko Watford, 32, M(CR)",35,3131,1.4,0.9,0.9,-,1.7,0.4,0.4,-,6.68
7,"218Enock MwepuBrighton, 24, M(CR)","Enock Mwepu Brighton, 24, M(CR)",12(5),986,1.3,0.7,1.1,-,0.9,1.3,0.1,-,6.68
8,"219Arthur MasuakuWest Ham, 28, D(L),M(L)","Arthur Masuaku West Ham, 28, D(L),M(L)",6(7),645,2.4,0.7,0.6,-,1.2,0.7,0.1,-,6.68
9,"220Christian PulisicChelsea, 23, M(CLR),FW","Christian Pulisic Chelsea, 23, M(CLR),FW",13(9),1286,0.5,0.2,0.7,-,0.4,0.6,-,-,6.68
0,"201Anthony GordonEverton, 21, AM(LR)","Anthony Gordon Everton, 21, AM(LR)",25(9),2262,1.6,0.6,0.7,-,0.2,1.1,0.1,-,6.71
1,"202Vitaly JaneltBrentford, 24, DMC","Vitaly Janelt Brentford, 24, DMC",26(4),2219,1.8,0.9,0.8,-,0.9,0.9,0.2,-,6.71
2,"203Craig DawsonWest Ham, 32, D(CR)","Craig Dawson West Ham, 32, D(CR)",29(4),2664,0.8,0.8,1.2,0.5,4.1,0.3,1.5,-,6.71
3,"204Andros TownsendEverton, 30, AM(LR),FW","Andros Townsend Everton, 30, AM(LR),FW",17(4),1459,1.5,0.7,0.5,-,0.2,1.2,0.1,-,6.71
4,"205Erik PietersBurnley, 33, D(L),M(L)","Erik Pieters Burnley, 33, D(L),M(L)",8(4),727,2.3,0.8,1.2,0.2,3.1,0.9,0.6,-,6.71
5,"206João MoutinhoWolves, 35, M(C)","João Moutinho Wolves, 35, M(C)",33(1),2885,2.1,1,1.1,-,0.9,2.1,0.2,-,6.71
6,"207Joshua KingWatford, 30, AM(CLR),FW","Joshua King Watford, 30, AM(CLR),FW",26(5),2179,0.5,0.2,1.4,-,0.9,0.4,0.1,-,6.7
7,"208Fraser ForsterSouthampton, 34, GK","Fraser Forster Southampton, 34, GK",19,1710,0.1,-,-,-,1.8,0.1,-,-,6.7
8,"209Alex McCarthySouthampton, 32, GK","Alex McCarthy Southampton, 32, GK",16,1440,-,-,-,-,0.8,-,-,-,6.7
9,"210Fabian SchärNewcastle, 30, D(C)","Fabian Schär Newcastle, 30, D(C)",25,2161,0.6,1.3,1,0.4,3.8,0.3,0.7,-,6.7
0,"191JonnyWolves, 28, D(CLR),M(LR)","Jonny Wolves, 28, D(CLR),M(LR)",9(3),933,1.9,0.8,0.8,0.1,0.4,0.7,0.1,-,6.73
1,"192FernandinhoMan City, 37, D(CR),DMC","Fernandinho Man City, 37, D(CR),DMC",9(9),914,1.1,0.4,0.7,0.2,0.7,1,0.1,-,6.73
2,"193Kyle WalkerMan City, 31, D(CR),M(R)","Kyle Walker Man City, 31, D(CR),M(R)",20,1756,0.8,0.7,0.4,0.4,0.8,0.5,0.2,-,6.73
3,"194EdersonMan City, 28, GK","Ederson Man City, 28, GK",36,3240,0.1,-,-,-,0.6,0.1,-,-,6.73
4,"195Pascal GroßBrighton, 30, M(CR),FW","Pascal Groß Brighton, 30, M(CR),FW",23(5),1953,0.9,0.6,0.5,-,0.8,0.8,0.3,-,6.73
5,"196Timothy CastagneLeicester, 26, D(CLR),M(LR)","Timothy Castagne Leicester, 26, D(CLR),M(LR)",21(5),2056,2.5,1.1,0.6,0.2,1.7,0.6,0.3,-,6.73
6,"197Gabriel MagalhãesArsenal, 24, D(C)","Gabriel Magalhães Arsenal, 24, D(C)",34,2978,1.4,0.4,0.7,0.6,3.2,0.3,0.8,-,6.73
7,"198Jeffrey SchluppCrystal Palace, 29, D(L),M(CLR)","Jeffrey Schlupp Crystal Palace, 29, D(L),M(CLR)",19(12),1756,1.5,0.6,0.8,-,1,0.8,0.3,-,6.72
8,"199James JustinLeicester, 24, D(CLR),M(LR)","James Justin Leicester, 24, D(CLR),M(LR)",10(2),907,1.8,1.4,0.6,0.2,2.5,0.6,0.3,-,6.72
9,"200Matt TargettAston Villa, 26, D(L),M(L)","Matt Targett Aston Villa, 26, D(L),M(L)",17,1434,2,1.4,0.9,0.2,1.3,1.2,0.5,1,6.71
0,"181Che AdamsSouthampton, 25, AM(CL),FW","Che Adams Southampton, 25, AM(CL),FW",23(6),2016,0.4,0.3,1,-,0.6,0.5,0.1,-,6.75
1,"182Luke ThomasLeicester, 20, D(L),M(L)","Luke Thomas Leicester, 20, D(L),M(L)",21(1),1912,2.3,1.8,0.7,0.2,2.1,1.6,0.6,-,6.75
2,"183Alexis Mac AllisterBrighton, 23, M(CL),FW","Alexis Mac Allister Brighton, 23, M(CL),FW",21(11),2028,2,0.4,0.9,-,0.5,1.2,0.2,-,6.74
3,"184Michael KeaneEverton, 29, D(CR)","Michael Keane Everton, 29, D(CR)",30(1),2703,1.4,2,0.5,0.3,4.1,0.5,0.8,2,6.74
4,"185Emile Smith RoweArsenal, 21, AM(CL)","Emile Smith Rowe Arsenal, 21, AM(CL)",21(12),1922,0.4,0.5,0.2,-,0.3,0.5,-,-,6.74
5,"186Pierre-Emerick AubameyangArsenal, 32, M(CLR),FW","Pierre-Emerick Aubameyang Arsenal, 32, M(CLR),FW",12(2),1040,0.8,-,1.1,-,0.3,0.5,0.1,-,6.74
6,"187Bryan MbeumoBrentford, 22, AM(LR),FW","Bryan Mbeumo Brentford, 22, AM(LR),FW",33(1),2826,0.8,0.3,0.6,-,0.4,0.4,0.1,-,6.74
7,"188Çaglar SöyüncüLeicester, 25, D(C)","Çaglar Söyüncü Leicester, 25, D(C)",28,2498,1.7,1.1,0.9,0.7,4,0.6,1,-,6.74
8,"189Lewis DunkBrighton, 30, D(C)","Lewis Dunk Brighton, 30, D(C)",28,2484,0.4,1,0.3,0.3,3.7,0.2,1,-,6.73
9,"190Valentino LivramentoSouthampton, 19, D(R)","Valentino Livramento Southampton, 19, D(R)",25(3),2203,1.9,1.7,0.4,0.1,1.7,0.6,0.3,-,6.73
0,"171Emiliano BuendíaAston Villa, 25, M(CLR)","Emiliano Buendía Aston Villa, 25, M(CLR)",21(13),1814,1.1,0.3,0.5,-,0.2,0.8,0.1,-,6.76
1,"172Grant HanleyNorwich, 30, D(C)","Grant Hanley Norwich, 30, D(C)",32,2809,1.3,1.7,0.7,0.4,5.4,0.5,1.3,-,6.76
2,"173Cheikhou KouyatéCrystal Palace, 32, D(CR),DMC","Cheikhou Kouyaté Crystal Palace, 32, D(CR),DMC",23(3),1955,2,1.5,1.1,-,1.2,0.8,0.5,-,6.76
3,"174Abdoulaye DoucouréEverton, 29, M(C)","Abdoulaye Doucouré Everton, 29, M(C)",28(1),2501,2.6,1,1.3,-,1,1.3,0.2,-,6.75
4,"175Jonny EvansLeicester, 34, D(CL)","Jonny Evans Leicester, 34, D(CL)",15(2),1260,1.4,1,0.8,0.5,3.4,0.5,0.8,-,6.75
5,"176Tyrone MingsAston Villa, 29, D(CL)","Tyrone Mings Aston Villa, 29, D(CL)",34(1),3098,0.7,1.3,0.7,0.3,4.1,0.2,0.8,-,6.75
6,"177MarçalWolves, 33, D(CL),M(L)","Marçal Wolves, 33, D(CL),M(L)",17(1),1453,2.3,1.6,1.6,0.2,2.2,0.9,0.2,-,6.75
7,"178Chris WoodNewcastle, 30, FW","Chris Wood Newcastle, 30, FW",15(1),1310,0.1,0.1,1.1,-,0.4,0.1,0.1,-,6.75
8,"179Kasper SchmeichelLeicester, 35, GK","Kasper Schmeichel Leicester, 35, GK",36,3240,-,-,-,-,0.8,0.1,-,-,6.75
9,"180Ben DaviesTottenham, 29, D(CL),M(L)","Ben Davies Tottenham, 29, D(CL),M(L)",27(1),2450,1.3,1,1.1,0.3,2.5,0.5,0.6,-,6.75
0,"161Pontus JanssonBrentford, 31, D(C)","Pontus Jansson Brentford, 31, D(C)",36,3232,1.1,1.4,0.4,0.6,4.9,0.3,0.8,-,6.77
1,"162Marc GuéhiCrystal Palace, 21, D(C)","Marc Guéhi Crystal Palace, 21, D(C)",36,3223,1,0.8,0.4,0.5,3.5,-,0.7,-,6.77
2,"163Lukasz FabianskiWest Ham, 37, GK","Lukasz Fabianski West Ham, 37, GK",36,3240,-,-,-,-,0.6,-,-,-,6.77
3,"164Kieran TierneyArsenal, 24, D(CL),M(L)","Kieran Tierney Arsenal, 24, D(CL),M(L)",22,1919,0.8,0.7,0.2,0.2,2.2,-,0.2,-,6.77
4,"165Joël VeltmanBrighton, 30, D(CR),M(R)","Joël Veltman Brighton, 30, D(CR),M(R)",32(1),2791,2.1,1.3,1.1,0.1,2.5,0.9,0.5,-,6.76
5,"166Tyrick MitchellCrystal Palace, 22, D(L)","Tyrick Mitchell Crystal Palace, 22, D(L)",34(1),3013,2.9,1.2,0.5,0.2,2.3,0.6,0.1,-,6.76
6,"167Alexandre LacazetteArsenal, 30, M(CLR),FW","Alexandre Lacazette Arsenal, 30, M(CLR),FW",20(9),1766,0.9,0.2,1,-,0.2,0.5,-,-,6.76
7,"168Aaron CresswellWest Ham, 32, D(CL),M(L)","Aaron Cresswell West Ham, 32, D(CL),M(L)",30,2638,0.9,1.1,0.4,0.1,1.9,0.4,0.6,-,6.76
8,"169Kristoffer AjerBrentford, 24, D(CR),DMC","Kristoffer Ajer Brentford, 24, D(CR),DMC",22(1),1911,1.2,1.1,0.5,0.3,3,0.3,0.5,-,6.76
9,"170Eric DierTottenham, 28, D(CR),DMC","Eric Dier Tottenham, 28, D(CR),DMC",34,2982,0.4,0.8,0.3,0.3,4.1,0.2,0.9,1,6.76
0,"151Asmir BegovicEverton, 34, GK","Asmir Begovic Everton, 34, GK",2,180,-,-,-,-,1,-,-,-,6.79
1,"152Raphaël VaraneMan Utd, 29, D(C)","Raphaël Varane Man Utd, 29, D(C)",20(2),1829,1.3,0.8,0.2,0.7,3.5,0.5,0.4,-,6.78
2,"153Stuart DallasLeeds, 31, D(LR),M(CLR)","Stuart Dallas Leeds, 31, D(LR),M(CLR)",34,2929,2.7,1.7,1,0.3,1.6,1.4,0.4,-,6.78
3,"154João PedroWatford, 20, AM(L),FW","João Pedro Watford, 20, AM(L),FW",14(13),1549,0.7,0.6,0.5,-,0.6,0.6,0.1,-,6.78
4,"155Kurt ZoumaWest Ham, 27, D(CR)","Kurt Zouma West Ham, 27, D(CR)",23,1990,0.5,1.4,0.5,0.3,5.7,0.1,1.1,1,6.78
5,"156Daniel PodenceWolves, 26, AM(CLR),FW","Daniel Podence Wolves, 26, AM(CLR),FW",15(11),1486,0.7,0.4,0.3,-,-,0.5,-,-,6.78
6,"157Benjamin WhiteArsenal, 24, D(CR),DMC","Benjamin White Arsenal, 24, D(CR),DMC",32,2880,1.4,1.3,0.6,0.6,3.2,0.5,0.8,1,6.78
7,"158Calum ChambersAston Villa, 27, D(CR),DMC","Calum Chambers Aston Villa, 27, D(CR),DMC",8(2),739,1.4,0.4,1.1,0.1,3.1,0.2,0.4,-,6.78
8,"159Callum Hudson-OdoiChelsea, 21, M(CLR)","Callum Hudson-Odoi Chelsea, 21, M(CLR)",11(4),966,0.9,0.1,0.7,-,0.3,1,-,-,6.77
9,"160Harvey BarnesLeicester, 24, AM(CL)","Harvey Barnes Leicester, 24, AM(CL)",23(8),2030,0.9,0.2,0.6,-,0.2,0.5,-,-,6.77
0,"141Jan BednarekSouthampton, 26, D(C)","Jan Bednarek Southampton, 26, D(C)",30(1),2633,1,2.3,1,0.3,4.5,0.5,0.9,1,6.81
1,"142Demarai GrayEverton, 25, AM(CLR),FW","Demarai Gray Everton, 25, AM(CLR),FW",27(6),2262,0.8,0.5,0.4,-,0.4,0.4,0.1,-,6.81
2,"143Naby KeïtaLiverpool, 27, M(C)","Naby Keïta Liverpool, 27, M(C)",13(9),1105,2,0.6,0.9,-,0.1,0.7,0.1,-,6.81
3,"144Douglas LuizAston Villa, 24, M(C)","Douglas Luiz Aston Villa, 24, M(C)",30(3),2630,1.7,1,1.1,0.1,0.7,1.5,0.2,-,6.8
4,"145Dan BurnBrighton, 30, D(CL),M(L)","Dan Burn Brighton, 30, D(CL),M(L)",12(1),1023,1.7,1.8,1.2,0.3,3.6,0.7,0.8,-,6.8
5,"146César AzpilicuetaChelsea, 32, D(CLR),M(R)","César Azpilicueta Chelsea, 32, D(CLR),M(R)",23(3),1985,1.8,0.8,0.9,0.1,2.2,0.7,0.3,-,6.8
6,"147Lucas DigneEverton, 28, D(CL),M(L)","Lucas Digne Everton, 28, D(CL),M(L)",13,1170,2.5,1.1,1.2,0.1,1.9,0.5,0.4,1,6.8
7,"148Gabriel MartinelliArsenal, 20, AM(L),FW","Gabriel Martinelli Arsenal, 20, AM(L),FW",20(8),1776,0.9,0.7,0.9,-,0.3,0.6,-,-,6.8
8,"149Hugo LlorisTottenham, 35, GK","Hugo Lloris Tottenham, 35, GK",37,3330,-,-,-,-,0.9,-,-,-,6.79
9,"150Jacob RamseyAston Villa, 20, AM(C)","Jacob Ramsey Aston Villa, 20, AM(C)",28(5),2395,2,0.7,1,-,0.8,1.2,0.2,-,6.79
0,"131David RayaBrentford, 26, GK","David Raya Brentford, 26, GK",23,2070,-,-,-,-,0.6,-,-,-,6.83
1,"132Roberto FirminoLiverpool, 30, M(CLR),FW","Roberto Firmino Liverpool, 30, M(CLR),FW",10(9),967,1.2,0.2,0.4,-,0.1,0.7,-,-,6.83
2,"133Pablo FornalsWest Ham, 26, M(CLR)","Pablo Fornals West Ham, 26, M(CLR)",31(4),2723,1.5,0.8,0.7,-,0.4,1.7,-,-,6.82
3,"134José SáWolves, 29, GK","José Sá Wolves, 29, GK",36,3240,0.1,0.1,0.1,-,1.1,0.1,-,1,6.82
4,"135Romelu LukakuChelsea, 29, AM(R),FW","Romelu Lukaku Chelsea, 29, AM(R),FW",16(10),1586,0.1,-,0.3,-,0.8,0.2,-,-,6.82
5,"136Nélson SemedoWolves, 28, D(LR),M(R)","Nélson Semedo Wolves, 28, D(LR),M(R)",25,2137,2.3,0.8,0.9,0.1,2.1,1,0.2,-,6.82
6,"137Malang SarrChelsea, 23, D(CL)","Malang Sarr Chelsea, 23, D(CL)",6(1),515,2,1.6,1.1,0.7,2.7,0.7,0.4,-,6.82
7,"138Nick PopeBurnley, 30, GK","Nick Pope Burnley, 30, GK",35,3150,-,0.1,-,-,1.3,0.1,-,-,6.82
8,"139Lucas MouraTottenham, 29, AM(CLR),FW","Lucas Moura Tottenham, 29, AM(CLR),FW",19(14),1752,0.8,0.5,0.6,-,0.5,0.8,-,-,6.81
9,"140Kai HavertzChelsea, 22, M(CR),FW","Kai Havertz Chelsea, 22, M(CR),FW",21(7),1726,0.6,0.1,1.4,-,1,0.3,-,-,6.81
0,"121Hassane KamaraWatford, 28, D(L),M(L)","Hassane Kamara Watford, 28, D(L),M(L)",17(1),1547,2.8,3.4,1.3,0.1,3.1,0.9,0.2,-,6.85
1,"122AlissonLiverpool, 29, GK","Alisson Liverpool, 29, GK",35,3150,0.1,-,-,-,1.3,0.1,-,1,6.85
2,"123Mohammed SalisuSouthampton, 23, D(CL)","Mohammed Salisu Southampton, 23, D(CL)",32(1),2882,2.4,2.3,1.1,0.7,4.5,0.8,0.8,1,6.85
3,"124JoelintonNewcastle, 25, AM(CLR),FW","Joelinton Newcastle, 25, AM(CLR),FW",29(5),2548,2.1,1,1.9,-,1.4,1,0.3,-,6.85
4,"125Davinson SánchezTottenham, 25, D(C)","Davinson Sánchez Tottenham, 25, D(C)",16(6),1536,1.8,1.3,0.7,0.3,2.3,0.4,0.7,-,6.84
5,"126Romain SaïssWolves, 32, D(C),DMC","Romain Saïss Wolves, 32, D(C),DMC",31,2709,1.3,1.9,1,0.2,4.8,0.5,0.7,-,6.84
6,"127Wesley FofanaLeicester, 21, D(C)","Wesley Fofana Leicester, 21, D(C)",6,540,1.3,1.3,1.2,0.7,3.5,0.3,0.3,-,6.84
7,"128Charlie TaylorBurnley, 28, D(L),M(L)","Charlie Taylor Burnley, 28, D(L),M(L)",29(1),2641,1.5,1.9,0.6,0.5,2.4,0.6,0.7,-,6.84
8,"129Antonio RüdigerChelsea, 29, D(CR)","Antonio Rüdiger Chelsea, 29, D(CR)",33,2970,1.4,0.8,1.1,0.4,2.5,0.4,0.3,-,6.84
9,"130Takehiro TomiyasuArsenal, 23, D(CR)","Takehiro Tomiyasu Arsenal, 23, D(CR)",20(1),1682,1.7,1.1,0.8,0.1,2.6,0.5,0.1,-,6.83
0,"111Maximilian KilmanWolves, 24, D(C)","Maximilian Kilman Wolves, 24, D(C)",30,2689,1.7,1.5,0.6,0.5,3.5,0.4,0.7,-,6.87
1,"112Jordan HendersonLiverpool, 31, D(C),M(CLR)","Jordan Henderson Liverpool, 31, D(C),M(CLR)",28(6),2514,1,0.7,0.6,0.1,0.3,0.8,-,-,6.87
2,"113Josh BrownhillBurnley, 26, M(CR)","Josh Brownhill Burnley, 26, M(CR)",31(3),2880,2.1,1.9,1.1,-,1.1,0.9,0.4,-,6.87
3,"114Ruben Loftus-CheekChelsea, 26, M(CLR)","Ruben Loftus-Cheek Chelsea, 26, M(CLR)",13(11),1388,1.2,0.5,0.8,-,0.7,0.4,0.3,-,6.87
4,"115Saïd BenrahmaWest Ham, 26, AM(CLR)","Saïd Benrahma West Ham, 26, AM(CLR)",26(6),2184,0.9,0.3,0.3,-,0.2,0.7,-,-,6.87
5,"116Martin ØdegaardArsenal, 23, AM(CR)","Martin Ødegaard Arsenal, 23, AM(CR)",31(4),2703,1.4,0.3,0.8,0.1,0.3,1.1,-,-,6.86
6,"117Kyle Walker-PetersSouthampton, 25, D(LR),M(R)","Kyle Walker-Peters Southampton, 25, D(LR),M(R)",28(3),2542,1.8,1.2,0.9,0.3,1.3,0.4,0.2,-,6.86
7,"118Rúben NevesWolves, 25, DMC","Rúben Neves Wolves, 25, DMC",30(2),2573,2.1,1.3,0.8,0.1,1.4,1.9,0.2,-,6.86
8,"119Curtis JonesLiverpool, 21, AM(C)","Curtis Jones Liverpool, 21, AM(C)",10(5),856,0.7,0.4,0.7,-,0.2,0.6,-,-,6.86
9,"120Emerson RoyalTottenham, 23, D(R),M(R)","Emerson Royal Tottenham, 23, D(R),M(R)",25(5),2218,2.3,0.7,0.9,0.1,2.6,1,0.1,-,6.86
0,"101Andreas ChristensenChelsea, 26, D(C),DMC","Andreas Christensen Chelsea, 26, D(C),DMC",17(2),1496,0.7,1.5,0.6,0.7,2.7,0.2,0.3,-,6.89
1,"102Alex TellesMan Utd, 29, D(L),M(L)","Alex Telles Man Utd, 29, D(L),M(L)",17(3),1570,2.3,1.2,1.1,0.2,2.1,0.8,0.2,-,6.89
2,"103Lucas DigneAston Villa, 28, D(CL),M(L)","Lucas Digne Aston Villa, 28, D(CL),M(L)",15,1182,0.8,1.3,1.1,0.3,2,0.5,0.4,-,6.89
3,"104Liam CooperLeeds, 30, D(C)","Liam Cooper Leeds, 30, D(C)",20,1725,2,2.1,0.9,0.2,3.5,0.5,0.9,-,6.89
4,"105Emmanuel DennisWatford, 24, M(LR),FW","Emmanuel Dennis Watford, 24, M(LR),FW",30(3),2591,1.5,0.5,1.8,-,0.4,1.1,0.1,-,6.89
5,"106Dominic Calvert-LewinEverton, 25, AM(L),FW","Dominic Calvert-Lewin Everton, 25, AM(L),FW",14(2),1196,0.6,0.2,0.8,0.1,0.7,0.3,0.1,-,6.89
6,"107Oriol RomeuSouthampton, 30, DMC","Oriol Romeu Southampton, 30, DMC",33(2),2809,2.1,1.4,1.3,0.1,1.1,1.3,0.2,-,6.88
7,"108Shane DuffyBrighton, 30, D(C)","Shane Duffy Brighton, 30, D(C)",15(3),1434,0.8,0.9,0.8,0.1,4.2,0.3,1,-,6.88
8,"109Diogo DalotMan Utd, 23, D(LR),M(R)","Diogo Dalot Man Utd, 23, D(LR),M(R)",18(5),1720,2.3,1.2,0.7,0.2,2.4,1.1,0.6,-,6.88
9,"110James McArthurCrystal Palace, 34, M(CLR)","James McArthur Crystal Palace, 34, M(CLR)",15(5),1431,1.7,1.5,1.2,-,1.3,1.4,0.5,-,6.87
0,"91Ollie WatkinsAston Villa, 26, AM(LR),FW","Ollie Watkins Aston Villa, 26, AM(LR),FW",32(2),2865,0.5,0.4,0.9,-,0.7,0.4,0.1,-,6.91
1,"92Ben MeeBurnley, 32, D(CL)","Ben Mee Burnley, 32, D(CL)",21,1840,1.2,1.1,0.4,0.5,4.4,0.3,1,1,6.91
2,"93Aaron Wan-BissakaMan Utd, 24, D(R),M(R)","Aaron Wan-Bissaka Man Utd, 24, D(R),M(R)",20,1794,2.5,1.7,0.8,0.3,1.6,0.3,0.7,-,6.91
3,"94Matthew CashAston Villa, 24, D(R),M(CLR)","Matthew Cash Aston Villa, 24, D(R),M(CLR)",37,3290,2.3,1.3,1,0.1,2.2,0.8,0.4,-,6.91
4,"95Jamie VardyLeicester, 35, AM(L),FW","Jamie Vardy Leicester, 35, AM(L),FW",19(5),1716,0.2,-,0.5,-,0.7,0.3,-,1,6.91
5,"96Scott McTominayMan Utd, 25, D(C),DMC","Scott McTominay Man Utd, 25, D(C),DMC",27(2),2303,2.1,1.1,1.8,0.1,2,1.1,0.3,-,6.9
6,"97Neco WilliamsLiverpool, 21, D(R)","Neco Williams Liverpool, 21, D(R)",0(1),7,-,-,-,-,-,-,-,-,6.9
7,"98Ricardo PereiraLeicester, 28, D(LR),M(R)","Ricardo Pereira Leicester, 28, D(LR),M(R)",13,974,2.8,1.3,0.5,0.4,2.1,1.4,0.1,-,6.9
8,"99Leandro TrossardBrighton, 27, M(CLR),FW","Leandro Trossard Brighton, 27, M(CLR),FW",32(2),2812,1,0.4,0.7,-,0.2,0.8,0.1,-,6.9
9,"100FredMan Utd, 29, M(C)","Fred Man Utd, 29, M(C)",23(4),1961,2.3,1.2,1.1,-,0.7,2,0.4,1,6.9
0,"81Adama TraoréWolves, 26, M(CLR),FW","Adama Traoré Wolves, 26, M(CLR),FW",10(10),1065,0.4,0.1,0.5,-,0.1,0.2,0.1,-,6.94
1,"82Michail AntonioWest Ham, 32, D(R),M(CLR),FW","Michail Antonio West Ham, 32, D(R),M(CLR),FW",33(2),2891,0.6,0.1,1.4,-,0.4,0.3,-,-,6.93
2,"83Aymeric LaporteMan City, 27, D(CL)","Aymeric Laporte Man City, 27, D(CL)",32,2746,1,0.6,0.4,0.7,1.9,0.2,0.3,-,6.93
3,"84Hakim ZiyechChelsea, 29, M(CLR)","Hakim Ziyech Chelsea, 29, M(CLR)",13(9),1227,0.9,0.5,1,-,0.4,1.2,-,-,6.93
4,"85Youri TielemansLeicester, 25, M(C)","Youri Tielemans Leicester, 25, M(C)",28(3),2544,2.2,0.7,1,-,1.1,1.8,0.4,-,6.92
5,"86Cristian RomeroTottenham, 24, D(C)","Cristian Romero Tottenham, 24, D(C)",21(1),1846,2.8,1.5,1.3,0.1,3.3,0.5,1,-,6.92
6,"87Marc CucurellaBrighton, 23, D(CL),M(L)","Marc Cucurella Brighton, 23, D(CL),M(L)",34,3002,2.7,0.9,0.8,0.3,1.8,0.8,0.4,-,6.92
7,"88Philippe CoutinhoAston Villa, 29, M(CLR)","Philippe Coutinho Aston Villa, 29, M(CLR)",15(3),1266,0.9,0.3,0.4,-,0.2,0.8,0.1,-,6.92
8,"89Jason SteeleBrighton, 31, GK","Jason Steele Brighton, 31, GK",1,90,-,-,-,-,1,-,-,-,6.92
9,"90Nathan AkéMan City, 27, D(CL),DMC","Nathan Aké Man City, 27, D(CL),DMC",10(4),921,1.1,0.6,0.6,0.2,1.5,0.1,0.4,-,6.92
0,"71Dwight McNeilBurnley, 22, M(LR)","Dwight McNeil Burnley, 22, M(LR)",34(3),3024,2.1,0.9,0.4,-,0.6,1.1,0.3,-,6.96
1,"72JorginhoChelsea, 30, DMC","Jorginho Chelsea, 30, DMC",26(3),2279,2.2,1.2,1,-,0.7,1.8,0.1,-,6.96
2,"73Rúben DiasMan City, 25, D(C)","Rúben Dias Man City, 25, D(C)",27(2),2404,0.9,0.8,0.9,0.9,2.2,0.2,0.4,-,6.96
3,"74Thomas ParteyArsenal, 28, D(R),M(CR)","Thomas Partey Arsenal, 28, D(R),M(CR)",23(1),2032,1.8,1,1.4,-,1.4,1.1,0.2,-,6.96
4,"75Matt TargettNewcastle, 26, D(L),M(L)","Matt Targett Newcastle, 26, D(L),M(L)",15,1350,2.5,1.5,0.5,-,2.4,0.9,0.2,-,6.95
5,"76Sergio ReguilónTottenham, 25, D(L),M(L)","Sergio Reguilón Tottenham, 25, D(L),M(L)",22(3),1923,1.6,1.2,0.9,0.2,1.6,0.8,0.3,-,6.95
6,"77Wilfred NdidiLeicester, 25, D(C),DMC","Wilfred Ndidi Leicester, 25, D(C),DMC",18(1),1619,3.2,2.2,1.6,0.1,2.7,1.7,0.4,-,6.95
7,"78Dan BurnNewcastle, 30, D(CL),M(L)","Dan Burn Newcastle, 30, D(CL),M(L)",15,1350,0.9,1.2,0.7,0.3,5.9,0.3,0.9,-,6.95
8,"79RaphinhaLeeds, 25, AM(LR),FW","Raphinha Leeds, 25, AM(LR),FW",33(1),2833,1.5,0.8,1.2,-,0.7,1.4,-,-,6.94
9,"80Nathan CollinsBurnley, 21, D(CR)","Nathan Collins Burnley, 21, D(CR)",17(1),1580,1.9,1.3,1.1,0.3,4.3,0.6,1.4,-,6.94
0,"61Paul PogbaMan Utd, 29, M(CL)","Paul Pogba Man Utd, 29, M(CL)",16(4),1355,0.7,0.7,2,0.1,0.8,1.1,-,-,7
1,"62Ibrahima KonatéLiverpool, 22, D(C)","Ibrahima Konaté Liverpool, 22, D(C)",10,900,1.3,1.5,1,1,3.5,0.3,0.9,-,6.99
2,"63N'Golo KantéChelsea, 31, DMC","N'Golo Kanté Chelsea, 31, DMC",20(5),1688,2.2,1.2,0.8,-,0.3,0.5,0.1,-,6.99
3,"64Mason GreenwoodMan Utd, 20, AM(R),FW","Mason Greenwood Man Utd, 20, AM(R),FW",16(2),1281,0.8,0.1,0.8,-,0.3,0.3,-,-,6.98
4,"65James TarkowskiBurnley, 29, D(C)","James Tarkowski Burnley, 29, D(C)",34,3017,1.8,1.4,0.8,0.2,5.3,0.4,1.8,1,6.98
5,"66Ethan PinnockBrentford, 28, D(C)","Ethan Pinnock Brentford, 28, D(C)",32,2698,1.6,1.4,0.3,0.6,4.6,0.4,0.3,-,6.97
6,"67Rayan Aït-NouriWolves, 20, D(L),M(L)","Rayan Aït-Nouri Wolves, 20, D(L),M(L)",19(3),1738,2.7,0.9,0.6,0.2,1.3,1,0.1,-,6.97
7,"68Wilfried ZahaCrystal Palace, 29, AM(LR),FW","Wilfried Zaha Crystal Palace, 29, AM(LR),FW",30(2),2671,1.2,0.2,1.1,-,0.2,0.7,-,-,6.96
8,"69Matt DohertyTottenham, 30, D(LR),M(LR)","Matt Doherty Tottenham, 30, D(LR),M(LR)",9(6),874,1.2,0.9,0.7,0.1,1.3,0.4,0.1,-,6.96
9,"70RicharlisonEverton, 25, AM(CLR),FW","Richarlison Everton, 25, AM(CLR),FW",28(2),2528,1.3,0.4,1.2,-,1.1,0.5,0.1,-,6.96
0,"51Trevoh ChalobahChelsea, 22, D(CR),DMC","Trevoh Chalobah Chelsea, 22, D(CR),DMC",17(3),1451,2,1,1,0.3,2.1,0.4,0.3,-,7.03
1,"52Konstantinos TsimikasLiverpool, 26, D(L)","Konstantinos Tsimikas Liverpool, 26, D(L)",9(4),874,2.1,0.8,1.5,0.4,1.5,0.3,0.2,-,7.03
2,"53James Ward-ProwseSouthampton, 27, M(CR)","James Ward-Prowse Southampton, 27, M(CR)",35,3127,1.2,1.1,0.6,-,1.1,1.4,0.4,-,7.03
3,"54Caoimhin KelleherLiverpool, 23, GK","Caoimhin Kelleher Liverpool, 23, GK",2,180,0.5,-,-,-,0.5,-,-,-,7.02
4,"55Oleksandr ZinchenkoMan City, 25, D(L),M(CLR)","Oleksandr Zinchenko Man City, 25, D(L),M(CLR)",10(4),1000,1.4,1,0.8,0.3,0.8,0.6,0.2,-,7.02
5,"56Kepa ArrizabalagaChelsea, 27, GK","Kepa Arrizabalaga Chelsea, 27, GK",4,360,-,-,-,-,1.5,-,-,-,7.02
6,"57Riyad MahrezMan City, 31, AM(CLR),FW","Riyad Mahrez Man City, 31, AM(CLR),FW",14(13),1437,0.4,0.2,0.4,-,0.1,0.5,-,-,7.01
7,"58Tomas SoucekWest Ham, 27, DMC","Tomas Soucek West Ham, 27, DMC",33(1),2972,1.9,1.5,1.1,-,2.8,1.1,0.4,-,7
8,"59Christian NørgaardBrentford, 28, D(C),DMC","Christian Nørgaard Brentford, 28, D(C),DMC",35,3059,3.1,1.8,1.6,0.1,1.6,1.4,0.3,-,7
9,"60FabinhoLiverpool, 28, D(CR),DMC","Fabinho Liverpool, 28, D(CR),DMC",26(3),2316,1.6,1.4,1.4,0.1,0.8,1.6,0.3,-,7
0,"41Bruno FernandesMan Utd, 27, M(CLR)","Bruno Fernandes Man Utd, 27, M(CLR)",34(1),3030,1.5,0.5,0.9,0.1,1.1,1.9,-,-,7.08
1,"42TotiWolves, 23, Defender","Toti Wolves, 23, Defender",3,270,3.3,1.7,0.3,-,4,0.7,-,-,7.08
2,"43Conor GallagherCrystal Palace, 22, AM(C)","Conor Gallagher Crystal Palace, 22, AM(C)",32(1),2761,2,0.8,1.8,-,0.7,1.4,0.2,-,7.08
3,"44Thiago SilvaChelsea, 37, D(C)","Thiago Silva Chelsea, 37, D(C)",27(4),2561,0.9,1.3,0.4,0.5,3,0.4,1,-,7.06
4,"45Bukayo SakaArsenal, 20, D(L),M(CLR)","Bukayo Saka Arsenal, 20, D(L),M(CLR)",35(2),2918,1.1,0.6,1,-,0.6,0.7,0.1,-,7.05
5,"46Dejan KulusevskiTottenham, 22, AM(CR),FW","Dejan Kulusevski Tottenham, 22, AM(CR),FW",13(4),1199,1.1,0.7,1.2,-,0.1,1.1,-,-,7.05
6,"47Bruno GuimarãesNewcastle, 24, DMC","Bruno Guimarães Newcastle, 24, DMC",10(6),944,2.5,0.6,0.8,-,0.7,1,0.3,-,7.05
7,"48Mateo KovacicChelsea, 28, M(CL)","Mateo Kovacic Chelsea, 28, M(CL)",16(9),1557,2,0.3,1,-,0.4,0.7,0.2,-,7.04
8,"49Yves BissoumaBrighton, 25, M(C)","Yves Bissouma Brighton, 25, M(C)",24(1),2071,3,2,1.2,-,1.8,0.6,0.1,-,7.04
9,"50James MaddisonLeicester, 25, AM(CLR)","James Maddison Leicester, 25, AM(CLR)",27(7),2386,1.1,0.3,0.6,-,0.2,0.9,0.1,-,7.03
0,"31Zack SteffenMan City, 27, GK","Zack Steffen Man City, 27, GK",1,90,-,-,-,-,2,-,-,-,7.16
1,"32Rodrigo BentancurTottenham, 24, M(C)","Rodrigo Bentancur Tottenham, 24, M(C)",15(1),1294,2.1,1.1,1.4,0.1,2,1,0.6,-,7.15
2,"33Pierre-Emile HøjbjergTottenham, 26, M(C)","Pierre-Emile Højbjerg Tottenham, 26, M(C)",35,3109,2.2,1.4,0.8,-,1.5,1.3,0.3,-,7.14
3,"34John StonesMan City, 27, D(CR)","John Stones Man City, 27, D(CR)",11(2),1028,0.4,0.8,0.2,0.8,1.6,0.1,0.2,-,7.13
4,"35Diogo JotaLiverpool, 25, AM(CLR),FW","Diogo Jota Liverpool, 25, AM(CLR),FW",26(8),2315,1.1,0.2,1.2,-,0.2,1.1,0.1,-,7.11
5,"36Cristiano RonaldoMan Utd, 37, M(L),FW","Cristiano Ronaldo Man Utd, 37, M(L),FW",27(3),2459,0.3,0.1,0.5,-,1,0.1,-,-,7.11
6,"37Allan Saint-MaximinNewcastle, 25, AM(CLR),FW","Allan Saint-Maximin Newcastle, 25, AM(CLR),FW",30(4),2740,0.4,0.3,0.6,-,0.1,0.4,0.1,-,7.11
7,"38Marcos AlonsoChelsea, 31, D(CL),M(L)","Marcos Alonso Chelsea, 31, D(CL),M(L)",25(3),2173,1.5,1.5,0.9,0.1,1.8,0.7,0.2,-,7.09
8,"39ThiagoLiverpool, 31, M(C)","Thiago Liverpool, 31, M(C)",16(8),1492,1.9,1,0.8,-,0.5,1.3,0.1,-,7.09
9,"40Declan RiceWest Ham, 23, D(C),DMC","Declan Rice West Ham, 23, D(C),DMC",34(1),3088,2.1,1.7,0.8,-,1.3,0.9,0.6,-,7.09
0,"21Gabriel JesusMan City, 25, AM(LR),FW","Gabriel Jesus Man City, 25, AM(LR),FW",20(7),1790,0.6,0.6,0.9,-,0.2,0.7,-,-,7.22
1,"22Ilkay GündoganMan City, 31, M(C)","Ilkay Gündogan Man City, 31, M(C)",20(6),1834,0.9,0.6,0.5,-,0.4,0.7,-,-,7.21
2,"23Andrew RobertsonLiverpool, 28, D(L),M(L)","Andrew Robertson Liverpool, 28, D(L),M(L)",28,2451,1.2,0.8,0.7,0.5,1.8,0.5,0.1,-,7.21
3,"24John McGinnAston Villa, 27, M(C)","John McGinn Aston Villa, 27, M(C)",34,3002,3.1,1,1.6,-,0.8,1.3,0.1,-,7.21
4,"25Raheem SterlingMan City, 27, M(CLR),FW","Raheem Sterling Man City, 27, M(CLR),FW",23(6),2093,0.8,0.4,0.7,-,0.1,0.4,-,-,7.21
5,"26Mason MountChelsea, 23, M(CLR)","Mason Mount Chelsea, 23, M(CLR)",26(5),2276,1.2,0.4,0.9,-,0.4,0.8,-,-,7.2
6,"27Jarrod BowenWest Ham, 25, AM(CLR),FW","Jarrod Bowen West Ham, 25, AM(CLR),FW",33(2),2903,1,0.6,0.7,-,0.2,0.8,0.1,-,7.19
7,"28Virgil van DijkLiverpool, 30, D(C)","Virgil van Dijk Liverpool, 30, D(C)",34,3060,0.5,0.9,0.3,1.3,3.1,0.1,0.4,-,7.18
8,"29Jack GrealishMan City, 26, AM(CL),FW","Jack Grealish Man City, 26, AM(CL),FW",22(4),1917,0.7,0.3,0.7,-,0.2,0.3,-,-,7.17
9,"30Moisés CaicedoBrighton, 20, M(C)","Moisés Caicedo Brighton, 20, M(C)",7,585,2.1,1.4,0.9,-,1,1,0.6,-,7.16
0,"11Harry KaneTottenham, 28, AM(C),FW","Harry Kane Tottenham, 28, AM(C),FW",35(1),3142,0.4,0.1,1.1,0.1,1.1,0.3,0.2,-,7.4
1,"12Joel MatipLiverpool, 30, D(C)","Joel Matip Liverpool, 30, D(C)",30,2700,1.4,1.4,0.4,1.5,2.9,0.3,0.5,-,7.32
2,"13Bernardo SilvaMan City, 27, M(CLR),FW","Bernardo Silva Man City, 27, M(CLR),FW",32(2),2793,1.6,0.6,0.9,-,0.4,1.1,0.1,-,7.31
3,"14Ivan ToneyBrentford, 26, FW","Ivan Toney Brentford, 26, FW",31(1),2818,1,0.4,1.5,-,1.3,0.8,0.1,-,7.3
4,"15Phil FodenMan City, 21, AM(CLR),FW","Phil Foden Man City, 21, AM(CLR),FW",23(4),2043,0.5,0.4,0.6,-,0.1,0.4,-,-,7.28
5,"16Kristoffer KlaessonLeeds, 21, Goalkeeper","Kristoffer Klaesson Leeds, 21, Goalkeeper",0(1),35,-,-,-,-,1,-,-,-,7.27
6,"17Sadio ManéLiverpool, 30, AM(CLR),FW","Sadio Mané Liverpool, 30, AM(CLR),FW",31(2),2735,0.9,0.2,1.5,0.1,0.3,0.5,-,-,7.26
7,"18Danny WardLeicester, 28, GK","Danny Ward Leicester, 28, GK",1,90,-,-,-,-,1,-,-,-,7.25
8,"19Reece JamesChelsea, 22, D(CR),DMC,M(R)","Reece James Chelsea, 22, D(CR),DMC,M(R)",21(4),1778,1.3,0.6,0.8,0.1,0.7,0.5,0.1,1,7.24
9,"20Ferran TorresMan City, 22, AM(LR),FW","Ferran Torres Man City, 22, AM(LR),FW",4,305,0.5,-,0.3,-,-,0.8,-,-,7.23
0,"1Ben ChilwellChelsea, 25, D(L),M(L)","Ben Chilwell Chelsea, 25, D(L),M(L)",6,540,1.3,0.7,1.7,0.2,2.3,0.5,-,-,7.65
1,"2Kevin De BruyneMan City, 30, M(CLR),FW","Kevin De Bruyne Man City, 30, M(CLR),FW",24(5),2115,1,0.2,0.7,-,0.5,0.9,0.1,-,7.64
2,"3Mohamed SalahLiverpool, 29, AM(CLR),FW","Mohamed Salah Liverpool, 29, AM(CLR),FW",30(4),2731,0.5,0.2,0.4,-,0.1,0.4,-,-,7.55
3,"4Trent Alexander-ArnoldLiverpool, 23, D(R),M(R)","Trent Alexander-Arnold Liverpool, 23, D(R),M(R)",31,2764,1.3,1.4,0.4,0.5,1.1,1.1,0.1,-,7.5
4,"5Kieran TrippierNewcastle, 31, D(R),M(R)","Kieran Trippier Newcastle, 31, D(R),M(R)",4(1),340,2.8,2,0.6,-,1.4,1.2,0.4,-,7.5
5,"6Son Heung-MinTottenham, 29, M(CLR),FW","Son Heung-Min Tottenham, 29, M(CLR),FW",34,2931,0.4,0.4,0.4,-,0.2,0.5,0.2,-,7.48
6,"7Luis DíazLiverpool, 25, AM(L)","Luis Díaz Liverpool, 25, AM(L)",10(2),874,0.6,0.3,1.2,-,0.2,0.5,-,-,7.45
7,"8João CanceloMan City, 27, D(LR),M(R)","João Cancelo Man City, 27, D(LR),M(R)",35,3138,2.3,1.7,1,0.3,0.9,1.2,0.1,-,7.44
8,"9Christian EriksenBrentford, 30, M(CLR)","Christian Eriksen Brentford, 30, M(CLR)",9(1),848,1.3,0.8,0.5,-,1.1,0.7,0.1,-,7.42
9,"10RodriMan City, 25, DMC","Rodri Man City, 25, DMC",32,2797,2.2,0.8,1.3,0.1,1.3,0.8,0.2,-,7.42
